2026-04-01T04:02:04 CF02 EVT DEFROST_START MODE=HOTGAS
2026-04-01T04:23:49 CF02 EVT DEFROST_END DUR=00:21:49 TEVAP_END=+8.7
2026-04-01T10:00:15 CF02 EVT DEFROST_START MODE=HOTGAS
2026-04-01T10:24:52 CF02 EVT DEFROST_END DUR=00:24:52 TEVAP_END=+8.4
2026-04-01T14:00:20 CF02 RD TMAN=-19.0 TRIP=-17.4 TPROD=-18.1 SP=-18.0 RH=88 DEFR=0 COMP=0 COMP_H=41180.3 PS_HP=OK PS_LP=OK DOOR=0
2026-04-01T14:02:18 TS01 RD TEVAP=-38.4 TAIR=-31.7 TPRODIN=+5.0 TPRODOUT=-18.7 BELT=1 COMP=1 COMP_H=58090.7 PS_HP=OK PS_LP=OK
2026-04-01T14:05:42 CF02 RD TMAN=-18.8 TRIP=-17.7 TPROD=-17.8 SP=-18.0 RH=92 DEFR=0 COMP=1 COMP_H=41180.4 PS_HP=OK PS_LP=OK DOOR=0
2026-04-01T14:07:25 TS01 RD TEVAP=-38.9 TAIR=-34.6 TPRODIN=+3.3 TPRODOUT=-19.1 BELT=1 COMP=1 COMP_H=58090.8 PS_HP=OK PS_LP=OK
2026-04-01T14:10:42 CF02 RD TMAN=-20.1 TRIP=-18.7 TPROD=-19.1 SP=-18.0 RH=86 DEFR=0 COMP=0 COMP_H=41180.4 PS_HP=OK PS_LP=OK DOOR=0
2026-04-01T14:12:54 TS01 RD TEVAP=-37.4 TAIR=-33.7 TPRODIN=+4.9 TPRODOUT=-19.4 BELT=1 COMP=1 COMP_H=58090.8 PS_HP=OK PS_LP=OK
2026-04-01T14:15:25 CF02 RD TMAN=-19.6 TRIP=-18.0 TPROD=-18.6 SP=-18.0 RH=93 DEFR=0 COMP=1 COMP_H=41180.5 PS_HP=OK PS_LP=OK DOOR=0
2026-04-01T14:17:21 TS01 RD TEVAP=-36.8 TAIR=-34.5 TPRODIN=+5.1 TPRODOUT=-19.4 BELT=1 COMP=1 COMP_H=58090.9 PS_HP=OK PS_LP=OK
2026-04-01T14:20:20 CF02 RD TMAN=-18.9 TRIP=-17.8 TPROD=-17.8 SP=-18.0 RH=93 DEFR=0 COMP=1 COMP_H=41180.5 PS_HP=OK PS_LP=OK DOOR=0
2026-04-01T14:22:35 TS01 RD TEVAP=-39.0 TAIR=-32.0 TPRODIN=+6.3 TPRODOUT=-19.2 BELT=1 COMP=1 COMP_H=58090.9 PS_HP=OK PS_LP=OK
2026-04-01T14:25:52 CF02 RD TMAN=-20.2 TRIP=-18.6 TPROD=-19.0 SP=-18.0 RH=87 DEFR=0 COMP=1 COMP_H=41180.5 PS_HP=OK PS_LP=OK DOOR=0
2026-04-01T14:27:08 TS01 RD TEVAP=-36.9 TAIR=-33.5 TPRODIN=+3.9 TPRODOUT=-18.8 BELT=1 COMP=1 COMP_H=58091.0 PS_HP=OK PS_LP=OK
2026-04-01T14:30:02 CF02 RD TMAN=-19.5 TRIP=-18.0 TPROD=-18.3 SP=-18.0 RH=90 DEFR=0 COMP=1 COMP_H=41180.6 PS_HP=OK PS_LP=OK DOOR=0
2026-04-01T14:32:18 TS01 RD TEVAP=-37.4 TAIR=-34.2 TPRODIN=+4.6 TPRODOUT=-18.8 BELT=1 COMP=1 COMP_H=58091.1 PS_HP=OK PS_LP=OK
2026-04-01T14:35:29 CF02 RD TMAN=-19.5 TRIP=-17.8 TPROD=-18.3 SP=-18.0 RH=87 DEFR=0 COMP=0 COMP_H=41180.6 PS_HP=OK PS_LP=OK DOOR=0
2026-04-01T14:37:27 TS01 RD TEVAP=-37.2 TAIR=-33.4 TPRODIN=+4.3 TPRODOUT=-18.9 BELT=1 COMP=1 COMP_H=58091.2 PS_HP=OK PS_LP=OK
2026-04-01T14:40:40 CF02 RD TMAN=-20.3 TRIP=-18.2 TPROD=-18.9 SP=-18.0 RH=86 DEFR=0 COMP=1 COMP_H=41180.7 PS_HP=OK PS_LP=OK DOOR=0
2026-04-01T14:42:28 TS01 RD TEVAP=-37.6 TAIR=-33.7 TPRODIN=+5.2 TPRODOUT=-19.3 BELT=1 COMP=1 COMP_H=58091.2 PS_HP=OK PS_LP=OK
2026-04-01T16:01:20 CF02 EVT DEFROST_START MODE=HOTGAS
2026-04-01T16:22:54 CF02 EVT DEFROST_END DUR=00:21:54 TEVAP_END=+8.2
2026-04-01T22:03:17 CF02 EVT DEFROST_START MODE=HOTGAS
2026-04-01T22:23:22 CF02 EVT DEFROST_END DUR=00:20:22 TEVAP_END=+8.3
2026-04-02T02:00:22 CF02 RD TMAN=-18.8 TRIP=-17.4 TPROD=-18.1 SP=-18.0 RH=86 DEFR=0 COMP=1 COMP_H=41180.7 PS_HP=OK PS_LP=OK DOOR=0
2026-04-02T02:02:42 TS01 RD TEVAP=-7.4 TAIR=-6.0 TPRODIN=+0.0 TPRODOUT=+0.0 BELT=0 COMP=0 COMP_H=58091.2 PS_HP=OK PS_LP=OK
2026-04-02T02:05:48 CF02 RD TMAN=-19.3 TRIP=-17.9 TPROD=-18.8 SP=-18.0 RH=85 DEFR=0 COMP=1 COMP_H=41180.8 PS_HP=OK PS_LP=OK DOOR=0
2026-04-02T02:07:07 TS01 RD TEVAP=-15.2 TAIR=-11.6 TPRODIN=+0.0 TPRODOUT=+0.0 BELT=0 COMP=0 COMP_H=58091.2 PS_HP=OK PS_LP=OK
2026-04-02T02:10:45 CF02 RD TMAN=-18.5 TRIP=-17.3 TPROD=-17.6 SP=-18.0 RH=84 DEFR=0 COMP=1 COMP_H=41180.8 PS_HP=OK PS_LP=OK DOOR=0
2026-04-02T02:12:39 TS01 RD TEVAP=-12.0 TAIR=-5.3 TPRODIN=+0.0 TPRODOUT=+0.0 BELT=0 COMP=0 COMP_H=58091.2 PS_HP=OK PS_LP=OK
2026-04-02T02:15:48 CF02 RD TMAN=-18.6 TRIP=-17.5 TPROD=-18.0 SP=-18.0 RH=92 DEFR=0 COMP=1 COMP_H=41180.9 PS_HP=OK PS_LP=OK DOOR=0
2026-04-02T02:17:44 TS01 RD TEVAP=-11.8 TAIR=-5.1 TPRODIN=+0.0 TPRODOUT=+0.0 BELT=0 COMP=0 COMP_H=58091.2 PS_HP=OK PS_LP=OK
2026-04-02T02:20:23 CF02 RD TMAN=-19.0 TRIP=-17.0 TPROD=-17.8 SP=-18.0 RH=89 DEFR=0 COMP=1 COMP_H=41180.9 PS_HP=OK PS_LP=OK DOOR=0
2026-04-02T02:22:19 TS01 RD TEVAP=-6.8 TAIR=-3.9 TPRODIN=+0.0 TPRODOUT=+0.0 BELT=0 COMP=0 COMP_H=58091.2 PS_HP=OK PS_LP=OK
2026-04-02T02:25:41 CF02 RD TMAN=-18.8 TRIP=-17.0 TPROD=-17.9 SP=-18.0 RH=91 DEFR=0 COMP=1 COMP_H=41181.0 PS_HP=OK PS_LP=OK DOOR=0
2026-04-02T02:27:38 TS01 RD TEVAP=-12.6 TAIR=-6.7 TPRODIN=+0.0 TPRODOUT=+0.0 BELT=0 COMP=0 COMP_H=58091.2 PS_HP=OK PS_LP=OK
2026-04-02T02:30:20 CF02 RD TMAN=-19.1 TRIP=-17.1 TPROD=-17.7 SP=-18.0 RH=87 DEFR=0 COMP=1 COMP_H=41181.0 PS_HP=OK PS_LP=OK DOOR=0
2026-04-02T02:32:47 TS01 RD TEVAP=-10.3 TAIR=-9.1 TPRODIN=+0.0 TPRODOUT=+0.0 BELT=0 COMP=0 COMP_H=58091.2 PS_HP=OK PS_LP=OK
2026-04-02T02:35:17 CF02 RD TMAN=-18.5 TRIP=-17.0 TPROD=-17.7 SP=-18.0 RH=89 DEFR=0 COMP=1 COMP_H=41181.1 PS_HP=OK PS_LP=OK DOOR=0
2026-04-02T02:37:29 TS01 RD TEVAP=-14.3 TAIR=-8.9 TPRODIN=+0.0 TPRODOUT=+0.0 BELT=0 COMP=0 COMP_H=58091.2 PS_HP=OK PS_LP=OK
2026-04-02T02:40:42 CF02 RD TMAN=-19.2 TRIP=-17.2 TPROD=-17.8 SP=-18.0 RH=91 DEFR=0 COMP=1 COMP_H=41181.1 PS_HP=OK PS_LP=OK DOOR=0
2026-04-02T02:42:04 TS01 RD TEVAP=-14.8 TAIR=-11.8 TPRODIN=+0.0 TPRODOUT=+0.0 BELT=0 COMP=0 COMP_H=58091.2 PS_HP=OK PS_LP=OK
2026-04-02T04:03:33 CF02 EVT DEFROST_START MODE=HOTGAS
2026-04-02T04:29:55 CF02 EVT DEFROST_END DUR=00:26:55 TEVAP_END=+8.4
2026-04-02T10:06:36 CF02 EVT DEFROST_START MODE=HOTGAS
2026-04-02T10:33:00 CF02 EVT DEFROST_END DUR=00:26:00 TEVAP_END=+8.8
2026-04-02T16:09:20 CF02 EVT DEFROST_START MODE=HOTGAS
2026-04-02T16:34:31 CF02 EVT DEFROST_END DUR=00:25:31 TEVAP_END=+8.0
2026-04-02T22:03:53 CF02 EVT DEFROST_START MODE=HOTGAS
2026-04-02T22:25:06 CF02 EVT DEFROST_END DUR=00:21:06 TEVAP_END=+8.6
2026-04-03T04:00:44 CF02 EVT DEFROST_START MODE=HOTGAS
2026-04-03T04:27:23 CF02 EVT DEFROST_END DUR=00:26:23 TEVAP_END=+8.5
2026-04-03T10:03:35 CF02 EVT DEFROST_START MODE=HOTGAS
2026-04-03T10:28:09 CF02 EVT DEFROST_END DUR=00:24:09 TEVAP_END=+8.6
2026-04-03T14:00:15 CF02 RD TMAN=-19.6 TRIP=-17.8 TPROD=-18.3 SP=-18.0 RH=91 DEFR=0 COMP=1 COMP_H=41181.1 PS_HP=OK PS_LP=OK DOOR=0
2026-04-03T14:02:13 TS01 RD TEVAP=-37.4 TAIR=-33.3 TPRODIN=+2.9 TPRODOUT=-20.0 BELT=1 COMP=1 COMP_H=58091.3 PS_HP=OK PS_LP=OK
2026-04-03T14:05:37 CF02 RD TMAN=-19.3 TRIP=-18.0 TPROD=-18.5 SP=-18.0 RH=85 DEFR=0 COMP=1 COMP_H=41181.2 PS_HP=OK PS_LP=OK DOOR=0
2026-04-03T14:07:47 TS01 RD TEVAP=-38.9 TAIR=-34.4 TPRODIN=+3.1 TPRODOUT=-20.0 BELT=1 COMP=1 COMP_H=58091.3 PS_HP=OK PS_LP=OK
2026-04-03T14:10:12 CF02 RD TMAN=-19.6 TRIP=-17.8 TPROD=-18.2 SP=-18.0 RH=90 DEFR=0 COMP=1 COMP_H=41181.2 PS_HP=OK PS_LP=OK DOOR=0
2026-04-03T14:12:16 TS01 RD TEVAP=-38.4 TAIR=-33.3 TPRODIN=+3.5 TPRODOUT=-19.2 BELT=1 COMP=1 COMP_H=58091.4 PS_HP=OK PS_LP=OK
2026-04-03T14:15:21 CF02 RD TMAN=-19.9 TRIP=-18.1 TPROD=-18.4 SP=-18.0 RH=90 DEFR=0 COMP=0 COMP_H=41181.3 PS_HP=OK PS_LP=OK DOOR=0
2026-04-03T14:17:09 TS01 RD TEVAP=-38.6 TAIR=-32.1 TPRODIN=+5.8 TPRODOUT=-20.3 BELT=1 COMP=1 COMP_H=58091.5 PS_HP=OK PS_LP=OK
2026-04-03T14:20:44 CF02 RD TMAN=-19.8 TRIP=-18.3 TPROD=-18.9 SP=-18.0 RH=92 DEFR=0 COMP=1 COMP_H=41181.3 PS_HP=OK PS_LP=OK DOOR=0
2026-04-03T14:22:45 TS01 RD TEVAP=-37.1 TAIR=-32.6 TPRODIN=+3.6 TPRODOUT=-19.5 BELT=1 COMP=1 COMP_H=58091.5 PS_HP=OK PS_LP=OK
2026-04-03T14:25:49 CF02 RD TMAN=-18.6 TRIP=-17.7 TPROD=-17.9 SP=-18.0 RH=93 DEFR=0 COMP=1 COMP_H=41181.4 PS_HP=OK PS_LP=OK DOOR=0
2026-04-03T14:27:48 TS01 RD TEVAP=-37.2 TAIR=-33.8 TPRODIN=+6.3 TPRODOUT=-19.4 BELT=1 COMP=1 COMP_H=58091.6 PS_HP=OK PS_LP=OK
2026-04-03T14:30:48 CF02 RD TMAN=-19.0 TRIP=-17.4 TPROD=-18.2 SP=-18.0 RH=93 DEFR=0 COMP=1 COMP_H=41181.4 PS_HP=OK PS_LP=OK DOOR=0
2026-04-03T14:32:21 TS01 RD TEVAP=-37.7 TAIR=-33.8 TPRODIN=+4.8 TPRODOUT=-18.8 BELT=1 COMP=1 COMP_H=58091.7 PS_HP=OK PS_LP=OK
2026-04-03T14:35:25 CF02 RD TMAN=-18.9 TRIP=-17.6 TPROD=-18.2 SP=-18.0 RH=85 DEFR=0 COMP=1 COMP_H=41181.4 PS_HP=OK PS_LP=OK DOOR=0
2026-04-03T14:37:13 TS01 RD TEVAP=-37.7 TAIR=-34.1 TPRODIN=+3.4 TPRODOUT=-19.4 BELT=1 COMP=1 COMP_H=58091.7 PS_HP=OK PS_LP=OK
2026-04-03T14:40:06 CF02 RD TMAN=-19.5 TRIP=-17.4 TPROD=-18.2 SP=-18.0 RH=93 DEFR=0 COMP=1 COMP_H=41181.5 PS_HP=OK PS_LP=OK DOOR=0
2026-04-03T14:42:55 TS01 RD TEVAP=-37.2 TAIR=-31.9 TPRODIN=+4.8 TPRODOUT=-19.4 BELT=1 COMP=1 COMP_H=58091.8 PS_HP=OK PS_LP=OK
2026-04-03T16:01:53 CF02 EVT DEFROST_START MODE=HOTGAS
2026-04-03T16:28:00 CF02 EVT DEFROST_END DUR=00:26:00 TEVAP_END=+8.3
2026-04-03T22:05:14 CF02 EVT DEFROST_START MODE=HOTGAS
2026-04-03T22:24:20 CF02 EVT DEFROST_END DUR=00:19:20 TEVAP_END=+8.7
2026-04-04T02:00:41 CF02 RD TMAN=-19.9 TRIP=-18.1 TPROD=-19.1 SP=-18.0 RH=90 DEFR=0 COMP=1 COMP_H=41181.6 PS_HP=OK PS_LP=OK DOOR=0
2026-04-04T02:02:09 TS01 RD TEVAP=-6.9 TAIR=-5.2 TPRODIN=+0.0 TPRODOUT=+0.0 BELT=0 COMP=0 COMP_H=58091.8 PS_HP=OK PS_LP=OK
2026-04-04T02:05:43 CF02 RD TMAN=-18.6 TRIP=-17.1 TPROD=-17.8 SP=-18.0 RH=89 DEFR=0 COMP=1 COMP_H=41181.6 PS_HP=OK PS_LP=OK DOOR=0
2026-04-04T02:07:36 TS01 RD TEVAP=-13.6 TAIR=-5.9 TPRODIN=+0.0 TPRODOUT=+0.0 BELT=0 COMP=0 COMP_H=58091.8 PS_HP=OK PS_LP=OK
2026-04-04T02:10:13 CF02 RD TMAN=-19.5 TRIP=-18.2 TPROD=-18.9 SP=-18.0 RH=88 DEFR=0 COMP=0 COMP_H=41181.6 PS_HP=OK PS_LP=OK DOOR=0
2026-04-04T02:12:39 TS01 RD TEVAP=-7.8 TAIR=-10.4 TPRODIN=+0.0 TPRODOUT=+0.0 BELT=0 COMP=0 COMP_H=58091.8 PS_HP=OK PS_LP=OK
2026-04-04T02:15:39 CF02 RD TMAN=-18.6 TRIP=-17.1 TPROD=-17.6 SP=-18.0 RH=87 DEFR=0 COMP=0 COMP_H=41181.7 PS_HP=OK PS_LP=OK DOOR=0
2026-04-04T02:17:19 TS01 RD TEVAP=-8.4 TAIR=-10.7 TPRODIN=+0.0 TPRODOUT=+0.0 BELT=0 COMP=0 COMP_H=58091.8 PS_HP=OK PS_LP=OK
2026-04-04T02:20:09 CF02 RD TMAN=-19.5 TRIP=-17.6 TPROD=-18.3 SP=-18.0 RH=86 DEFR=0 COMP=1 COMP_H=41181.7 PS_HP=OK PS_LP=OK DOOR=0
2026-04-04T02:22:26 TS01 RD TEVAP=-6.8 TAIR=-6.4 TPRODIN=+0.0 TPRODOUT=+0.0 BELT=0 COMP=0 COMP_H=58091.8 PS_HP=OK PS_LP=OK
2026-04-04T02:25:24 CF02 RD TMAN=-19.4 TRIP=-18.4 TPROD=-18.9 SP=-18.0 RH=92 DEFR=0 COMP=1 COMP_H=41181.8 PS_HP=OK PS_LP=OK DOOR=0
2026-04-04T02:27:45 TS01 RD TEVAP=-7.9 TAIR=-10.4 TPRODIN=+0.0 TPRODOUT=+0.0 BELT=0 COMP=0 COMP_H=58091.8 PS_HP=OK PS_LP=WARN
2026-04-04T02:30:42 CF02 RD TMAN=-19.0 TRIP=-17.2 TPROD=-17.8 SP=-18.0 RH=88 DEFR=0 COMP=1 COMP_H=41181.8 PS_HP=OK PS_LP=OK DOOR=0
2026-04-04T02:32:28 TS01 RD TEVAP=-15.0 TAIR=-6.5 TPRODIN=+0.0 TPRODOUT=+0.0 BELT=0 COMP=0 COMP_H=58091.8 PS_HP=OK PS_LP=OK
2026-04-04T02:35:49 CF02 RD TMAN=-19.5 TRIP=-18.4 TPROD=-18.5 SP=-18.0 RH=88 DEFR=0 COMP=1 COMP_H=41181.8 PS_HP=OK PS_LP=OK DOOR=0
2026-04-04T02:37:43 TS01 RD TEVAP=-14.8 TAIR=-5.5 TPRODIN=+0.0 TPRODOUT=+0.0 BELT=0 COMP=0 COMP_H=58091.8 PS_HP=OK PS_LP=OK
2026-04-04T02:40:33 CF02 RD TMAN=-20.1 TRIP=-17.9 TPROD=-18.9 SP=-18.0 RH=88 DEFR=0 COMP=1 COMP_H=41181.9 PS_HP=OK PS_LP=OK DOOR=0
2026-04-04T02:42:30 TS01 RD TEVAP=-11.1 TAIR=-10.3 TPRODIN=+0.0 TPRODOUT=+0.0 BELT=0 COMP=0 COMP_H=58091.8 PS_HP=OK PS_LP=OK
2026-04-04T04:04:35 CF02 EVT DEFROST_START MODE=HOTGAS
2026-04-04T04:24:04 CF02 EVT DEFROST_END DUR=00:19:04 TEVAP_END=+8.5
2026-04-04T10:08:07 CF02 EVT DEFROST_START MODE=HOTGAS
2026-04-04T10:27:56 CF02 EVT DEFROST_END DUR=00:19:56 TEVAP_END=+8.0
2026-04-04T16:07:29 CF02 EVT DEFROST_START MODE=HOTGAS
2026-04-04T16:34:47 CF02 EVT DEFROST_END DUR=00:27:47 TEVAP_END=+8.4
2026-04-04T22:07:33 CF02 EVT DEFROST_START MODE=HOTGAS
2026-04-04T22:29:22 CF02 EVT DEFROST_END DUR=00:21:22 TEVAP_END=+8.8
2026-04-05T04:09:46 CF02 EVT DEFROST_START MODE=HOTGAS
2026-04-05T04:29:07 CF02 EVT DEFROST_END DUR=00:19:07 TEVAP_END=+8.3
2026-04-05T10:02:13 CF02 EVT DEFROST_START MODE=HOTGAS
2026-04-05T10:29:49 CF02 EVT DEFROST_END DUR=00:27:49 TEVAP_END=+8.2
2026-04-05T14:00:18 CF02 RD TMAN=-19.8 TRIP=-18.4 TPROD=-18.9 SP=-18.0 RH=87 DEFR=0 COMP=1 COMP_H=41182.0 PS_HP=OK PS_LP=OK DOOR=0
2026-04-05T14:02:35 TS01 RD TEVAP=-15.4 TAIR=-10.8 TPRODIN=+0.0 TPRODOUT=+0.0 BELT=0 COMP=0 COMP_H=58091.8 PS_HP=OK PS_LP=OK
2026-04-05T14:05:33 CF02 RD TMAN=-20.2 TRIP=-18.4 TPROD=-18.9 SP=-18.0 RH=85 DEFR=0 COMP=0 COMP_H=41182.0 PS_HP=OK PS_LP=OK DOOR=0
2026-04-05T14:07:08 TS01 RD TEVAP=-10.6 TAIR=-8.5 TPRODIN=+0.0 TPRODOUT=+0.0 BELT=0 COMP=0 COMP_H=58091.8 PS_HP=OK PS_LP=OK
2026-04-05T14:10:51 CF02 RD TMAN=-18.9 TRIP=-17.4 TPROD=-17.9 SP=-18.0 RH=92 DEFR=0 COMP=1 COMP_H=41182.0 PS_HP=OK PS_LP=OK DOOR=0
2026-04-05T14:12:55 TS01 RD TEVAP=-8.2 TAIR=-10.4 TPRODIN=+0.0 TPRODOUT=+0.0 BELT=0 COMP=0 COMP_H=58091.8 PS_HP=OK PS_LP=OK
2026-04-05T14:15:12 CF02 RD TMAN=-19.5 TRIP=-17.6 TPROD=-18.2 SP=-18.0 RH=92 DEFR=0 COMP=0 COMP_H=41182.1 PS_HP=OK PS_LP=OK DOOR=0
2026-04-05T14:17:06 TS01 RD TEVAP=-14.2 TAIR=-8.8 TPRODIN=+0.0 TPRODOUT=+0.0 BELT=0 COMP=0 COMP_H=58091.8 PS_HP=OK PS_LP=OK
2026-04-05T14:20:08 CF02 RD TMAN=-18.9 TRIP=-17.6 TPROD=-18.2 SP=-18.0 RH=87 DEFR=0 COMP=0 COMP_H=41182.1 PS_HP=OK PS_LP=OK DOOR=0
2026-04-05T14:22:33 TS01 RD TEVAP=-11.2 TAIR=-4.2 TPRODIN=+0.0 TPRODOUT=+0.0 BELT=0 COMP=0 COMP_H=58091.8 PS_HP=OK PS_LP=OK
2026-04-05T14:25:55 CF02 RD TMAN=-18.8 TRIP=-17.4 TPROD=-17.9 SP=-18.0 RH=86 DEFR=0 COMP=0 COMP_H=41182.2 PS_HP=OK PS_LP=OK DOOR=0
2026-04-05T14:27:43 TS01 RD TEVAP=-12.9 TAIR=-5.0 TPRODIN=+0.0 TPRODOUT=+0.0 BELT=0 COMP=0 COMP_H=58091.8 PS_HP=OK PS_LP=OK
2026-04-05T14:30:47 CF02 RD TMAN=-18.8 TRIP=-17.8 TPROD=-18.3 SP=-18.0 RH=88 DEFR=0 COMP=1 COMP_H=41182.2 PS_HP=OK PS_LP=OK DOOR=0
2026-04-05T14:32:02 TS01 RD TEVAP=-9.4 TAIR=-4.0 TPRODIN=+0.0 TPRODOUT=+0.0 BELT=0 COMP=0 COMP_H=58091.8 PS_HP=OK PS_LP=OK
2026-04-05T14:35:14 CF02 RD TMAN=-19.9 TRIP=-18.1 TPROD=-18.7 SP=-18.0 RH=88 DEFR=0 COMP=1 COMP_H=41182.3 PS_HP=OK PS_LP=OK DOOR=0
2026-04-05T14:37:28 TS01 RD TEVAP=-10.9 TAIR=-7.2 TPRODIN=+0.0 TPRODOUT=+0.0 BELT=0 COMP=0 COMP_H=58091.8 PS_HP=OK PS_LP=OK
2026-04-05T14:40:41 CF02 RD TMAN=-19.5 TRIP=-17.6 TPROD=-18.7 SP=-18.0 RH=86 DEFR=0 COMP=1 COMP_H=41182.3 PS_HP=OK PS_LP=OK DOOR=0
2026-04-05T14:42:22 TS01 RD TEVAP=-12.5 TAIR=-9.1 TPRODIN=+0.0 TPRODOUT=+0.0 BELT=0 COMP=0 COMP_H=58091.8 PS_HP=OK PS_LP=OK
2026-04-05T16:08:11 CF02 EVT DEFROST_START MODE=HOTGAS
2026-04-05T16:30:45 CF02 EVT DEFROST_END DUR=00:22:45 TEVAP_END=+8.1
2026-04-05T22:09:35 CF02 EVT DEFROST_START MODE=HOTGAS
2026-04-05T22:31:27 CF02 EVT DEFROST_END DUR=00:21:27 TEVAP_END=+8.2
2026-04-06T02:00:32 CF02 RD TMAN=-20.4 TRIP=-18.6 TPROD=-19.1 SP=-18.0 RH=91 DEFR=0 COMP=0 COMP_H=41182.4 PS_HP=OK PS_LP=OK DOOR=0
2026-04-06T02:02:48 TS01 RD TEVAP=-14.0 TAIR=-5.1 TPRODIN=+0.0 TPRODOUT=+0.0 BELT=0 COMP=0 COMP_H=58091.8 PS_HP=OK PS_LP=OK
2026-04-06T02:05:00 CF02 RD TMAN=-19.9 TRIP=-18.1 TPROD=-18.7 SP=-18.0 RH=89 DEFR=0 COMP=1 COMP_H=41182.4 PS_HP=OK PS_LP=OK DOOR=0
2026-04-06T02:07:16 TS01 RD TEVAP=-10.9 TAIR=-4.8 TPRODIN=+0.0 TPRODOUT=+0.0 BELT=0 COMP=0 COMP_H=58091.8 PS_HP=OK PS_LP=WARN
2026-04-06T02:10:01 CF02 RD TMAN=-19.4 TRIP=-18.1 TPROD=-18.6 SP=-18.0 RH=86 DEFR=0 COMP=1 COMP_H=41182.5 PS_HP=OK PS_LP=OK DOOR=0
2026-04-06T02:12:42 TS01 RD TEVAP=-13.3 TAIR=-5.5 TPRODIN=+0.0 TPRODOUT=+0.0 BELT=0 COMP=0 COMP_H=58091.8 PS_HP=OK PS_LP=OK
2026-04-06T02:15:20 CF02 RD TMAN=-19.5 TRIP=-17.7 TPROD=-18.3 SP=-18.0 RH=86 DEFR=0 COMP=1 COMP_H=41182.5 PS_HP=OK PS_LP=OK DOOR=0
2026-04-06T02:17:37 TS01 RD TEVAP=-9.9 TAIR=-7.7 TPRODIN=+0.0 TPRODOUT=+0.0 BELT=0 COMP=0 COMP_H=58091.8 PS_HP=OK PS_LP=OK
2026-04-06T02:20:27 CF02 RD TMAN=-19.6 TRIP=-18.2 TPROD=-18.9 SP=-18.0 RH=93 DEFR=0 COMP=1 COMP_H=41182.5 PS_HP=OK PS_LP=OK DOOR=0
2026-04-06T02:22:02 TS01 RD TEVAP=-12.4 TAIR=-11.1 TPRODIN=+0.0 TPRODOUT=+0.0 BELT=0 COMP=0 COMP_H=58091.8 PS_HP=OK PS_LP=OK
2026-04-06T02:25:37 CF02 RD TMAN=-19.3 TRIP=-18.3 TPROD=-18.4 SP=-18.0 RH=86 DEFR=0 COMP=1 COMP_H=41182.6 PS_HP=OK PS_LP=OK DOOR=0
2026-04-06T02:27:31 TS01 RD TEVAP=-12.0 TAIR=-3.4 TPRODIN=+0.0 TPRODOUT=+0.0 BELT=0 COMP=0 COMP_H=58091.8 PS_HP=OK PS_LP=OK
2026-04-06T02:30:05 CF02 RD TMAN=-19.0 TRIP=-17.0 TPROD=-17.7 SP=-18.0 RH=92 DEFR=0 COMP=0 COMP_H=41182.6 PS_HP=OK PS_LP=OK DOOR=0
2026-04-06T02:32:45 TS01 RD TEVAP=-6.4 TAIR=-10.4 TPRODIN=+0.0 TPRODOUT=+0.0 BELT=0 COMP=0 COMP_H=58091.8 PS_HP=OK PS_LP=OK
2026-04-06T02:35:17 CF02 RD TMAN=-19.1 TRIP=-17.5 TPROD=-18.5 SP=-18.0 RH=93 DEFR=0 COMP=1 COMP_H=41182.7 PS_HP=OK PS_LP=OK DOOR=0
2026-04-06T02:37:25 TS01 RD TEVAP=-9.2 TAIR=-11.7 TPRODIN=+0.0 TPRODOUT=+0.0 BELT=0 COMP=0 COMP_H=58091.8 PS_HP=OK PS_LP=OK
2026-04-06T02:40:15 CF02 RD TMAN=-18.8 TRIP=-17.2 TPROD=-18.2 SP=-18.0 RH=92 DEFR=0 COMP=1 COMP_H=41182.7 PS_HP=OK PS_LP=OK DOOR=0
2026-04-06T02:42:08 TS01 RD TEVAP=-8.4 TAIR=-5.4 TPRODIN=+0.0 TPRODOUT=+0.0 BELT=0 COMP=0 COMP_H=58091.8 PS_HP=OK PS_LP=OK
2026-04-06T04:04:07 CF02 EVT DEFROST_START MODE=HOTGAS
2026-04-06T04:25:26 CF02 EVT DEFROST_END DUR=00:21:26 TEVAP_END=+8.9
2026-04-06T10:05:15 CF02 EVT DEFROST_START MODE=HOTGAS
2026-04-06T10:30:55 CF02 EVT DEFROST_END DUR=00:25:55 TEVAP_END=+8.8
2026-04-06T16:03:08 CF02 EVT DEFROST_START MODE=HOTGAS
2026-04-06T16:27:33 CF02 EVT DEFROST_END DUR=00:24:33 TEVAP_END=+8.8
2026-04-06T22:00:21 CF02 EVT DEFROST_START MODE=HOTGAS
2026-04-06T22:18:23 CF02 EVT DEFROST_END DUR=00:18:23 TEVAP_END=+8.4
2026-04-07T04:08:15 CF02 EVT DEFROST_START MODE=HOTGAS
2026-04-07T04:31:16 CF02 EVT DEFROST_END DUR=00:23:16 TEVAP_END=+8.4
2026-04-07T10:08:32 CF02 EVT DEFROST_START MODE=HOTGAS
2026-04-07T10:34:04 CF02 EVT DEFROST_END DUR=00:25:04 TEVAP_END=+8.7
2026-04-07T14:00:33 CF02 RD TMAN=-19.6 TRIP=-18.2 TPROD=-18.7 SP=-18.0 RH=84 DEFR=0 COMP=0 COMP_H=41182.8 PS_HP=OK PS_LP=OK DOOR=0
2026-04-07T14:02:06 TS01 RD TEVAP=-38.6 TAIR=-33.4 TPRODIN=+4.9 TPRODOUT=-19.5 BELT=1 COMP=1 COMP_H=58091.9 PS_HP=OK PS_LP=OK
2026-04-07T14:05:33 CF02 RD TMAN=-19.3 TRIP=-17.9 TPROD=-18.2 SP=-18.0 RH=87 DEFR=0 COMP=1 COMP_H=41182.8 PS_HP=OK PS_LP=OK DOOR=0
2026-04-07T14:07:40 TS01 RD TEVAP=-38.3 TAIR=-31.6 TPRODIN=+3.4 TPRODOUT=-18.8 BELT=1 COMP=1 COMP_H=58091.9 PS_HP=OK PS_LP=OK
2026-04-07T14:10:34 CF02 RD TMAN=-18.5 TRIP=-17.0 TPROD=-17.9 SP=-18.0 RH=84 DEFR=0 COMP=1 COMP_H=41182.9 PS_HP=OK PS_LP=OK DOOR=0
2026-04-07T14:12:45 TS01 RD TEVAP=-38.9 TAIR=-32.5 TPRODIN=+2.9 TPRODOUT=-18.9 BELT=1 COMP=1 COMP_H=58092.0 PS_HP=OK PS_LP=OK
2026-04-07T14:15:39 CF02 RD TMAN=-19.3 TRIP=-18.0 TPROD=-18.5 SP=-18.0 RH=88 DEFR=0 COMP=1 COMP_H=41182.9 PS_HP=OK PS_LP=OK DOOR=0
2026-04-07T14:17:05 TS01 RD TEVAP=-39.3 TAIR=-33.7 TPRODIN=+5.6 TPRODOUT=-20.0 BELT=1 COMP=1 COMP_H=58092.1 PS_HP=OK PS_LP=OK
2026-04-07T14:20:10 CF02 RD TMAN=-20.0 TRIP=-17.9 TPROD=-18.7 SP=-18.0 RH=92 DEFR=0 COMP=1 COMP_H=41183.0 PS_HP=OK PS_LP=OK DOOR=0
2026-04-07T14:22:22 TS01 RD TEVAP=-37.3 TAIR=-33.9 TPRODIN=+6.3 TPRODOUT=-20.4 BELT=1 COMP=1 COMP_H=58092.2 PS_HP=OK PS_LP=OK
2026-04-07T14:25:23 CF02 RD TMAN=-19.2 TRIP=-17.3 TPROD=-18.2 SP=-18.0 RH=92 DEFR=0 COMP=0 COMP_H=41183.0 PS_HP=OK PS_LP=OK DOOR=0
2026-04-07T14:27:11 TS01 RD TEVAP=-37.1 TAIR=-31.7 TPRODIN=+3.4 TPRODOUT=-20.4 BELT=1 COMP=1 COMP_H=58092.2 PS_HP=OK PS_LP=OK
2026-04-07T14:30:36 CF02 RD TMAN=-18.9 TRIP=-17.6 TPROD=-17.9 SP=-18.0 RH=91 DEFR=0 COMP=1 COMP_H=41183.0 PS_HP=OK PS_LP=OK DOOR=0
2026-04-07T14:32:15 TS01 RD TEVAP=-38.7 TAIR=-34.1 TPRODIN=+3.8 TPRODOUT=-19.6 BELT=1 COMP=1 COMP_H=58092.3 PS_HP=OK PS_LP=OK
2026-04-07T14:35:47 CF02 RD TMAN=-18.6 TRIP=-17.7 TPROD=-18.2 SP=-18.0 RH=91 DEFR=0 COMP=1 COMP_H=41183.1 PS_HP=OK PS_LP=OK DOOR=0
2026-04-07T14:37:43 TS01 RD TEVAP=-38.0 TAIR=-34.4 TPRODIN=+3.5 TPRODOUT=-20.5 BELT=1 COMP=1 COMP_H=58092.3 PS_HP=OK PS_LP=OK
2026-04-07T14:40:18 CF02 RD TMAN=-19.0 TRIP=-17.4 TPROD=-18.2 SP=-18.0 RH=87 DEFR=0 COMP=1 COMP_H=41183.1 PS_HP=OK PS_LP=OK DOOR=0
2026-04-07T14:42:42 TS01 RD TEVAP=-39.0 TAIR=-32.8 TPRODIN=+4.2 TPRODOUT=-19.4 BELT=1 COMP=1 COMP_H=58092.4 PS_HP=OK PS_LP=OK
2026-04-07T16:00:12 CF02 EVT DEFROST_START MODE=HOTGAS
2026-04-07T16:27:21 CF02 EVT DEFROST_END DUR=00:27:21 TEVAP_END=+8.5
2026-04-07T22:04:47 CF02 EVT DEFROST_START MODE=HOTGAS
2026-04-07T22:26:13 CF02 EVT DEFROST_END DUR=00:21:13 TEVAP_END=+8.8
2026-04-08T02:00:39 CF02 RD TMAN=-19.1 TRIP=-18.0 TPROD=-18.2 SP=-18.0 RH=86 DEFR=0 COMP=0 COMP_H=41183.2 PS_HP=OK PS_LP=OK DOOR=0
2026-04-08T02:02:42 TS01 RD TEVAP=-15.3 TAIR=-6.2 TPRODIN=+0.0 TPRODOUT=+0.0 BELT=0 COMP=0 COMP_H=58092.4 PS_HP=OK PS_LP=OK
2026-04-08T02:05:51 CF02 RD TMAN=-18.5 TRIP=-17.4 TPROD=-17.7 SP=-18.0 RH=88 DEFR=0 COMP=1 COMP_H=41183.2 PS_HP=OK PS_LP=OK DOOR=0
2026-04-08T02:07:29 TS01 RD TEVAP=-14.1 TAIR=-4.4 TPRODIN=+0.0 TPRODOUT=+0.0 BELT=0 COMP=0 COMP_H=58092.4 PS_HP=OK PS_LP=OK
2026-04-08T02:10:47 CF02 RD TMAN=-20.0 TRIP=-18.1 TPROD=-18.8 SP=-18.0 RH=87 DEFR=0 COMP=1 COMP_H=41183.3 PS_HP=OK PS_LP=OK DOOR=0
2026-04-08T02:12:23 TS01 RD TEVAP=-15.1 TAIR=-7.2 TPRODIN=+0.0 TPRODOUT=+0.0 BELT=0 COMP=0 COMP_H=58092.4 PS_HP=OK PS_LP=OK
2026-04-08T02:15:25 CF02 RD TMAN=-18.8 TRIP=-17.5 TPROD=-18.2 SP=-18.0 RH=92 DEFR=0 COMP=1 COMP_H=41183.3 PS_HP=OK PS_LP=OK DOOR=0
2026-04-08T02:17:38 TS01 RD TEVAP=-7.9 TAIR=-9.0 TPRODIN=+0.0 TPRODOUT=+0.0 BELT=0 COMP=0 COMP_H=58092.4 PS_HP=OK PS_LP=OK
2026-04-08T02:20:19 CF02 RD TMAN=-19.7 TRIP=-17.9 TPROD=-18.2 SP=-18.0 RH=84 DEFR=0 COMP=0 COMP_H=41183.4 PS_HP=OK PS_LP=OK DOOR=0
2026-04-08T02:22:07 TS01 RD TEVAP=-6.1 TAIR=-7.6 TPRODIN=+0.0 TPRODOUT=+0.0 BELT=0 COMP=0 COMP_H=58092.4 PS_HP=OK PS_LP=OK
2026-04-08T02:25:47 CF02 RD TMAN=-19.3 TRIP=-17.8 TPROD=-18.3 SP=-18.0 RH=87 DEFR=0 COMP=1 COMP_H=41183.4 PS_HP=OK PS_LP=OK DOOR=0
2026-04-08T02:27:06 TS01 RD TEVAP=-8.6 TAIR=-10.2 TPRODIN=+0.0 TPRODOUT=+0.0 BELT=0 COMP=0 COMP_H=58092.4 PS_HP=OK PS_LP=OK
2026-04-08T02:30:46 CF02 RD TMAN=-19.4 TRIP=-18.3 TPROD=-18.9 SP=-18.0 RH=92 DEFR=0 COMP=1 COMP_H=41183.5 PS_HP=OK PS_LP=OK DOOR=0
2026-04-08T02:32:47 TS01 RD TEVAP=-13.1 TAIR=-8.7 TPRODIN=+0.0 TPRODOUT=+0.0 BELT=0 COMP=0 COMP_H=58092.4 PS_HP=OK PS_LP=OK
2026-04-08T02:35:20 CF02 RD TMAN=-18.5 TRIP=-17.2 TPROD=-17.4 SP=-18.0 RH=86 DEFR=0 COMP=1 COMP_H=41183.5 PS_HP=OK PS_LP=OK DOOR=0
2026-04-08T02:37:36 TS01 RD TEVAP=-13.6 TAIR=-3.3 TPRODIN=+0.0 TPRODOUT=+0.0 BELT=0 COMP=0 COMP_H=58092.4 PS_HP=OK PS_LP=OK
2026-04-08T02:40:40 CF02 RD TMAN=-19.6 TRIP=-18.6 TPROD=-18.7 SP=-18.0 RH=90 DEFR=0 COMP=0 COMP_H=41183.5 PS_HP=OK PS_LP=OK DOOR=0
2026-04-08T02:42:07 TS01 RD TEVAP=-8.5 TAIR=-3.3 TPRODIN=+0.0 TPRODOUT=+0.0 BELT=0 COMP=0 COMP_H=58092.4 PS_HP=OK PS_LP=OK
2026-04-08T04:01:10 CF02 EVT DEFROST_START MODE=HOTGAS
2026-04-08T04:22:16 CF02 EVT DEFROST_END DUR=00:21:16 TEVAP_END=+8.7
2026-04-08T10:07:42 CF02 EVT DEFROST_START MODE=HOTGAS
2026-04-08T10:32:17 CF02 EVT DEFROST_END DUR=00:24:17 TEVAP_END=+8.2
2026-04-08T16:09:01 CF02 EVT DEFROST_START MODE=HOTGAS
2026-04-08T16:33:40 CF02 EVT DEFROST_END DUR=00:24:40 TEVAP_END=+8.6
2026-04-08T22:08:40 CF02 EVT DEFROST_START MODE=HOTGAS
2026-04-08T22:36:09 CF02 EVT DEFROST_END DUR=00:27:09 TEVAP_END=+8.7
2026-04-09T04:08:24 CF02 EVT DEFROST_START MODE=HOTGAS
2026-04-09T04:31:08 CF02 EVT DEFROST_END DUR=00:22:08 TEVAP_END=+8.6
2026-04-09T10:02:12 CF02 EVT DEFROST_START MODE=HOTGAS
2026-04-09T10:23:10 CF02 EVT DEFROST_END DUR=00:20:10 TEVAP_END=+8.5
2026-04-09T14:00:51 CF02 RD TMAN=-19.6 TRIP=-18.2 TPROD=-18.5 SP=-18.0 RH=92 DEFR=0 COMP=0 COMP_H=41183.6 PS_HP=OK PS_LP=OK DOOR=0
2026-04-09T14:02:31 TS01 RD TEVAP=-37.5 TAIR=-33.6 TPRODIN=+5.9 TPRODOUT=-19.8 BELT=1 COMP=1 COMP_H=58092.5 PS_HP=OK PS_LP=OK
2026-04-09T14:05:23 CF02 RD TMAN=-19.2 TRIP=-17.2 TPROD=-18.1 SP=-18.0 RH=92 DEFR=0 COMP=0 COMP_H=41183.6 PS_HP=OK PS_LP=OK DOOR=0
2026-04-09T14:07:47 TS01 RD TEVAP=-38.0 TAIR=-33.7 TPRODIN=+3.4 TPRODOUT=-19.1 BELT=1 COMP=1 COMP_H=58092.5 PS_HP=OK PS_LP=OK
2026-04-09T14:10:18 CF02 RD TMAN=-18.3 TRIP=-17.0 TPROD=-17.7 SP=-18.0 RH=87 DEFR=0 COMP=0 COMP_H=41183.7 PS_HP=OK PS_LP=OK DOOR=0
2026-04-09T14:10:18 CF02 RD TMAN=-18.3 TRIP=-17.0 TPROD=-17.7 SP=-18.0 RH=87 DEFR=0 COMP=0 COMP_H=41183.7 PS_HP=OK PS_LP=OK DOOR=0
2026-04-09T14:12:51 TS01 RD TEVAP=-39.3 TAIR=-33.1 TPRODIN=+3.3 TPRODOUT=-20.4 BELT=1 COMP=1 COMP_H=58092.6 PS_HP=OK PS_LP=OK
2026-04-09T14:15:22 CF02 RD TMAN=-19.5 TRIP=-17.8 TPROD=-18.8 SP=-18.0 RH=93 DEFR=0 COMP=1 COMP_H=41183.7 PS_HP=OK PS_LP=OK DOOR=0
2026-04-09T14:17:17 TS01 RD TEVAP=-38.6 TAIR=-31.9 TPRODIN=+3.3 TPRODOUT=-19.7 BELT=1 COMP=1 COMP_H=58092.7 PS_HP=OK PS_LP=OK
2026-04-09T14:20:15 CF02 RD TMAN=-18.4 TRIP=-17.4 TPROD=-17.8 SP=-18.0 RH=88 DEFR=0 COMP=1 COMP_H=41183.8 PS_HP=OK PS_LP=OK DOOR=0
2026-04-09T14:22:31 TS01 RD TEVAP=-39.3 TAIR=-32.3 TPRODIN=+5.4 TPRODOUT=-19.3 BELT=1 COMP=1 COMP_H=58092.7 PS_HP=OK PS_LP=OK
2026-04-09T14:25:13 CF02 RD TMAN=-19.0 TRIP=-17.4 TPROD=-17.6 SP=-18.0 RH=90 DEFR=0 COMP=1 COMP_H=41183.8 PS_HP=OK PS_LP=OK DOOR=0
2026-04-09T14:27:01 TS01 RD TEVAP=-38.7 TAIR=-33.4 TPRODIN=+6.1 TPRODOUT=-19.3 BELT=1 COMP=1 COMP_H=58092.8 PS_HP=OK PS_LP=OK
2026-04-09T14:30:05 CF02 RD TMAN=-19.3 TRIP=-18.1 TPROD=-18.3 SP=-18.0 RH=88 DEFR=0 COMP=1 COMP_H=41183.9 PS_HP=OK PS_LP=OK DOOR=0
2026-04-09T14:32:12 TS01 RD TEVAP=-36.9 TAIR=-34.1 TPRODIN=+4.4 TPRODOUT=-18.8 BELT=1 COMP=1 COMP_H=58092.9 PS_HP=OK PS_LP=OK
2026-04-09T14:35:17 CF02 RD TMAN=-20.2 TRIP=-18.5 TPROD=-18.6 SP=-18.0 RH=85 DEFR=0 COMP=1 COMP_H=41183.9 PS_HP=OK PS_LP=OK DOOR=0
2026-04-09T14:37:44 TS01 RD TEVAP=-36.9 TAIR=-31.6 TPRODIN=+3.3 TPRODOUT=-18.8 BELT=1 COMP=1 COMP_H=58093.0 PS_HP=OK PS_LP=OK
2026-04-09T14:40:36 CF02 RD TMAN=-18.8 TRIP=-17.3 TPROD=-18.0 SP=-18.0 RH=86 DEFR=0 COMP=0 COMP_H=41184.0 PS_HP=OK PS_LP=OK DOOR=0
2026-04-09T14:42:12 TS01 RD TEVAP=-37.1 TAIR=-31.9 TPRODIN=+4.7 TPRODOUT=-20.5 BELT=1 COMP=1 COMP_H=58093.0 PS_HP=OK PS_LP=OK
2026-04-09T16:01:30 CF02 EVT DEFROST_START MODE=HOTGAS
2026-04-09T16:26:38 CF02 EVT DEFROST_END DUR=00:25:38 TEVAP_END=+8.4
2026-04-09T22:04:12 CF02 EVT DEFROST_START MODE=HOTGAS
2026-04-09T22:24:54 CF02 EVT DEFROST_END DUR=00:20:54 TEVAP_END=+8.0
2026-04-10T02:00:42 CF02 RD TMAN=-19.1 TRIP=-17.2 TPROD=-17.8 SP=-18.0 RH=84 DEFR=0 COMP=1 COMP_H=41184.0 PS_HP=OK PS_LP=OK DOOR=0
2026-04-10T02:02:19 TS01 RD TEVAP=-10.9 TAIR=-11.7 TPRODIN=+0.0 TPRODOUT=+0.0 BELT=0 COMP=0 COMP_H=58093.0 PS_HP=OK PS_LP=OK
2026-04-10T02:05:48 CF02 RD TMAN=-19.6 TRIP=-18.2 TPROD=-18.5 SP=-18.0 RH=87 DEFR=0 COMP=1 COMP_H=41184.1 PS_HP=OK PS_LP=OK DOOR=0
2026-04-10T02:07:18 TS01 RD TEVAP=-9.7 TAIR=-11.1 TPRODIN=+0.0 TPRODOUT=+0.0 BELT=0 COMP=0 COMP_H=58093.0 PS_HP=OK PS_LP=OK
2026-04-10T02:10:02 CF02 RD TMAN=-19.7 TRIP=-18.4 TPROD=-18.7 SP=-18.0 RH=93 DEFR=0 COMP=0 COMP_H=41184.1 PS_HP=OK PS_LP=OK DOOR=0
2026-04-10T02:12:43 TS01 RD TEVAP=-7.8 TAIR=-9.4 TPRODIN=+0.0 TPRODOUT=+0.0 BELT=0 COMP=0 COMP_H=58093.0 PS_HP=OK PS_LP=OK
2026-04-10T02:15:50 CF02 RD TMAN=-19.2 TRIP=-18.1 TPROD=-18.4 SP=-18.0 RH=84 DEFR=0 COMP=1 COMP_H=41184.1 PS_HP=OK PS_LP=OK DOOR=0
2026-04-10T02:17:37 TS01 RD TEVAP=-10.1 TAIR=-5.9 TPRODIN=+0.0 TPRODOUT=+0.0 BELT=0 COMP=0 COMP_H=58093.0 PS_HP=OK PS_LP=OK
2026-04-10T02:20:48 CF02 RD TMAN=-19.0 TRIP=-17.7 TPROD=-18.0 SP=-18.0 RH=87 DEFR=0 COMP=1 COMP_H=41184.2 PS_HP=OK PS_LP=OK DOOR=0
2026-04-10T02:22:03 TS01 RD TEVAP=-14.2 TAIR=-9.4 TPRODIN=+0.0 TPRODOUT=+0.0 BELT=0 COMP=0 COMP_H=58093.0 PS_HP=OK PS_LP=OK
2026-04-10T02:25:48 CF02 RD TMAN=-19.9 TRIP=-18.3 TPROD=-18.7 SP=-18.0 RH=90 DEFR=0 COMP=1 COMP_H=41184.2 PS_HP=OK PS_LP=OK DOOR=0
2026-04-10T02:27:12 TS01 RD TEVAP=-12.3 TAIR=-7.7 TPRODIN=+0.0 TPRODOUT=+0.0 BELT=0 COMP=0 COMP_H=58093.0 PS_HP=OK PS_LP=OK
2026-04-10T02:30:38 CF02 RD TMAN=-20.1 TRIP=-18.0 TPROD=-18.8 SP=-18.0 RH=89 DEFR=0 COMP=1 COMP_H=41184.3 PS_HP=OK PS_LP=OK DOOR=0
2026-04-10T02:32:08 TS01 RD TEVAP=-8.1 TAIR=-5.4 TPRODIN=+0.0 TPRODOUT=+0.0 BELT=0 COMP=0 COMP_H=58093.0 PS_HP=OK PS_LP=OK
2026-04-10T02:35:00 CF02 RD TMAN=-19.9 TRIP=-18.2 TPROD=-18.9 SP=-18.0 RH=89 DEFR=0 COMP=1 COMP_H=41184.3 PS_HP=OK PS_LP=OK DOOR=0
2026-04-10T02:37:33 TS01 RD TEVAP=-14.7 TAIR=-3.5 TPRODIN=+0.0 TPRODOUT=+0.0 BELT=0 COMP=0 COMP_H=58093.0 PS_HP=OK PS_LP=OK
2026-04-10T02:40:30 CF02 RD TMAN=-19.7 TRIP=-18.2 TPROD=-18.8 SP=-18.0 RH=92 DEFR=0 COMP=1 COMP_H=41184.4 PS_HP=OK PS_LP=OK DOOR=0
2026-04-10T02:42:17 TS01 RD TEVAP=-13.3 TAIR=-6.1 TPRODIN=+0.0 TPRODOUT=+0.0 BELT=0 COMP=0 COMP_H=58093.0 PS_HP=OK PS_LP=OK
2026-04-10T04:00:29 CF02 RD TMAN=-18.9 TRIP=-17.6 TPROD=-18.0 SP=-18.0 RH=87 DEFR=0 COMP=1 COMP_H=41184.4 PS_HP=OK PS_LP=OK DOOR=0
2026-04-10T04:02:33 TS01 RD TEVAP=-10.2 TAIR=-4.0 TPRODIN=+0.0 TPRODOUT=+0.0 BELT=0 COMP=0 COMP_H=58093.0 PS_HP=OK PS_LP=OK
2026-04-10T04:05:10 CF02 RD TMAN=-19.4 TRIP=-17.9 TPROD=-18.4 SP=-18.0 RH=90 DEFR=0 COMP=1 COMP_H=41184.4 PS_HP=OK PS_LP=OK DOOR=0
2026-04-10T04:06:50 CF02 EVT DEFROST_START MODE=HOTGAS
2026-04-10T04:07:48 TS01 RD TEVAP=-7.4 TAIR=-3.8 TPRODIN=+0.0 TPRODOUT=+0.0 BELT=0 COMP=0 COMP_H=58093.0 PS_HP=OK PS_LP=OK
2026-04-10T04:10:52 CF02 RD TMAN=-19.3 TRIP=-17.8 TPROD=-18.3 SP=-18.0 RH=89 DEFR=0 COMP=1 COMP_H=41184.5 PS_HP=OK PS_LP=OK DOOR=0
2026-04-10T04:12:08 CF02 EVT ALARM HIGH_TEMP T=-16.1 SP=-18.0 DIFF=1.9 DUR=00:12:33 ACK=YES
2026-04-10T04:12:34 TS01 RD TEVAP=-10.1 TAIR=-9.0 TPRODIN=+0.0 TPRODOUT=+0.0 BELT=0 COMP=0 COMP_H=58093.0 PS_HP=OK PS_LP=OK
2026-04-10T04:15:04 CF02 RD TMAN=-16.4 TRIP=-15.0 TPROD=-15.7 SP=-18.0 RH=87 DEFR=0 COMP=1 COMP_H=41184.6 PS_HP=OK PS_LP=OK DOOR=0
2026-04-10T04:17:32 TS01 RD TEVAP=-8.6 TAIR=-7.6 TPRODIN=+0.0 TPRODOUT=+0.0 BELT=0 COMP=0 COMP_H=58093.0 PS_HP=OK PS_LP=OK
2026-04-10T04:20:28 CF02 RD TMAN=-18.2 TRIP=-16.5 TPROD=-16.9 SP=-18.0 RH=87 DEFR=0 COMP=1 COMP_H=41184.6 PS_HP=OK PS_LP=OK DOOR=0
2026-04-10T04:22:10 TS01 RD TEVAP=-10.5 TAIR=-10.5 TPRODIN=+0.0 TPRODOUT=+0.0 BELT=0 COMP=0 COMP_H=58093.0 PS_HP=OK PS_LP=OK
2026-04-10T04:24:41 CF02 EVT ALARM_RESET HIGH_TEMP T=-17.9 ACK=YES
2026-04-10T04:25:52 CF02 RD TMAN=-19.0 TRIP=-18.0 TPROD=-18.6 SP=-18.0 RH=91 DEFR=0 COMP=0 COMP_H=41184.7 PS_HP=OK PS_LP=OK DOOR=0
2026-04-10T04:27:41 TS01 RD TEVAP=-13.8 TAIR=-6.3 TPRODIN=+0.0 TPRODOUT=+0.0 BELT=0 COMP=0 COMP_H=58093.0 PS_HP=OK PS_LP=OK
2026-04-10T04:29:51 CF02 EVT DEFROST_END DUR=00:23:51 TEVAP_END=+8.9
2026-04-10T04:30:49 CF02 RD TMAN=-19.5 TRIP=-18.1 TPROD=-18.8 SP=-18.0 RH=90 DEFR=0 COMP=1 COMP_H=41184.7 PS_HP=OK PS_LP=OK DOOR=0
2026-04-10T04:32:19 TS01 RD TEVAP=-6.8 TAIR=-10.0 TPRODIN=+0.0 TPRODOUT=+0.0 BELT=0 COMP=0 COMP_H=58093.0 PS_HP=OK PS_LP=OK
2026-04-10T04:35:23 CF02 RD TMAN=-18.6 TRIP=-17.4 TPROD=-17.9 SP=-18.0 RH=88 DEFR=0 COMP=1 COMP_H=41184.8 PS_HP=OK PS_LP=OK DOOR=0
2026-04-10T04:37:15 TS01 RD TEVAP=-7.1 TAIR=-10.3 TPRODIN=+0.0 TPRODOUT=+0.0 BELT=0 COMP=0 COMP_H=58093.0 PS_HP=OK PS_LP=OK
2026-04-10T04:40:00 CF02 RD TMAN=-19.7 TRIP=-18.4 TPROD=-18.7 SP=-18.0 RH=86 DEFR=0 COMP=1 COMP_H=41184.8 PS_HP=OK PS_LP=OK DOOR=0
2026-04-10T04:42:53 TS01 RD TEVAP=-6.7 TAIR=-6.4 TPRODIN=+0.0 TPRODOUT=+0.0 BELT=0 COMP=0 COMP_H=58093.0 PS_HP=OK PS_LP=OK
2026-04-10T04:45:50 CF02 RD TMAN=-19.0 TRIP=-17.5 TPROD=-17.7 SP=-18.0 RH=91 DEFR=0 COMP=1 COMP_H=41184.8 PS_HP=OK PS_LP=OK DOOR=0
2026-04-10T04:47:41 TS01 RD TEVAP=-8.3 TAIR=-10.5 TPRODIN=+0.0 TPRODOUT=+0.0 BELT=0 COMP=0 COMP_H=58093.0 PS_HP=OK PS_LP=OK
2026-04-10T04:50:45 CF02 RD TMAN=-18.9 TRIP=-17.0 TPROD=-17.6 SP=-18.0 RH=87 DEFR=0 COMP=1 COMP_H=41184.9 PS_HP=OK PS_LP=OK DOOR=0
2026-04-10T04:52:51 TS01 RD TEVAP=-9.7 TAIR=-3.2 TPRODIN=+0.0 TPRODOUT=+0.0 BELT=0 COMP=0 COMP_H=58093.0 PS_HP=OK PS_LP=OK
2026-04-10T04:55:32 CF02 RD TMAN=-19.4 TRIP=-17.7 TPROD=-17.8 SP=-18.0 RH=93 DEFR=0 COMP=1 COMP_H=41184.9 PS_HP=OK PS_LP=OK DOOR=0
2026-04-10T04:57:08 TS01 RD TEVAP=-8.5 TAIR=-10.2 TPRODIN=+0.0 TPRODOUT=+0.0 BELT=0 COMP=0 COMP_H=58093.0 PS_HP=OK PS_LP=OK
2026-04-10T05:00:25 CF02 RD TMAN=-19.0 TRIP=-18.0 TPROD=-18.0 SP=-18.0 RH=85 DEFR=0 COMP=1 COMP_H=41185.0 PS_HP=OK PS_LP=OK DOOR=0
2026-04-10T05:02:54 TS01 RD TEVAP=-6.6 TAIR=-6.6 TPRODIN=+0.0 TPRODOUT=+0.0 BELT=0 COMP=0 COMP_H=58093.0 PS_HP=OK PS_LP=OK
2026-04-10T05:05:42 CF02 RD TMAN=-19.4 TRIP=-17.7 TPROD=-18.4 SP=-18.0 RH=92 DEFR=0 COMP=1 COMP_H=41185.0 PS_HP=OK PS_LP=OK DOOR=0
2026-04-10T05:07:48 TS01 RD TEVAP=-15.6 TAIR=-9.5 TPRODIN=+0.0 TPRODOUT=+0.0 BELT=0 COMP=0 COMP_H=58093.0 PS_HP=OK PS_LP=OK
2026-04-10T05:10:02 CF02 RD TMAN=-19.1 TRIP=-17.6 TPROD=-18.3 SP=-18.0 RH=92 DEFR=0 COMP=1 COMP_H=41185.1 PS_HP=OK PS_LP=OK DOOR=0
2026-04-10T05:12:15 TS01 RD TEVAP=-6.5 TAIR=-9.7 TPRODIN=+0.0 TPRODOUT=+0.0 BELT=0 COMP=0 COMP_H=58093.0 PS_HP=OK PS_LP=OK
2026-04-10T05:15:34 CF02 RD TMAN=-19.9 TRIP=-18.4 TPROD=-18.8 SP=-18.0 RH=85 DEFR=0 COMP=0 COMP_H=41185.1 PS_HP=OK PS_LP=OK DOOR=0
2026-04-10T05:17:17 TS01 RD TEVAP=-9.2 TAIR=-7.9 TPRODIN=+0.0 TPRODOUT=+0.0 BELT=0 COMP=0 COMP_H=58093.0 PS_HP=OK PS_LP=OK
2026-04-10T05:20:51 CF02 RD TMAN=-18.6 TRIP=-17.2 TPROD=-17.6 SP=-18.0 RH=84 DEFR=0 COMP=1 COMP_H=41185.2 PS_HP=OK PS_LP=OK DOOR=0
2026-04-10T05:22:33 TS01 RD TEVAP=-14.6 TAIR=-6.1 TPRODIN=+0.0 TPRODOUT=+0.0 BELT=0 COMP=0 COMP_H=58093.0 PS_HP=OK PS_LP=OK
2026-04-10T05:25:42 CF02 RD TMAN=-19.6 TRIP=-18.6 TPROD=-18.8 SP=-18.0 RH=87 DEFR=0 COMP=1 COMP_H=41185.2 PS_HP=OK PS_LP=OK DOOR=0
2026-04-10T05:27:54 TS01 RD TEVAP=-11.1 TAIR=-11.8 TPRODIN=+0.0 TPRODOUT=+0.0 BELT=0 COMP=0 COMP_H=58093.0 PS_HP=OK PS_LP=WARN
2026-04-10T10:05:19 CF02 EVT DEFROST_START MODE=HOTGAS
2026-04-10T10:30:00 CF02 EVT DEFROST_END DUR=00:24:00 TEVAP_END=+8.5
2026-04-10T16:05:05 CF02 EVT DEFROST_START MODE=HOTGAS
2026-04-10T16:30:38 CF02 EVT DEFROST_END DUR=00:25:38 TEVAP_END=+8.0
2026-04-10T22:01:11 CF02 EVT DEFROST_START MODE=HOTGAS
2026-04-10T22:22:42 CF02 EVT DEFROST_END DUR=00:21:42 TEVAP_END=+8.9
2026-04-11T04:06:44 CF02 EVT DEFROST_START MODE=HOTGAS
2026-04-11T04:28:22 CF02 EVT DEFROST_END DUR=00:21:22 TEVAP_END=+8.9
2026-04-11T10:01:03 CF02 EVT DEFROST_START MODE=HOTGAS
2026-04-11T10:22:25 CF02 EVT DEFROST_END DUR=00:21:25 TEVAP_END=+8.2
2026-04-11T14:00:52 CF02 RD TMAN=-19.0 TRIP=-17.7 TPROD=-18.1 SP=-18.0 RH=84 DEFR=0 COMP=0 COMP_H=41185.2 PS_HP=OK PS_LP=OK DOOR=0
2026-04-11T14:02:32 TS01 RD TEVAP=-38.9 TAIR=-34.3 TPRODIN=+3.1 TPRODOUT=-18.9 BELT=1 COMP=1 COMP_H=58093.1 PS_HP=OK PS_LP=OK
2026-04-11T14:05:22 CF02 RD TMAN=-19.1 TRIP=-18.1 TPROD=-18.5 SP=-18.0 RH=90 DEFR=0 COMP=1 COMP_H=41185.3 PS_HP=OK PS_LP=OK DOOR=0
2026-04-11T14:07:00 TS01 RD TEVAP=-37.1 TAIR=-32.5 TPRODIN=+4.5 TPRODOUT=-19.6 BELT=1 COMP=1 COMP_H=58093.2 PS_HP=OK PS_LP=OK
2026-04-11T14:10:11 CF02 RD TMAN=-19.3 TRIP=-17.8 TPROD=-18.2 SP=-18.0 RH=91 DEFR=0 COMP=0 COMP_H=41185.3 PS_HP=OK PS_LP=OK DOOR=0
2026-04-11T14:12:02 TS01 RD TEVAP=-37.3 TAIR=-33.9 TPRODIN=+5.3 TPRODOUT=-20.5 BELT=1 COMP=1 COMP_H=58093.2 PS_HP=OK PS_LP=OK
2026-04-11T14:15:47 CF02 RD TMAN=-18.7 TRIP=-17.5 TPROD=-17.8 SP=-18.0 RH=84 DEFR=0 COMP=1 COMP_H=41185.4 PS_HP=OK PS_LP=OK DOOR=0
2026-04-11T14:17:50 TS01 RD TEVAP=-38.4 TAIR=-33.6 TPRODIN=+3.1 TPRODOUT=-19.4 BELT=1 COMP=1 COMP_H=58093.3 PS_HP=OK PS_LP=OK
2026-04-11T14:20:23 CF02 RD TMAN=-18.8 TRIP=-17.3 TPROD=-18.3 SP=-18.0 RH=84 DEFR=0 COMP=0 COMP_H=41185.4 PS_HP=OK PS_LP=OK DOOR=0
2026-04-11T14:22:54 TS01 RD TEVAP=-38.6 TAIR=-32.7 TPRODIN=+5.1 TPRODOUT=-20.7 BELT=1 COMP=1 COMP_H=58093.4 PS_HP=OK PS_LP=OK
2026-04-11T14:25:49 CF02 RD TMAN=-19.4 TRIP=-17.7 TPROD=-18.1 SP=-18.0 RH=90 DEFR=0 COMP=0 COMP_H=41185.5 PS_HP=OK PS_LP=OK DOOR=0
2026-04-11T14:27:36 TS01 RD TEVAP=-39.0 TAIR=-32.7 TPRODIN=+3.9 TPRODOUT=-19.1 BELT=1 COMP=1 COMP_H=58093.4 PS_HP=OK PS_LP=OK
2026-04-11T14:30:36 CF02 RD TMAN=-19.1 TRIP=-18.1 TPROD=-18.2 SP=-18.0 RH=86 DEFR=0 COMP=1 COMP_H=41185.5 PS_HP=OK PS_LP=OK DOOR=0
2026-04-11T14:32:25 TS01 RD TEVAP=-37.8 TAIR=-31.6 TPRODIN=+5.5 TPRODOUT=-19.1 BELT=1 COMP=1 COMP_H=58093.5 PS_HP=OK PS_LP=OK
2026-04-11T14:35:13 CF02 RD TMAN=-18.8 TRIP=-17.4 TPROD=-17.8 SP=-18.0 RH=91 DEFR=0 COMP=1 COMP_H=41185.5 PS_HP=OK PS_LP=OK DOOR=0
2026-04-11T14:37:13 TS01 RD TEVAP=-38.3 TAIR=-32.9 TPRODIN=+4.0 TPRODOUT=-19.2 BELT=1 COMP=1 COMP_H=58093.6 PS_HP=OK PS_LP=OK
2026-04-11T14:40:09 CF02 RD TMAN=-19.1 TRIP=-17.7 TPROD=-18.6 SP=-18.0 RH=93 DEFR=0 COMP=1 COMP_H=41185.6 PS_HP=OK PS_LP=OK DOOR=0
2026-04-11T14:42:53 TS01 RD TEVAP=-37.7 TAIR=-32.5 TPRODIN=+4.6 TPRODOUT=-19.4 BELT=1 COMP=1 COMP_H=58093.6 PS_HP=OK PS_LP=OK
2026-04-11T16:08:48 CF02 EVT DEFROST_START MODE=HOTGAS
2026-04-11T16:30:30 CF02 EVT DEFROST_END DUR=00:21:30 TEVAP_END=+8.8
2026-04-11T22:07:40 CF02 EVT DEFROST_START MODE=HOTGAS
2026-04-11T22:33:54 CF02 EVT DEFROST_END DUR=00:26:54 TEVAP_END=+8.1
2026-04-12T01:01:51 CF02 EVT DEFROST_START MODE=HOTGAS
2026-04-12T01:27:27 CF02 EVT DEFROST_END DUR=00:25:27 TEVAP_END=+8.7
2026-04-12T02:00:00 CF02 RD TMAN=-19.9 TRIP=-18.1 TPROD=-19.0 SP=-18.0 RH=84 DEFR=0 COMP=1 COMP_H=41185.6 PS_HP=OK PS_LP=OK DOOR=0
2026-04-12T02:02:08 TS01 RD TEVAP=-10.4 TAIR=-8.9 TPRODIN=+0.0 TPRODOUT=+0.0 BELT=0 COMP=0 COMP_H=58093.6 PS_HP=OK PS_LP=OK
2026-04-12T02:05:06 CF02 RD TMAN=-19.6 TRIP=-18.4 TPROD=-18.7 SP=-18.0 RH=84 DEFR=0 COMP=1 COMP_H=41185.7 PS_HP=OK PS_LP=OK DOOR=0
2026-04-12T02:07:27 TS01 RD TEVAP=-13.5 TAIR=-6.9 TPRODIN=+0.0 TPRODOUT=+0.0 BELT=0 COMP=0 COMP_H=58093.6 PS_HP=OK PS_LP=OK
2026-04-12T02:10:45 CF02 RD TMAN=-20.1 TRIP=-18.0 TPROD=-18.6 SP=-18.0 RH=88 DEFR=0 COMP=0 COMP_H=41185.7 PS_HP=OK PS_LP=OK DOOR=0
2026-04-12T02:12:39 TS01 RD TEVAP=-10.7 TAIR=-8.7 TPRODIN=+0.0 TPRODOUT=+0.0 BELT=0 COMP=0 COMP_H=58093.6 PS_HP=OK PS_LP=OK
2026-04-12T02:15:25 CF02 RD TMAN=-19.4 TRIP=-17.9 TPROD=-18.4 SP=-18.0 RH=91 DEFR=0 COMP=0 COMP_H=41185.7 PS_HP=OK PS_LP=OK DOOR=0
2026-04-12T02:17:09 TS01 RD TEVAP=-12.4 TAIR=-6.6 TPRODIN=+0.0 TPRODOUT=+0.0 BELT=0 COMP=0 COMP_H=58093.6 PS_HP=OK PS_LP=OK
2026-04-12T02:20:20 CF02 RD TMAN=-19.3 TRIP=-17.9 TPROD=-18.2 SP=-18.0 RH=91 DEFR=0 COMP=1 COMP_H=41185.8 PS_HP=OK PS_LP=OK DOOR=0
2026-04-12T02:22:13 TS01 RD TEVAP=-15.7 TAIR=-3.1 TPRODIN=+0.0 TPRODOUT=+0.0 BELT=0 COMP=0 COMP_H=58093.6 PS_HP=OK PS_LP=OK
2026-04-12T02:25:38 CF02 RD TMAN=-19.4 TRIP=-17.8 TPROD=-18.4 SP=-18.0 RH=93 DEFR=0 COMP=1 COMP_H=41185.8 PS_HP=OK PS_LP=OK DOOR=0
2026-04-12T02:27:08 TS01 RD TEVAP=-10.9 TAIR=-4.0 TPRODIN=+0.0 TPRODOUT=+0.0 BELT=0 COMP=0 COMP_H=58093.6 PS_HP=OK PS_LP=OK
2026-04-12T02:30:20 CF02 RD TMAN=-19.0 TRIP=-17.8 TPROD=-18.3 SP=-18.0 RH=92 DEFR=0 COMP=1 COMP_H=41185.9 PS_HP=OK PS_LP=OK DOOR=0
2026-04-12T02:32:38 TS01 RD TEVAP=-6.5 TAIR=-6.6 TPRODIN=+0.0 TPRODOUT=+0.0 BELT=0 COMP=0 COMP_H=58093.6 PS_HP=OK PS_LP=OK
2026-04-12T02:35:03 CF02 RD TMAN=-19.7 TRIP=-18.2 TPROD=-19.1 SP=-18.0 RH=92 DEFR=0 COMP=1 COMP_H=41185.9 PS_HP=OK PS_LP=OK DOOR=0
2026-04-12T02:37:44 TS01 RD TEVAP=-9.7 TAIR=-4.2 TPRODIN=+0.0 TPRODOUT=+0.0 BELT=0 COMP=0 COMP_H=58093.6 PS_HP=OK PS_LP=OK
2026-04-12T02:40:12 CF02 RD TMAN=-19.7 TRIP=-17.7 TPROD=-18.8 SP=-18.0 RH=85 DEFR=0 COMP=0 COMP_H=41186.0 PS_HP=OK PS_LP=OK DOOR=0
2026-04-12T02:42:04 TS01 RD TEVAP=-14.5 TAIR=-3.9 TPRODIN=+0.0 TPRODOUT=+0.0 BELT=0 COMP=0 COMP_H=58093.6 PS_HP=OK PS_LP=OK
2026-04-12T04:07:37 CF02 EVT DEFROST_START MODE=HOTGAS
2026-04-12T04:30:01 CF02 EVT DEFROST_END DUR=00:22:01 TEVAP_END=+8.6
2026-04-12T07:02:52 CF02 EVT DEFROST_START MODE=HOTGAS
2026-04-12T07:28:53 CF02 EVT DEFROST_END DUR=00:26:53 TEVAP_END=+8.4
2026-04-12T10:01:54 CF02 EVT DEFROST_START MODE=HOTGAS
2026-04-12T10:24:14 CF02 EVT DEFROST_END DUR=00:22:14 TEVAP_END=+8.7
2026-04-12T13:03:49 CF02 EVT DEFROST_START MODE=HOTGAS
2026-04-12T13:27:34 CF02 EVT DEFROST_END DUR=00:23:34 TEVAP_END=+8.5
2026-04-12T16:08:45 CF02 EVT DEFROST_START MODE=HOTGAS
2026-04-12T16:28:02 CF02 EVT DEFROST_END DUR=00:19:02 TEVAP_END=+8.1
2026-04-12T19:03:50 CF02 EVT DEFROST_START MODE=HOTGAS
2026-04-12T19:28:36 CF02 EVT DEFROST_END DUR=00:24:36 TEVAP_END=+8.6
2026-04-12T22:05:09 CF02 EVT DEFROST_START MODE=HOTGAS
2026-04-12T22:23:57 CF02 EVT DEFROST_END DUR=00:18:57 TEVAP_END=+8.6
2026-04-13T01:05:40 CF02 EVT DEFROST_START MODE=HOTGAS
2026-04-13T01:26:24 CF02 EVT DEFROST_END DUR=00:20:24 TEVAP_END=+8.8
2026-04-13T04:00:43 CF02 EVT DEFROST_START MODE=HOTGAS
2026-04-13T04:25:01 CF02 EVT DEFROST_END DUR=00:24:01 TEVAP_END=+8.8
2026-04-13T07:00:02 CF02 EVT DEFROST_START MODE=HOTGAS
2026-04-13T07:18:44 CF02 EVT DEFROST_END DUR=00:18:44 TEVAP_END=+8.7
2026-04-13T10:04:33 CF02 EVT DEFROST_START MODE=HOTGAS
2026-04-13T10:25:37 CF02 EVT DEFROST_END DUR=00:21:37 TEVAP_END=+8.9
2026-04-13T13:00:28 CF02 EVT DEFROST_START MODE=HOTGAS
2026-04-13T13:18:51 CF02 EVT DEFROST_END DUR=00:18:51 TEVAP_END=+8.5
2026-04-13T14:00:18 CF02 RD TMAN=-18.9 TRIP=-17.1 TPROD=-18.0 SP=-18.0 RH=86 DEFR=0 COMP=0 COMP_H=41186.0 PS_HP=OK PS_LP=OK DOOR=0
2026-04-13T14:02:09 TS01 RD TEVAP=-38.1 TAIR=-34.1 TPRODIN=+5.6 TPRODOUT=-18.9 BELT=1 COMP=1 COMP_H=58093.7 PS_HP=OK PS_LP=OK
2026-04-13T14:05:27 CF02 RD TMAN=-19.8 TRIP=-17.9 TPROD=-18.2 SP=-18.0 RH=86 DEFR=0 COMP=1 COMP_H=41186.1 PS_HP=OK PS_LP=OK DOOR=0
2026-04-13T14:07:04 TS01 RD TEVAP=-37.2 TAIR=-32.1 TPRODIN=+3.7 TPRODOUT=-19.2 BELT=1 COMP=1 COMP_H=58093.8 PS_HP=OK PS_LP=OK
2026-04-13T14:10:23 CF02 RD TMAN=-19.0 TRIP=-17.8 TPROD=-18.4 SP=-18.0 RH=86 DEFR=0 COMP=0 COMP_H=41186.1 PS_HP=OK PS_LP=OK DOOR=0
2026-04-13T14:12:36 TS01 RD TEVAP=-39.3 TAIR=-34.6 TPRODIN=+3.9 TPRODOUT=-18.7 BELT=1 COMP=1 COMP_H=58093.8 PS_HP=OK PS_LP=OK
2026-04-13T14:15:02 CF02 RD TMAN=-19.2 TRIP=-17.7 TPROD=-18.3 SP=-18.0 RH=92 DEFR=0 COMP=1 COMP_H=41186.2 PS_HP=OK PS_LP=OK DOOR=0
2026-04-13T14:17:21 TS01 RD TEVAP=-38.0 TAIR=-33.2 TPRODIN=+6.3 TPRODOUT=-20.1 BELT=1 COMP=1 COMP_H=58093.9 PS_HP=OK PS_LP=OK
2026-04-13T14:20:55 CF02 RD TMAN=-19.8 TRIP=-18.3 TPROD=-18.9 SP=-18.0 RH=93 DEFR=0 COMP=1 COMP_H=41186.2 PS_HP=OK PS_LP=OK DOOR=0
2026-04-13T14:22:53 TS01 RD TEVAP=-37.0 TAIR=-34.0 TPRODIN=+4.9 TPRODOUT=-19.6 BELT=1 COMP=1 COMP_H=58094.0 PS_HP=OK PS_LP=OK
2026-04-13T14:25:08 CF02 RD TMAN=-18.7 TRIP=-17.4 TPROD=-17.7 SP=-18.0 RH=91 DEFR=0 COMP=1 COMP_H=41186.2 PS_HP=OK PS_LP=OK DOOR=0
2026-04-13T14:27:51 TS01 RD TEVAP=-39.3 TAIR=-32.8 TPRODIN=+5.4 TPRODOUT=-19.1 BELT=1 COMP=1 COMP_H=58094.1 PS_HP=OK PS_LP=OK
2026-04-13T14:30:45 CF02 RD TMAN=-18.4 TRIP=-16.9 TPROD=-17.7 SP=-18.0 RH=89 DEFR=0 COMP=0 COMP_H=41186.3 PS_HP=OK PS_LP=OK DOOR=0
2026-04-13T14:32:50 TS01 RD TEVAP=-39.2 TAIR=-33.1 TPRODIN=+3.8 TPRODOUT=-20.1 BELT=1 COMP=1 COMP_H=58094.1 PS_HP=OK PS_LP=WARN
2026-04-13T14:35:12 CF02 RD TMAN=-18.6 TRIP=-16.9 TPROD=-17.7 SP=-18.0 RH=92 DEFR=0 COMP=1 COMP_H=41186.3 PS_HP=OK PS_LP=OK DOOR=0
2026-04-13T14:37:11 TS01 RD TEVAP=-38.1 TAIR=-34.3 TPRODIN=+4.0 TPRODOUT=-19.2 BELT=1 COMP=1 COMP_H=58094.2 PS_HP=OK PS_LP=OK
2026-04-13T14:40:14 CF02 RD TMAN=-19.1 TRIP=-17.2 TPROD=-18.0 SP=-18.0 RH=88 DEFR=0 COMP=1 COMP_H=41186.4 PS_HP=OK PS_LP=OK DOOR=0
2026-04-13T14:42:10 TS01 RD TEVAP=-37.1 TAIR=-32.3 TPRODIN=+5.7 TPRODOUT=-19.6 BELT=1 COMP=1 COMP_H=58094.2 PS_HP=OK PS_LP=OK
2026-04-13T16:07:51 CF02 EVT DEFROST_START MODE=HOTGAS
2026-04-13T16:31:09 CF02 EVT DEFROST_END DUR=00:23:09 TEVAP_END=+8.8
2026-04-13T19:03:14 CF02 EVT DEFROST_START MODE=HOTGAS
2026-04-13T19:29:15 CF02 EVT DEFROST_END DUR=00:26:15 TEVAP_END=+8.4
2026-04-13T21:00:01 CF02 RD TMAN=-19.8 TRIP=-18.3 TPROD=-18.3 SP=-18.0 RH=91 DEFR=0 COMP=1 COMP_H=41186.4 PS_HP=OK PS_LP=OK DOOR=0
2026-04-13T21:02:13 TS01 RD TEVAP=-37.9 TAIR=-32.9 TPRODIN=+6.0 TPRODOUT=-19.2 BELT=1 COMP=1 COMP_H=58094.3 PS_HP=OK PS_LP=OK
2026-04-13T21:05:28 CF02 RD TMAN=-19.8 TRIP=-17.7 TPROD=-18.5 SP=-18.0 RH=88 DEFR=0 COMP=0 COMP_H=41186.5 PS_HP=OK PS_LP=OK DOOR=0
2026-04-13T21:07:37 TS01 RD TEVAP=-37.3 TAIR=-33.0 TPRODIN=+6.3 TPRODOUT=-20.4 BELT=1 COMP=1 COMP_H=58094.4 PS_HP=OK PS_LP=OK
2026-04-13T21:10:31 CF02 RD TMAN=-20.0 TRIP=-17.9 TPROD=-18.9 SP=-18.0 RH=84 DEFR=0 COMP=0 COMP_H=41186.5 PS_HP=OK PS_LP=OK DOOR=0
2026-04-13T21:12:45 TS01 RD TEVAP=-37.4 TAIR=-33.1 TPRODIN=+4.6 TPRODOUT=-19.5 BELT=1 COMP=1 COMP_H=58094.5 PS_HP=OK PS_LP=OK
2026-04-13T21:15:39 CF02 RD TMAN=-18.8 TRIP=-17.4 TPROD=-17.5 SP=-18.0 RH=92 DEFR=0 COMP=1 COMP_H=41186.5 PS_HP=OK PS_LP=OK DOOR=0
2026-04-13T21:17:18 TS01 RD TEVAP=-39.3 TAIR=-34.0 TPRODIN=+3.9 TPRODOUT=-19.5 BELT=1 COMP=1 COMP_H=58094.5 PS_HP=OK PS_LP=OK
2026-04-13T21:20:15 CF02 RD TMAN=-19.7 TRIP=-18.5 TPROD=-18.7 SP=-18.0 RH=88 DEFR=0 COMP=1 COMP_H=41186.6 PS_HP=OK PS_LP=OK DOOR=0
2026-04-13T21:22:20 TS01 RD TEVAP=-38.5 TAIR=-34.2 TPRODIN=+3.4 TPRODOUT=-18.9 BELT=1 COMP=1 COMP_H=58094.6 PS_HP=OK PS_LP=OK
2026-04-13T21:25:43 CF02 RD TMAN=-18.9 TRIP=-17.8 TPROD=-18.1 SP=-18.0 RH=91 DEFR=0 COMP=0 COMP_H=41186.6 PS_HP=OK PS_LP=OK DOOR=0
2026-04-13T21:27:48 TS01 RD TEVAP=-37.0 TAIR=-32.0 TPRODIN=+3.6 TPRODOUT=-20.6 BELT=1 COMP=1 COMP_H=58094.7 PS_HP=OK PS_LP=WARN
2026-04-13T21:30:16 CF02 RD TMAN=-19.9 TRIP=-17.9 TPROD=-18.7 SP=-18.0 RH=92 DEFR=0 COMP=0 COMP_H=41186.7 PS_HP=OK PS_LP=OK DOOR=0
2026-04-13T21:32:11 TS01 RD TEVAP=-36.9 TAIR=-32.8 TPRODIN=+3.6 TPRODOUT=-19.7 BELT=1 COMP=1 COMP_H=58094.8 PS_HP=OK PS_LP=OK
2026-04-13T21:35:05 CF02 RD TMAN=-19.3 TRIP=-18.2 TPROD=-18.6 SP=-18.0 RH=90 DEFR=0 COMP=0 COMP_H=41186.7 PS_HP=OK PS_LP=OK DOOR=0
2026-04-13T21:37:40 TS01 RD TEVAP=-38.6 TAIR=-32.3 TPRODIN=+3.5 TPRODOUT=-20.2 BELT=1 COMP=1 COMP_H=58094.8 PS_HP=OK PS_LP=OK
2026-04-13T21:40:30 CF02 RD TMAN=-19.8 TRIP=-18.5 TPROD=-18.9 SP=-18.0 RH=91 DEFR=0 COMP=1 COMP_H=41186.8 PS_HP=OK PS_LP=OK DOOR=0
2026-04-13T21:42:40 TS01 RD TEVAP=-38.6 TAIR=-31.9 TPRODIN=+5.7 TPRODOUT=-18.6 BELT=1 COMP=1 COMP_H=58094.9 PS_HP=OK PS_LP=OK
2026-04-13T21:45:27 CF02 RD TMAN=-19.8 TRIP=-18.6 TPROD=-19.0 SP=-18.0 RH=91 DEFR=0 COMP=0 COMP_H=41186.8 PS_HP=OK PS_LP=OK DOOR=0
2026-04-13T21:47:34 TS01 RD TEVAP=-38.7 TAIR=-33.2 TPRODIN=+4.1 TPRODOUT=-19.5 BELT=1 COMP=1 COMP_H=58094.9 PS_HP=OK PS_LP=OK
2026-04-13T21:50:41 CF02 RD TMAN=-18.7 TRIP=-17.2 TPROD=-18.0 SP=-18.0 RH=90 DEFR=0 COMP=1 COMP_H=41186.9 PS_HP=OK PS_LP=OK DOOR=0
2026-04-13T21:52:50 TS01 RD TEVAP=-37.0 TAIR=-33.9 TPRODIN=+4.3 TPRODOUT=-18.7 BELT=1 COMP=1 COMP_H=58095.0 PS_HP=OK PS_LP=OK
2026-04-13T21:55:40 CF02 EVT ALARM HIGH_TEMP T=-15.6 SP=-18.0 DIFF=2.4 DUR=00:24:05 ACK=NO
2026-04-13T21:55:41 CF02 RD TMAN=-15.9 TRIP=-14.5 TPROD=-15.4 SP=-18.0 RH=92 DEFR=0 COMP=1 COMP_H=41186.9 PS_HP=OK PS_LP=OK DOOR=0
2026-04-13T21:57:15 TS01 RD TEVAP=-38.1 TAIR=-33.5 TPRODIN=+3.2 TPRODOUT=-19.3 BELT=1 COMP=1 COMP_H=58095.1 PS_HP=OK PS_LP=OK
2026-04-13T22:00:12 CF02 RD TMAN=-17.6 TRIP=-16.0 TPROD=-16.3 SP=-18.0 RH=92 DEFR=0 COMP=1 COMP_H=41187.0 PS_HP=OK PS_LP=OK DOOR=0
2026-04-13T22:01:21 CF02 EVT DEFROST_START MODE=HOTGAS
2026-04-13T22:02:19 TS01 RD TEVAP=-10.0 TAIR=-11.5 TPRODIN=+0.0 TPRODOUT=+0.0 BELT=0 COMP=0 COMP_H=58095.1 PS_HP=OK PS_LP=OK
2026-04-13T22:05:36 CF02 RD TMAN=-17.0 TRIP=-15.7 TPROD=-16.3 SP=-18.0 RH=91 DEFR=0 COMP=1 COMP_H=41187.0 PS_HP=OK PS_LP=OK DOOR=0
2026-04-13T22:07:37 TS01 RD TEVAP=-15.5 TAIR=-4.5 TPRODIN=+0.0 TPRODOUT=+0.0 BELT=0 COMP=0 COMP_H=58095.1 PS_HP=OK PS_LP=OK
2026-04-13T22:10:08 CF02 RD TMAN=-16.3 TRIP=-14.8 TPROD=-15.6 SP=-18.0 RH=87 DEFR=0 COMP=1 COMP_H=41187.0 PS_HP=OK PS_LP=OK DOOR=0
2026-04-13T22:12:38 TS01 RD TEVAP=-11.0 TAIR=-9.8 TPRODIN=+0.0 TPRODOUT=+0.0 BELT=0 COMP=0 COMP_H=58095.1 PS_HP=OK PS_LP=WARN
2026-04-13T22:15:55 CF02 RD TMAN=-16.6 TRIP=-15.1 TPROD=-15.9 SP=-18.0 RH=86 DEFR=0 COMP=1 COMP_H=41187.1 PS_HP=OK PS_LP=OK DOOR=0
2026-04-13T22:17:11 TS01 RD TEVAP=-9.8 TAIR=-3.9 TPRODIN=+0.0 TPRODOUT=+0.0 BELT=0 COMP=0 COMP_H=58095.1 PS_HP=OK PS_LP=OK
2026-04-13T22:19:45 CF02 EVT ALARM_RESET HIGH_TEMP T=-17.4 ACK=NO
2026-04-13T22:20:30 CF02 RD TMAN=-18.6 TRIP=-16.8 TPROD=-17.7 SP=-18.0 RH=93 DEFR=0 COMP=1 COMP_H=41187.1 PS_HP=OK PS_LP=OK DOOR=0
2026-04-13T22:22:01 CF02 EVT DEFROST_END DUR=00:20:01 TEVAP_END=+8.0
2026-04-13T22:22:44 TS01 RD TEVAP=-12.5 TAIR=-4.6 TPRODIN=+0.0 TPRODOUT=+0.0 BELT=0 COMP=0 COMP_H=58095.1 PS_HP=OK PS_LP=OK
2026-04-13T22:25:19 CF02 RD TMAN=-18.4 TRIP=-17.1 TPROD=-17.6 SP=-18.0 RH=87 DEFR=0 COMP=1 COMP_H=41187.2 PS_HP=OK PS_LP=OK DOOR=0
2026-04-13T22:27:52 TS01 RD TEVAP=-7.2 TAIR=-10.5 TPRODIN=+0.0 TPRODOUT=+0.0 BELT=0 COMP=0 COMP_H=58095.1 PS_HP=OK PS_LP=WARN
2026-04-14T01:09:22 CF02 EVT DEFROST_START MODE=HOTGAS
2026-04-14T01:32:43 CF02 EVT DEFROST_END DUR=00:23:43 TEVAP_END=+8.5
2026-04-14T02:00:11 CF02 RD TMAN=-19.4 TRIP=-18.4 TPROD=-18.7 SP=-18.0 RH=87 DEFR=0 COMP=1 COMP_H=41187.2 PS_HP=OK PS_LP=OK DOOR=0
2026-04-14T02:02:42 TS01 RD TEVAP=-14.1 TAIR=-7.2 TPRODIN=+0.0 TPRODOUT=+0.0 BELT=0 COMP=0 COMP_H=58095.1 PS_HP=OK PS_LP=OK
2026-04-14T02:05:30 CF02 RD TMAN=-19.7 TRIP=-18.1 TPROD=-18.7 SP=-18.0 RH=87 DEFR=0 COMP=1 COMP_H=41187.3 PS_HP=OK PS_LP=OK DOOR=0
2026-04-14T02:07:32 TS01 RD TEVAP=-8.6 TAIR=-6.5 TPRODIN=+0.0 TPRODOUT=+0.0 BELT=0 COMP=0 COMP_H=58095.1 PS_HP=OK PS_LP=OK
2026-04-14T02:10:02 CF02 RD TMAN=-20.1 TRIP=-18.4 TPROD=-18.6 SP=-18.0 RH=91 DEFR=0 COMP=0 COMP_H=41187.3 PS_HP=OK PS_LP=OK DOOR=0
2026-04-14T02:12:16 TS01 RD TEVAP=-13.7 TAIR=-4.3 TPRODIN=+0.0 TPRODOUT=+0.0 BELT=0 COMP=0 COMP_H=58095.1 PS_HP=OK PS_LP=OK
2026-04-14T02:15:39 CF02 RD TMAN=-19.0 TRIP=-17.2 TPROD=-17.4 SP=-18.0 RH=85 DEFR=0 COMP=0 COMP_H=41187.3 PS_HP=OK PS_LP=OK DOOR=0
2026-04-14T02:17:34 TS01 RD TEVAP=-9.0 TAIR=-11.6 TPRODIN=+0.0 TPRODOUT=+0.0 BELT=0 COMP=0 COMP_H=58095.1 PS_HP=OK PS_LP=OK
2026-04-14T02:20:27 CF02 RD TMAN=-18.7 TRIP=-17.4 TPROD=-17.8 SP=-18.0 RH=93 DEFR=0 COMP=1 COMP_H=41187.4 PS_HP=OK PS_LP=OK DOOR=0
2026-04-14T02:22:09 TS01 RD TEVAP=-14.6 TAIR=-11.6 TPRODIN=+0.0 TPRODOUT=+0.0 BELT=0 COMP=0 COMP_H=58095.1 PS_HP=OK PS_LP=OK
2026-04-14T02:25:24 CF02 RD TMAN=-19.1 TRIP=-17.7 TPROD=-17.8 SP=-18.0 RH=91 DEFR=0 COMP=1 COMP_H=41187.4 PS_HP=OK PS_LP=OK DOOR=0
2026-04-14T02:27:07 TS01 RD TEVAP=-8.9 TAIR=-3.0 TPRODIN=+0.0 TPRODOUT=+0.0 BELT=0 COMP=0 COMP_H=58095.1 PS_HP=OK PS_LP=OK
2026-04-14T02:30:48 CF02 RD TMAN=-19.0 TRIP=-17.4 TPROD=-18.0 SP=-18.0 RH=84 DEFR=0 COMP=1 COMP_H=41187.5 PS_HP=OK PS_LP=OK DOOR=0
2026-04-14T02:32:21 TS01 RD TEVAP=-7.1 TAIR=-7.0 TPRODIN=+0.0 TPRODOUT=+0.0 BELT=0 COMP=0 COMP_H=58095.1 PS_HP=OK PS_LP=OK
2026-04-14T02:35:43 CF02 RD TMAN=-19.7 TRIP=-18.3 TPROD=-18.9 SP=-18.0 RH=85 DEFR=0 COMP=1 COMP_H=41187.5 PS_HP=OK PS_LP=OK DOOR=0
2026-04-14T02:37:25 TS01 RD TEVAP=-14.8 TAIR=-10.0 TPRODIN=+0.0 TPRODOUT=+0.0 BELT=0 COMP=0 COMP_H=58095.1 PS_HP=OK PS_LP=OK
2026-04-14T02:40:26 CF02 RD TMAN=-19.3 TRIP=-17.8 TPROD=-18.4 SP=-18.0 RH=93 DEFR=0 COMP=0 COMP_H=41187.6 PS_HP=OK PS_LP=OK DOOR=0
2026-04-14T02:42:38 TS01 RD TEVAP=-13.6 TAIR=-11.1 TPRODIN=+0.0 TPRODOUT=+0.0 BELT=0 COMP=0 COMP_H=58095.1 PS_HP=OK PS_LP=WARN
2026-04-14T04:01:37 CF02 EVT DEFROST_START MODE=HOTGAS
2026-04-14T04:26:48 CF02 EVT DEFROST_END DUR=00:25:48 TEVAP_END=+8.3
2026-04-14T07:02:02 CF02 EVT DEFROST_START MODE=HOTGAS
2026-04-14T07:21:26 CF02 EVT DEFROST_END DUR=00:19:26 TEVAP_END=+8.2
2026-04-14T10:09:54 CF02 EVT DEFROST_START MODE=HOTGAS
2026-04-14T10:33:36 CF02 EVT DEFROST_END DUR=00:23:36 TEVAP_END=+8.1
2026-04-14T13:06:25 CF02 EVT DEFROST_START MODE=HOTGAS
2026-04-14T13:31:00 CF02 EVT DEFROST_END DUR=00:24:00 TEVAP_END=+8.0
2026-04-14T16:06:42 CF02 EVT DEFROST_START MODE=HOTGAS
2026-04-14T16:32:14 CF02 EVT DEFROST_END DUR=00:25:14 TEVAP_END=+8.6
2026-04-14T19:01:24 CF02 EVT DEFROST_START MODE=HOTGAS
2026-04-14T19:24:26 CF02 EVT DEFROST_END DUR=00:23:26 TEVAP_END=+8.9
2026-04-14T22:03:28 CF02 EVT DEFROST_START MODE=HOTGAS
2026-04-14T22:26:33 CF02 EVT DEFROST_END DUR=00:23:33 TEVAP_END=+8.8
2026-04-15T01:08:19 CF02 EVT DEFROST_START MODE=HOTGAS
2026-04-15T01:29:17 CF02 EVT DEFROST_END DUR=00:20:17 TEVAP_END=+8.6
2026-04-15T04:04:39 CF02 EVT DEFROST_START MODE=HOTGAS
2026-04-15T04:29:17 CF02 EVT DEFROST_END DUR=00:24:17 TEVAP_END=+8.4
2026-04-15T07:02:46 CF02 EVT DEFROST_START MODE=HOTGAS
2026-04-15T07:21:27 CF02 EVT DEFROST_END DUR=00:18:27 TEVAP_END=+8.1
2026-04-15T10:00:53 CF02 RD TMAN=-19.9 TRIP=-18.5 TPROD=-19.1 SP=-18.0 RH=84 DEFR=0 COMP=1 COMP_H=41188.0 PS_HP=OK PS_LP=OK DOOR=0
2026-04-15T10:02:29 TS01 RD TEVAP=-37.7 TAIR=-32.1 TPRODIN=+4.8 TPRODOUT=-18.8 BELT=1 COMP=1 COMP_H=58095.8 PS_HP=OK PS_LP=OK
2026-04-15T10:05:17 CF02 RD TMAN=-19.1 TRIP=-17.4 TPROD=-18.0 SP=-18.0 RH=88 DEFR=0 COMP=1 COMP_H=41188.1 PS_HP=OK PS_LP=OK DOOR=0
2026-04-15T10:07:25 CF02 EVT DEFROST_START MODE=HOTGAS
2026-04-15T10:07:29 TS01 RD TEVAP=-38.4 TAIR=-32.5 TPRODIN=+5.5 TPRODOUT=-19.7 BELT=1 COMP=1 COMP_H=58095.8 PS_HP=OK PS_LP=OK
2026-04-15T10:10:24 CF02 RD TMAN=-18.5 TRIP=-17.2 TPROD=-17.9 SP=-18.0 RH=89 DEFR=0 COMP=0 COMP_H=41188.1 PS_HP=OK PS_LP=OK DOOR=0
2026-04-15T10:12:38 TS01 RD TEVAP=-38.1 TAIR=-33.6 TPRODIN=+3.0 TPRODOUT=-19.9 BELT=1 COMP=1 COMP_H=58095.9 PS_HP=OK PS_LP=OK
2026-04-15T10:15:07 CF02 RD TMAN=-19.1 TRIP=-17.8 TPROD=-18.4 SP=-18.0 RH=92 DEFR=0 COMP=1 COMP_H=41188.2 PS_HP=OK PS_LP=OK DOOR=0
2026-04-15T10:17:22 TS01 RD TEVAP=-38.1 TAIR=-33.6 TPRODIN=+5.8 TPRODOUT=-19.6 BELT=1 COMP=1 COMP_H=58096.0 PS_HP=OK PS_LP=OK
2026-04-15T10:20:47 CF02 RD TMAN=-20.2 TRIP=-18.1 TPROD=-19.0 SP=-18.0 RH=86 DEFR=0 COMP=1 COMP_H=41188.2 PS_HP=OK PS_LP=OK DOOR=0
2026-04-15T10:22:08 TS01 RD TEVAP=-37.0 TAIR=-33.1 TPRODIN=+4.2 TPRODOUT=-19.3 BELT=1 COMP=1 COMP_H=58096.0 PS_HP=OK PS_LP=OK
2026-04-15T10:22:41 CF02 EVT DOOR_OPEN
2026-04-15T10:25:36 CF02 RD TMAN=-13.6 TRIP=-12.4 TPROD=-13.0 SP=-18.0 RH=91 DEFR=0 COMP=1 COMP_H=41188.3 PS_HP=OK PS_LP=OK DOOR=1
2026-04-15T10:27:35 TS01 RD TEVAP=-37.9 TAIR=-32.2 TPRODIN=+2.9 TPRODOUT=-18.9 BELT=1 COMP=1 COMP_H=58096.1 PS_HP=OK PS_LP=OK
2026-04-15T10:28:25 CF02 EVT DEFROST_END DUR=00:21:25 TEVAP_END=+8.0
2026-04-15T10:30:45 CF02 RD TMAN=-14.6 TRIP=-13.4 TPROD=-14.0 SP=-18.0 RH=92 DEFR=0 COMP=1 COMP_H=41188.3 PS_HP=OK PS_LP=OK DOOR=1
2026-04-15T10:32:30 TS01 RD TEVAP=-37.1 TAIR=-33.6 TPRODIN=+4.3 TPRODOUT=-20.4 BELT=1 COMP=1 COMP_H=58096.2 PS_HP=OK PS_LP=OK
2026-04-15T10:35:32 CF02 RD TMAN=-13.8 TRIP=-12.9 TPROD=-13.4 SP=-18.0 RH=87 DEFR=0 COMP=0 COMP_H=41188.4 PS_HP=OK PS_LP=OK DOOR=1
2026-04-15T10:37:19 TS01 RD TEVAP=-37.9 TAIR=-31.8 TPRODIN=+3.3 TPRODOUT=-20.1 BELT=1 COMP=1 COMP_H=58096.2 PS_HP=OK PS_LP=OK
2026-04-15T10:27:41 CF02 EVT ALARM DOOR_TIMEOUT LIM=00:05:00 ACK=NO
2026-04-15T10:40:38 CF02 RD TMAN=-13.8 TRIP=-12.7 TPROD=-13.4 SP=-18.0 RH=89 DEFR=0 COMP=1 COMP_H=41188.4 PS_HP=OK PS_LP=OK DOOR=1
2026-04-15T10:42:40 TS01 RD TEVAP=-37.4 TAIR=-33.0 TPRODIN=+5.5 TPRODOUT=-18.7 BELT=1 COMP=1 COMP_H=58096.3 PS_HP=OK PS_LP=OK
2026-04-15T10:45:02 CF02 RD TMAN=-15.2 TRIP=-14.0 TPROD=-14.6 SP=-18.0 RH=86 DEFR=0 COMP=1 COMP_H=41188.5 PS_HP=OK PS_LP=OK DOOR=1
2026-04-15T10:47:54 TS01 RD TEVAP=-38.4 TAIR=-32.5 TPRODIN=+6.2 TPRODOUT=-20.2 BELT=1 COMP=1 COMP_H=58096.4 PS_HP=OK PS_LP=OK
2026-04-15T10:50:44 CF02 RD TMAN=-15.8 TRIP=-13.8 TPROD=-14.6 SP=-18.0 RH=84 DEFR=0 COMP=0 COMP_H=41188.5 PS_HP=OK PS_LP=OK DOOR=1
2026-04-15T10:52:12 TS01 RD TEVAP=-38.6 TAIR=-31.8 TPRODIN=+4.8 TPRODOUT=-19.5 BELT=1 COMP=1 COMP_H=58096.4 PS_HP=OK PS_LP=OK
2026-04-15T10:55:11 CF02 RD TMAN=-14.6 TRIP=-12.8 TPROD=-13.7 SP=-18.0 RH=91 DEFR=0 COMP=0 COMP_H=41188.5 PS_HP=OK PS_LP=OK DOOR=1
2026-04-15T10:57:48 TS01 RD TEVAP=-38.4 TAIR=-34.6 TPRODIN=+4.5 TPRODOUT=-20.7 BELT=1 COMP=1 COMP_H=58096.5 PS_HP=OK PS_LP=OK
2026-04-15T11:00:53 CF02 EVT DOOR_CLOSE DUR=00:38:12
2026-04-15T13:01:50 CF02 EVT DEFROST_START MODE=HOTGAS
2026-04-15T13:19:55 CF02 EVT DEFROST_END DUR=00:18:55 TEVAP_END=+8.0
2026-04-15T14:00:51 CF02 RD TMAN=-18.9 TRIP=-17.0 TPROD=-17.4 SP=-18.0 RH=87 DEFR=0 COMP=1 COMP_H=41187.6 PS_HP=OK PS_LP=OK DOOR=0
2026-04-15T14:02:04 TS01 RD TEVAP=-37.6 TAIR=-32.6 TPRODIN=+3.3 TPRODOUT=-20.2 BELT=1 COMP=1 COMP_H=58095.2 PS_HP=OK PS_LP=OK
2026-04-15T14:05:43 CF02 RD TMAN=-19.7 TRIP=-18.1 TPROD=-18.3 SP=-18.0 RH=87 DEFR=0 COMP=1 COMP_H=41187.7 PS_HP=OK PS_LP=OK DOOR=0
2026-04-15T14:07:25 TS01 RD TEVAP=-37.4 TAIR=-33.8 TPRODIN=+5.0 TPRODOUT=-18.7 BELT=1 COMP=1 COMP_H=58095.2 PS_HP=OK PS_LP=OK
2026-04-15T14:10:02 CF02 RD TMAN=-20.0 TRIP=-18.4 TPROD=-19.1 SP=-18.0 RH=85 DEFR=0 COMP=1 COMP_H=41187.7 PS_HP=OK PS_LP=OK DOOR=0
2026-04-15T14:12:48 TS01 RD TEVAP=-38.6 TAIR=-32.8 TPRODIN=+2.9 TPRODOUT=-19.4 BELT=1 COMP=1 COMP_H=58095.3 PS_HP=OK PS_LP=OK
2026-04-15T14:15:21 CF02 RD TMAN=-19.2 TRIP=-18.0 TPROD=-18.4 SP=-18.0 RH=92 DEFR=0 COMP=0 COMP_H=41187.8 PS_HP=OK PS_LP=OK DOOR=0
2026-04-15T14:17:42 TS01 RD TEVAP=-39.4 TAIR=-34.6 TPRODIN=+3.9 TPRODOUT=-19.1 BELT=1 COMP=1 COMP_H=58095.3 PS_HP=OK PS_LP=OK
2026-04-15T14:20:29 CF02 RD TMAN=-19.1 TRIP=-17.5 TPROD=-18.0 SP=-18.0 RH=92 DEFR=0 COMP=0 COMP_H=41187.8 PS_HP=OK PS_LP=OK DOOR=0
2026-04-15T14:22:13 TS01 RD TEVAP=-38.6 TAIR=-33.4 TPRODIN=+6.2 TPRODOUT=-20.4 BELT=1 COMP=1 COMP_H=58095.4 PS_HP=OK PS_LP=OK
2026-04-15T14:25:14 CF02 RD TMAN=-19.5 TRIP=-17.8 TPROD=-18.1 SP=-18.0 RH=91 DEFR=0 COMP=1 COMP_H=41187.9 PS_HP=OK PS_LP=OK DOOR=0
2026-04-15T14:27:29 TS01 RD TEVAP=-37.4 TAIR=-34.1 TPRODIN=+4.3 TPRODOUT=-20.5 BELT=1 COMP=1 COMP_H=58095.5 PS_HP=OK PS_LP=WARN
2026-04-15T14:30:14 CF02 RD TMAN=-18.7 TRIP=-17.2 TPROD=-18.2 SP=-18.0 RH=93 DEFR=0 COMP=1 COMP_H=41187.9 PS_HP=OK PS_LP=OK DOOR=0
2026-04-15T14:32:05 TS01 RD TEVAP=-37.4 TAIR=-32.8 TPRODIN=+4.5 TPRODOUT=-19.5 BELT=1 COMP=1 COMP_H=58095.5 PS_HP=OK PS_LP=OK
2026-04-15T14:35:22 CF02 RD TMAN=-18.9 TRIP=-17.0 TPROD=-17.8 SP=-18.0 RH=89 DEFR=0 COMP=0 COMP_H=41187.9 PS_HP=OK PS_LP=OK DOOR=0
2026-04-15T14:37:10 TS01 RD TEVAP=-39.2 TAIR=-34.5 TPRODIN=+3.1 TPRODOUT=-19.6 BELT=1 COMP=1 COMP_H=58095.6 PS_HP=OK PS_LP=OK
2026-04-15T14:40:18 CF02 RD TMAN=-19.4 TRIP=-18.0 TPROD=-18.8 SP=-18.0 RH=90 DEFR=0 COMP=0 COMP_H=41188.0 PS_HP=OK PS_LP=OK DOOR=0
2026-04-15T14:42:04 TS01 RD TEVAP=-36.9 TAIR=-34.1 TPRODIN=+4.1 TPRODOUT=-20.2 BELT=1 COMP=1 COMP_H=58095.7 PS_HP=OK PS_LP=OK
2026-04-15T16:05:39 CF02 EVT DEFROST_START MODE=HOTGAS
2026-04-15T16:32:33 CF02 EVT DEFROST_END DUR=00:26:33 TEVAP_END=+8.5
2026-04-15T19:01:01 CF02 EVT DEFROST_START MODE=HOTGAS
2026-04-15T19:28:19 CF02 EVT DEFROST_END DUR=00:27:19 TEVAP_END=+8.8
2026-04-15T22:07:35 CF02 EVT DEFROST_START MODE=HOTGAS
2026-04-15T22:29:24 CF02 EVT DEFROST_END DUR=00:21:24 TEVAP_END=+8.8
2026-04-16T01:01:37 CF02 EVT DEFROST_START MODE=HOTGAS
2026-04-16T01:25:01 CF02 EVT DEFROST_END DUR=00:23:01 TEVAP_END=+8.5
2026-04-16T02:00:45 CF02 RD TMAN=-18.8 TRIP=-16.8 TPROD=-17.7 SP=-18.0 RH=90 DEFR=0 COMP=1 COMP_H=41188.6 PS_HP=OK PS_LP=OK DOOR=0
2026-04-16T02:02:19 TS01 RD TEVAP=-15.5 TAIR=-8.0 TPRODIN=+0.0 TPRODOUT=+0.0 BELT=0 COMP=0 COMP_H=58096.5 PS_HP=OK PS_LP=OK
2026-04-16T02:05:50 CF02 RD TMAN=-18.9 TRIP=-17.5 TPROD=-18.0 SP=-18.0 RH=91 DEFR=0 COMP=1 COMP_H=41188.6 PS_HP=OK PS_LP=OK DOOR=0
2026-04-16T02:07:23 TS01 RD TEVAP=-7.9 TAIR=-9.4 TPRODIN=+0.0 TPRODOUT=+0.0 BELT=0 COMP=0 COMP_H=58096.5 PS_HP=OK PS_LP=WARN
2026-04-16T02:10:00 CF02 RD TMAN=-19.1 TRIP=-17.8 TPROD=-17.8 SP=-18.0 RH=89 DEFR=0 COMP=1 COMP_H=41188.7 PS_HP=OK PS_LP=OK DOOR=0
2026-04-16T02:12:41 TS01 RD TEVAP=-12.6 TAIR=-3.3 TPRODIN=+0.0 TPRODOUT=+0.0 BELT=0 COMP=0 COMP_H=58096.5 PS_HP=OK PS_LP=OK
2026-04-16T02:15:48 CF02 RD TMAN=-19.9 TRIP=-18.5 TPROD=-19.0 SP=-18.0 RH=91 DEFR=0 COMP=1 COMP_H=41188.7 PS_HP=OK PS_LP=OK DOOR=0
2026-04-16T02:17:41 TS01 RD TEVAP=-15.9 TAIR=-7.0 TPRODIN=+0.0 TPRODOUT=+0.0 BELT=0 COMP=0 COMP_H=58096.5 PS_HP=OK PS_LP=OK
2026-04-16T02:20:06 CF02 RD TMAN=-18.7 TRIP=-17.4 TPROD=-17.4 SP=-18.0 RH=87 DEFR=0 COMP=1 COMP_H=41188.8 PS_HP=OK PS_LP=OK DOOR=0
2026-04-16T02:22:53 TS01 RD TEVAP=-6.5 TAIR=-3.5 TPRODIN=+0.0 TPRODOUT=+0.0 BELT=0 COMP=0 COMP_H=58096.5 PS_HP=OK PS_LP=OK
2026-04-16T02:25:03 CF02 RD TMAN=-18.7 TRIP=-17.1 TPROD=-17.7 SP=-18.0 RH=85 DEFR=0 COMP=1 COMP_H=41188.8 PS_HP=OK PS_LP=OK DOOR=0
2026-04-16T02:27:36 TS01 RD TEVAP=-15.4 TAIR=-7.3 TPRODIN=+0.0 TPRODOUT=+0.0 BELT=0 COMP=0 COMP_H=58096.5 PS_HP=OK PS_LP=OK
2026-04-16T02:30:34 CF02 RD TMAN=-19.0 TRIP=-17.6 TPROD=-18.0 SP=-18.0 RH=86 DEFR=0 COMP=0 COMP_H=41188.9 PS_HP=OK PS_LP=OK DOOR=0
2026-04-16T02:32:00 TS01 RD TEVAP=-14.3 TAIR=-9.8 TPRODIN=+0.0 TPRODOUT=+0.0 BELT=0 COMP=0 COMP_H=58096.5 PS_HP=OK PS_LP=OK
2026-04-16T02:35:46 CF02 RD TMAN=-20.1 TRIP=-18.0 TPROD=-18.6 SP=-18.0 RH=92 DEFR=0 COMP=1 COMP_H=41188.9 PS_HP=OK PS_LP=OK DOOR=0
2026-04-16T02:37:30 TS01 RD TEVAP=-6.9 TAIR=-8.6 TPRODIN=+0.0 TPRODOUT=+0.0 BELT=0 COMP=0 COMP_H=58096.5 PS_HP=OK PS_LP=WARN
2026-04-16T02:40:54 CF02 RD TMAN=-18.6 TRIP=-17.1 TPROD=-18.1 SP=-18.0 RH=91 DEFR=0 COMP=0 COMP_H=41188.9 PS_HP=OK PS_LP=OK DOOR=0
2026-04-16T02:42:05 TS01 RD TEVAP=-10.6 TAIR=-6.8 TPRODIN=+0.0 TPRODOUT=+0.0 BELT=0 COMP=0 COMP_H=58096.5 PS_HP=OK PS_LP=OK
2026-04-16T03:00:18 CF02 RD TMAN=-19.6 TRIP=-17.5 TPROD=-18.4 SP=-18.0 RH=89 DEFR=0 COMP=1 COMP_H=41189.0 PS_HP=OK PS_LP=OK DOOR=0
2026-04-16T03:02:38 TS01 RD TEVAP=-7.6 TAIR=-5.1 TPRODIN=+0.0 TPRODOUT=+0.0 BELT=0 COMP=0 COMP_H=58096.5 PS_HP=OK PS_LP=OK
2026-04-16T03:05:27 CF02 RD TMAN=-19.5 TRIP=-17.8 TPROD=-18.9 SP=-18.0 RH=85 DEFR=0 COMP=1 COMP_H=41189.0 PS_HP=OK PS_LP=OK DOOR=0
2026-04-16T03:07:53 TS01 RD TEVAP=-10.4 TAIR=-7.3 TPRODIN=+0.0 TPRODOUT=+0.0 BELT=0 COMP=0 COMP_H=58096.5 PS_HP=OK PS_LP=OK
2026-04-16T03:10:23 CF02 RD TMAN=-18.6 TRIP=-16.9 TPROD=-17.6 SP=-18.0 RH=84 DEFR=0 COMP=1 COMP_H=41189.1 PS_HP=OK PS_LP=OK DOOR=0
2026-04-16T03:12:47 CF02 EVT ALARM HIGH_TEMP T=-14.8 SP=-18.0 DIFF=3.2 DUR=00:41:12 ACK=NO
2026-04-16T03:12:50 TS01 RD TEVAP=-15.9 TAIR=-11.4 TPRODIN=+0.0 TPRODOUT=+0.0 BELT=0 COMP=0 COMP_H=58096.5 PS_HP=OK PS_LP=OK
2026-04-16T03:15:28 CF02 RD TMAN=-16.3 TRIP=-14.9 TPROD=-15.4 SP=-18.0 RH=93 DEFR=0 COMP=1 COMP_H=41189.1 PS_HP=OK PS_LP=OK DOOR=0
2026-04-16T03:17:24 TS01 RD TEVAP=-8.3 TAIR=-8.2 TPRODIN=+0.0 TPRODOUT=+0.0 BELT=0 COMP=0 COMP_H=58096.5 PS_HP=OK PS_LP=OK
2026-04-16T03:20:17 CF02 RD TMAN=-15.9 TRIP=-13.9 TPROD=-14.8 SP=-18.0 RH=90 DEFR=0 COMP=1 COMP_H=41189.2 PS_HP=OK PS_LP=OK DOOR=0
2026-04-16T03:22:45 TS01 RD TEVAP=-10.2 TAIR=-6.9 TPRODIN=+0.0 TPRODOUT=+0.0 BELT=0 COMP=0 COMP_H=58096.5 PS_HP=OK PS_LP=OK
2026-04-16T03:25:07 CF02 RD TMAN=-16.5 TRIP=-15.0 TPROD=-15.5 SP=-18.0 RH=92 DEFR=0 COMP=1 COMP_H=41189.2 PS_HP=OK PS_LP=OK DOOR=0
2026-04-16T03:27:47 TS01 RD TEVAP=-8.6 TAIR=-3.4 TPRODIN=+0.0 TPRODOUT=+0.0 BELT=0 COMP=0 COMP_H=58096.5 PS_HP=OK PS_LP=WARN
2026-04-16T03:30:43 CF02 RD TMAN=-15.6 TRIP=-13.9 TPROD=-14.5 SP=-18.0 RH=85 DEFR=0 COMP=1 COMP_H=41189.2 PS_HP=OK PS_LP=OK DOOR=0
2026-04-16T03:32:37 TS01 RD TEVAP=-8.8 TAIR=-10.9 TPRODIN=+0.0 TPRODOUT=+0.0 BELT=0 COMP=0 COMP_H=58096.5 PS_HP=OK PS_LP=OK
2026-04-16T03:35:48 CF02 RD TMAN=-16.5 TRIP=-14.8 TPROD=-15.3 SP=-18.0 RH=89 DEFR=0 COMP=1 COMP_H=41189.3 PS_HP=OK PS_LP=OK DOOR=0
2026-04-16T03:37:38 TS01 RD TEVAP=-9.9 TAIR=-9.5 TPRODIN=+0.0 TPRODOUT=+0.0 BELT=0 COMP=0 COMP_H=58096.5 PS_HP=OK PS_LP=OK
2026-04-16T03:40:22 CF02 RD TMAN=-15.9 TRIP=-14.6 TPROD=-14.8 SP=-18.0 RH=84 DEFR=0 COMP=1 COMP_H=41189.3 PS_HP=OK PS_LP=OK DOOR=0
2026-04-16T03:42:28 TS01 RD TEVAP=-13.7 TAIR=-9.5 TPRODIN=+0.0 TPRODOUT=+0.0 BELT=0 COMP=0 COMP_H=58096.5 PS_HP=OK PS_LP=OK
2026-04-16T03:45:00 CF02 RD TMAN=-15.6 TRIP=-14.4 TPROD=-14.9 SP=-18.0 RH=88 DEFR=0 COMP=1 COMP_H=41189.4 PS_HP=OK PS_LP=OK DOOR=0
2026-04-16T03:47:15 TS01 RD TEVAP=-12.0 TAIR=-5.5 TPRODIN=+0.0 TPRODOUT=+0.0 BELT=0 COMP=0 COMP_H=58096.5 PS_HP=OK PS_LP=OK
2026-04-16T03:50:34 CF02 RD TMAN=-15.7 TRIP=-14.6 TPROD=-14.7 SP=-18.0 RH=90 DEFR=0 COMP=1 COMP_H=41189.4 PS_HP=OK PS_LP=OK DOOR=0
2026-04-16T03:52:50 TS01 RD TEVAP=-14.4 TAIR=-11.6 TPRODIN=+0.0 TPRODOUT=+0.0 BELT=0 COMP=0 COMP_H=58096.5 PS_HP=OK PS_LP=OK
2026-04-16T03:53:59 CF02 EVT ALARM_RESET HIGH_TEMP T=-16.6 ACK=NO
2026-04-16T03:55:26 CF02 RD TMAN=-19.4 TRIP=-17.9 TPROD=-18.1 SP=-18.0 RH=85 DEFR=0 COMP=1 COMP_H=41189.5 PS_HP=OK PS_LP=OK DOOR=0
2026-04-16T03:57:49 TS01 RD TEVAP=-14.0 TAIR=-11.5 TPRODIN=+0.0 TPRODOUT=+0.0 BELT=0 COMP=0 COMP_H=58096.5 PS_HP=OK PS_LP=OK
2026-04-16T04:00:50 CF02 RD TMAN=-19.8 TRIP=-17.5 TPROD=-18.3 SP=-18.0 RH=84 DEFR=0 COMP=1 COMP_H=41189.5 PS_HP=OK PS_LP=OK DOOR=0
2026-04-16T04:01:04 CF02 EVT DEFROST_START MODE=HOTGAS
2026-04-16T04:02:20 TS01 RD TEVAP=-6.2 TAIR=-6.8 TPRODIN=+0.0 TPRODOUT=+0.0 BELT=0 COMP=0 COMP_H=58096.5 PS_HP=OK PS_LP=OK
2026-04-16T04:05:46 CF02 RD TMAN=-18.5 TRIP=-16.9 TPROD=-17.6 SP=-18.0 RH=85 DEFR=0 COMP=1 COMP_H=41189.6 PS_HP=OK PS_LP=OK DOOR=0
2026-04-16T04:07:43 TS01 RD TEVAP=-9.5 TAIR=-4.1 TPRODIN=+0.0 TPRODOUT=+0.0 BELT=0 COMP=0 COMP_H=58096.5 PS_HP=OK PS_LP=OK
2026-04-16T04:10:20 CF02 RD TMAN=-18.8 TRIP=-17.8 TPROD=-18.0 SP=-18.0 RH=92 DEFR=0 COMP=0 COMP_H=41189.6 PS_HP=OK PS_LP=OK DOOR=0
2026-04-16T04:12:07 TS01 RD TEVAP=-11.2 TAIR=-4.3 TPRODIN=+0.0 TPRODOUT=+0.0 BELT=0 COMP=0 COMP_H=58096.5 PS_HP=OK PS_LP=OK
2026-04-16T04:15:13 CF02 RD TMAN=-19.6 TRIP=-18.3 TPROD=-18.3 SP=-18.0 RH=92 DEFR=0 COMP=0 COMP_H=41189.6 PS_HP=OK PS_LP=OK DOOR=0
2026-04-16T04:17:03 TS01 RD TEVAP=-12.1 TAIR=-5.3 TPRODIN=+0.0 TPRODOUT=+0.0 BELT=0 COMP=0 COMP_H=58096.5 PS_HP=OK PS_LP=OK
2026-04-16T04:20:55 CF02 RD TMAN=-18.7 TRIP=-17.1 TPROD=-17.9 SP=-18.0 RH=84 DEFR=0 COMP=0 COMP_H=41189.7 PS_HP=OK PS_LP=OK DOOR=0
2026-04-16T04:22:33 CF02 EVT DEFROST_END DUR=00:21:33 TEVAP_END=+8.8
2026-04-16T04:22:41 TS01 RD TEVAP=-11.1 TAIR=-3.0 TPRODIN=+0.0 TPRODOUT=+0.0 BELT=0 COMP=0 COMP_H=58096.5 PS_HP=OK PS_LP=OK
2026-04-16T04:25:25 CF02 RD TMAN=-18.5 TRIP=-17.0 TPROD=-17.8 SP=-18.0 RH=88 DEFR=0 COMP=1 COMP_H=41189.7 PS_HP=OK PS_LP=OK DOOR=0
2026-04-16T04:27:24 TS01 RD TEVAP=-10.7 TAIR=-5.8 TPRODIN=+0.0 TPRODOUT=+0.0 BELT=0 COMP=0 COMP_H=58096.5 PS_HP=OK PS_LP=OK
2026-04-16T07:06:24 CF02 EVT DEFROST_START MODE=HOTGAS
2026-04-16T07:24:52 CF02 EVT DEFROST_END DUR=00:18:52 TEVAP_END=+8.9
2026-04-16T10:07:34 CF02 EVT DEFROST_START MODE=HOTGAS
2026-04-16T10:26:54 CF02 EVT DEFROST_END DUR=00:19:54 TEVAP_END=+8.8
2026-04-16T13:06:29 CF02 EVT DEFROST_START MODE=HOTGAS
2026-04-16T13:25:18 CF02 EVT DEFROST_END DUR=00:18:18 TEVAP_END=+8.3
2026-04-16T16:00:36 CF02 EVT DEFROST_START MODE=HOTGAS
2026-04-16T16:26:32 CF02 EVT DEFROST_END DUR=00:25:32 TEVAP_END=+8.5
2026-04-16T19:04:33 CF02 EVT DEFROST_START MODE=HOTGAS
2026-04-16T19:23:31 CF02 EVT DEFROST_END DUR=00:18:31 TEVAP_END=+8.4
2026-04-16T22:03:24 CF02 EVT DEFROST_START MODE=HOTGAS
2026-04-16T22:24:54 CF02 EVT DEFROST_END DUR=00:21:54 TEVAP_END=+8.5
2026-04-17T01:07:20 CF02 EVT DEFROST_START MODE=HOTGAS
2026-04-17T01:29:32 CF02 EVT DEFROST_END DUR=00:22:32 TEVAP_END=+8.4
2026-04-17T04:06:36 CF02 EVT DEFROST_START MODE=HOTGAS
2026-04-17T04:33:26 CF02 EVT DEFROST_END DUR=00:26:26 TEVAP_END=+8.3
2026-04-17T07:06:29 CF02 EVT DEFROST_START MODE=HOTGAS
2026-04-17T07:34:00 CF02 EVT DEFROST_END DUR=00:27:00 TEVAP_END=+8.7
2026-04-17T10:06:26 CF02 EVT DEFROST_START MODE=HOTGAS
2026-04-17T10:28:50 CF02 EVT DEFROST_END DUR=00:22:50 TEVAP_END=+8.1
2026-04-17T13:09:02 CF02 EVT DEFROST_START MODE=HOTGAS
2026-04-17T13:35:44 CF02 EVT DEFROST_END DUR=00:26:44 TEVAP_END=+8.9
2026-04-17T14:00:55 CF02 RD TMAN=-19.2 TRIP=-17.1 TPROD=-17.6 SP=-18.0 RH=87 DEFR=0 COMP=1 COMP_H=41189.8 PS_HP=OK PS_LP=OK DOOR=0
2026-04-17T14:02:05 TS01 RD TEVAP=-37.9 TAIR=-34.5 TPRODIN=+3.7 TPRODOUT=-19.9 BELT=1 COMP=1 COMP_H=58096.6 PS_HP=OK PS_LP=OK
2026-04-17T14:05:37 CF02 RD TMAN=-19.4 TRIP=-17.7 TPROD=-18.4 SP=-18.0 RH=88 DEFR=0 COMP=0 COMP_H=41189.8 PS_HP=OK PS_LP=OK DOOR=0
2026-04-17T14:07:02 TS01 RD TEVAP=-37.2 TAIR=-33.8 TPRODIN=+6.2 TPRODOUT=-19.7 BELT=1 COMP=1 COMP_H=58096.6 PS_HP=OK PS_LP=OK
2026-04-17T14:10:28 CF02 RD TMAN=-18.5 TRIP=-16.9 TPROD=-17.5 SP=-18.0 RH=92 DEFR=0 COMP=1 COMP_H=41189.8 PS_HP=OK PS_LP=OK DOOR=0
2026-04-17T14:12:33 TS01 RD TEVAP=-37.7 TAIR=-32.8 TPRODIN=+4.2 TPRODOUT=-18.8 BELT=1 COMP=1 COMP_H=58096.7 PS_HP=OK PS_LP=OK
2026-04-17T14:15:19 CF02 RD TMAN=-19.7 TRIP=-18.2 TPROD=-18.7 SP=-18.0 RH=84 DEFR=0 COMP=1 COMP_H=41189.9 PS_HP=OK PS_LP=OK DOOR=0
2026-04-17T14:17:40 TS01 RD TEVAP=-37.0 TAIR=-34.1 TPRODIN=+4.9 TPRODOUT=-19.3 BELT=1 COMP=1 COMP_H=58096.7 PS_HP=OK PS_LP=OK
2026-04-17T14:20:51 CF02 RD TMAN=-19.7 TRIP=-18.4 TPROD=-18.6 SP=-18.0 RH=89 DEFR=0 COMP=1 COMP_H=41189.9 PS_HP=OK PS_LP=OK DOOR=0
2026-04-17T14:22:05 TS01 RD TEVAP=-37.0 TAIR=-31.9 TPRODIN=+3.2 TPRODOUT=-19.7 BELT=1 COMP=1 COMP_H=58096.8 PS_HP=OK PS_LP=OK
2026-04-17T14:25:50 CF02 RD TMAN=-18.8 TRIP=-17.4 TPROD=-18.1 SP=-18.0 RH=92 DEFR=0 COMP=1 COMP_H=41190.0 PS_HP=OK PS_LP=OK DOOR=0
2026-04-17T14:27:30 TS01 RD TEVAP=-38.6 TAIR=-32.1 TPRODIN=+4.9 TPRODOUT=-20.4 BELT=1 COMP=1 COMP_H=58096.9 PS_HP=OK PS_LP=OK
2026-04-17T14:30:29 CF02 RD TMAN=-19.4 TRIP=-17
2026-04-17T14:32:01 TS01 RD TEVAP=-38.7 TAIR=-32.2 TPRODIN=+3.8 TPRODOUT=-19.2 BELT=1 COMP=1 COMP_H=58096.9 PS_HP=OK PS_LP=OK
2026-04-17T14:35:20 CF02 RD TMAN=-19.4 TRIP=-18.1 TPROD=-18.0 SP=-18.0 RH=84 DEFR=0 COMP=1 COMP_H=41190.1 PS_HP=OK PS_LP=OK DOOR=0
2026-04-17T14:37:43 TS01 RD TEVAP=-39.3 TAIR=-33.0 TPRODIN=+5.0 TPRODOUT=-19.8 BELT=1 COMP=1 COMP_H=58097.0 PS_HP=OK PS_LP=OK
2026-04-17T14:40:03 CF02 RD TMAN=-19.1 TRIP=-17.7 TPROD=-18.5 SP=-18.0 RH=89 DEFR=0 COMP=1 COMP_H=41190.1 PS_HP=OK PS_LP=OK DOOR=0
2026-04-17T14:42:30 TS01 RD TEVAP=-37.2 TAIR=-31.7 TPRODIN=+5.4 TPRODOUT=-20.3 BELT=1 COMP=1 COMP_H=58097.1 PS_HP=OK PS_LP=OK
2026-04-17T16:04:39 CF02 EVT DEFROST_START MODE=HOTGAS
2026-04-17T16:28:52 CF02 EVT DEFROST_END DUR=00:24:52 TEVAP_END=+8.0
2026-04-17T19:08:43 CF02 EVT DEFROST_START MODE=HOTGAS
2026-04-17T19:30:32 CF02 EVT DEFROST_END DUR=00:21:32 TEVAP_END=+8.9
2026-04-17T22:04:16 CF02 EVT DEFROST_START MODE=HOTGAS
2026-04-17T22:30:00 CF02 EVT DEFROST_END DUR=00:25:00 TEVAP_END=+8.7
2026-04-18T01:03:14 CF02 EVT DEFROST_START MODE=HOTGAS
2026-04-18T01:30:41 CF02 EVT DEFROST_END DUR=00:27:41 TEVAP_END=+8.7
2026-04-18T02:00:00 CF02 RD TMAN=-18.8 TRIP=-17.3 TPROD=-17.4 SP=-18.0 RH=85 DEFR=0 COMP=1 COMP_H=41190.2 PS_HP=OK PS_LP=OK DOOR=0
2026-04-18T02:02:07 TS01 RD TEVAP=-9.5 TAIR=-9.9 TPRODIN=+0.0 TPRODOUT=+0.0 BELT=0 COMP=0 COMP_H=58097.1 PS_HP=OK PS_LP=OK
2026-04-18T02:05:10 CF02 RD TMAN=-19.6 TRIP=-17.6 TPROD=-18.6 SP=-18.0 RH=88 DEFR=0 COMP=1 COMP_H=41190.2 PS_HP=OK PS_LP=OK DOOR=0
2026-04-18T02:07:47 TS01 RD TEVAP=-11.8 TAIR=-4.0 TPRODIN=+0.0 TPRODOUT=+0.0 BELT=0 COMP=0 COMP_H=58097.1 PS_HP=OK PS_LP=OK
2026-04-18T02:10:50 CF02 RD TMAN=-19.1 TRIP=-17.8 TPROD=-18.4 SP=-18.0 RH=93 DEFR=0 COMP=0 COMP_H=41190.3 PS_HP=OK PS_LP=OK DOOR=0
2026-04-18T02:12:25 TS01 RD TEVAP=-11.9 TAIR=-6.4 TPRODIN=+0.0 TPRODOUT=+0.0 BELT=0 COMP=0 COMP_H=58097.1 PS_HP=OK PS_LP=OK
2026-04-18T02:15:24 CF02 RD TMAN=-19.6 TRIP=-18.5 TPROD=-18.9 SP=-18.0 RH=89 DEFR=0 COMP=1 COMP_H=41190.3 PS_HP=OK PS_LP=OK DOOR=0
2026-04-18T02:17:36 TS01 RD TEVAP=-14.1 TAIR=-11.3 TPRODIN=+0.0 TPRODOUT=+0.0 BELT=0 COMP=0 COMP_H=58097.1 PS_HP=OK PS_LP=OK
2026-04-18T02:20:29 CF02 RD TMAN=-19.3 TRIP=-17.8 TPROD=-18.2 SP=-18.0 RH=91 DEFR=0 COMP=0 COMP_H=41190.3 PS_HP=OK PS_LP=OK DOOR=0
2026-04-18T02:22:32 TS01 RD TEVAP=-8.6 TAIR=-6.5 TPRODIN=+0.0 TPRODOUT=+0.0 BELT=0 COMP=0 COMP_H=58097.1 PS_HP=OK PS_LP=OK
2026-04-18T02:25:13 CF02 RD TMAN=-19.3 TRIP=-18.4 TPROD=-18.8 SP=-18.0 RH=92 DEFR=0 COMP=0 COMP_H=41190.4 PS_HP=OK PS_LP=OK DOOR=0
2026-04-18T02:27:11 TS01 RD TEVAP=-11.9 TAIR=-6.8 TPRODIN=+0.0 TPRODOUT=+0.0 BELT=0 COMP=0 COMP_H=58097.1 PS_HP=OK PS_LP=OK
2026-04-18T02:30:55 CF02 RD TMAN=-19.2 TRIP=-18.1 TPROD=-18.2 SP=-18.0 RH=93 DEFR=0 COMP=0 COMP_H=41190.4 PS_HP=OK PS_LP=OK DOOR=0
2026-04-18T02:32:06 TS01 RD TEVAP=-7.5 TAIR=-7.7 TPRODIN=+0.0 TPRODOUT=+0.0 BELT=0 COMP=0 COMP_H=58097.1 PS_HP=OK PS_LP=OK
2026-04-18T02:35:53 CF02 RD TMAN=-19.1 TRIP=-17.8 TPROD=-18.2 SP=-18.0 RH=89 DEFR=0 COMP=1 COMP_H=41190.5 PS_HP=OK PS_LP=OK DOOR=0
2026-04-18T02:37:21 TS01 RD TEVAP=-10.5 TAIR=-7.4 TPRODIN=+0.0 TPRODOUT=+0.0 BELT=0 COMP=0 COMP_H=58097.1 PS_HP=OK PS_LP=OK
2026-04-18T02:40:23 CF02 RD TMAN=-19.8 TRIP=-17.9 TPROD=-18.5 SP=-18.0 RH=91 DEFR=0 COMP=0 COMP_H=41190.5 PS_HP=OK PS_LP=OK DOOR=0
2026-04-18T02:42:10 TS01 RD TEVAP=-13.2 TAIR=-5.0 TPRODIN=+0.0 TPRODOUT=+0.0 BELT=0 COMP=0 COMP_H=58097.1 PS_HP=OK PS_LP=OK
2026-04-18T04:05:40 CF02 EVT DEFROST_START MODE=HOTGAS
2026-04-18T04:31:12 CF02 EVT DEFROST_END DUR=00:25:12 TEVAP_END=+8.9
2026-04-18T07:07:00 CF02 EVT DEFROST_START MODE=HOTGAS
2026-04-18T07:32:13 CF02 EVT DEFROST_END DUR=00:25:13 TEVAP_END=+8.2
2026-04-18T10:02:41 CF02 EVT DEFROST_START MODE=HOTGAS
2026-04-18T10:20:52 CF02 EVT DEFROST_END DUR=00:18:52 TEVAP_END=+8.2
2026-04-18T13:02:16 CF02 EVT DEFROST_START MODE=HOTGAS
2026-04-18T13:30:08 CF02 EVT DEFROST_END DUR=00:27:08 TEVAP_END=+8.6
2026-04-18T16:03:07 CF02 EVT DEFROST_START MODE=HOTGAS
2026-04-18T16:25:16 CF02 EVT DEFROST_END DUR=00:22:16 TEVAP_END=+8.4
2026-04-18T16:41:00 CF02 EVT ALARM PROBE_FAIL CH=S3_TPROD VAL=-999.9 ACK=NO
2026-04-18T17:00:43 CF02 RD TMAN=-19.1 TRIP=-17.2 TPROD=-999.9 SP=-18.0 RH=85 DEFR=0 COMP=1 COMP_H=41190.6 PS_HP=OK PS_LP=OK DOOR=0
2026-04-18T17:02:17 TS01 RD TEVAP=-39.2 TAIR=-33.6 TPRODIN=+6.1 TPRODOUT=-20.3 BELT=1 COMP=1 COMP_H=58097.1 PS_HP=OK PS_LP=OK
2026-04-18T17:05:20 CF02 RD TMAN=-19.1 TRIP=-17.4 TPROD=-999.9 SP=-18.0 RH=92 DEFR=0 COMP=1 COMP_H=41190.6 PS_HP=OK PS_LP=OK DOOR=0
2026-04-18T17:07:28 TS01 RD TEVAP=-37.5 TAIR=-34.3 TPRODIN=+3.3 TPRODOUT=-20.6 BELT=1 COMP=1 COMP_H=58097.2 PS_HP=OK PS_LP=OK
2026-04-18T17:10:02 CF02 RD TMAN=-19.2 TRIP=-17.6 TPROD=-999.9 SP=-18.0 RH=89 DEFR=0 COMP=1 COMP_H=41190.7 PS_HP=OK PS_LP=OK DOOR=0
2026-04-18T17:12:21 TS01 RD TEVAP=-38.4 TAIR=-33.3 TPRODIN=+2.9 TPRODOUT=-20.6 BELT=1 COMP=1 COMP_H=58097.3 PS_HP=OK PS_LP=OK
2026-04-18T17:15:34 CF02 RD TMAN=-18.3 TRIP=-17.2 TPROD=-999.9 SP=-18.0 RH=92 DEFR=0 COMP=0 COMP_H=41190.7 PS_HP=OK PS_LP=OK DOOR=0
2026-04-18T17:17:08 TS01 RD TEVAP=-37.1 TAIR=-33.2 TPRODIN=+4.1 TPRODOUT=-18.6 BELT=1 COMP=1 COMP_H=58097.4 PS_HP=OK PS_LP=OK
2026-04-18T17:20:39 CF02 RD TMAN=-19.4 TRIP=-17.5 TPROD=-999.9 SP=-18.0 RH=91 DEFR=0 COMP=1 COMP_H=41190.7 PS_HP=OK PS_LP=OK DOOR=0
2026-04-18T17:22:09 TS01 RD TEVAP=-37.4 TAIR=-34.6 TPRODIN=+6.1 TPRODOUT=-19.2 BELT=1 COMP=1 COMP_H=58097.4 PS_HP=OK PS_LP=OK
2026-04-18T17:25:29 CF02 RD TMAN=-19.6 TRIP=-18.1 TPROD=-999.9 SP=-18.0 RH=93 DEFR=0 COMP=1 COMP_H=41190.8 PS_HP=OK PS_LP=OK DOOR=0
2026-04-18T17:27:39 TS01 RD TEVAP=-38.2 TAIR=-34.3 TPRODIN=+5.2 TPRODOUT=-19.3 BELT=1 COMP=1 COMP_H=58097.5 PS_HP=OK PS_LP=OK
2026-04-18T17:30:14 CF02 RD TMAN=-19.4 TRIP=-18.0 TPROD=-999.9 SP=-18.0 RH=89 DEFR=0 COMP=0 COMP_H=41190.8 PS_HP=OK PS_LP=OK DOOR=0
2026-04-18T17:32:13 TS01 RD TEVAP=-39.1 TAIR=-34.3 TPRODIN=+6.0 TPRODOUT=-20.6 BELT=1 COMP=1 COMP_H=58097.6 PS_HP=OK PS_LP=OK
2026-04-18T17:35:06 CF02 RD TMAN=-19.7 TRIP=-18.3 TPROD=-999.9 SP=-18.0 RH=93 DEFR=0 COMP=0 COMP_H=41190.8 PS_HP=OK PS_LP=OK DOOR=0
2026-04-18T17:37:27 TS01 RD TEVAP=-37.6 TAIR=-33.5 TPRODIN=+4.6 TPRODOUT=-19.1 BELT=1 COMP=1 COMP_H=58097.6 PS_HP=OK PS_LP=OK
2026-04-18T17:40:22 CF02 RD TMAN=-18.9 TRIP=-17.3 TPROD=-999.9 SP=-18.0 RH=93 DEFR=0 COMP=0 COMP_H=41190.9 PS_HP=OK PS_LP=OK DOOR=0
2026-04-18T17:42:55 TS01 RD TEVAP=-39.2 TAIR=-32.6 TPRODIN=+3.6 TPRODOUT=-19.3 BELT=1 COMP=1 COMP_H=58097.7 PS_HP=OK PS_LP=OK
2026-04-18T17:45:42 CF02 RD TMAN=-19.0 TRIP=-17.5 TPROD=-999.9 SP=-18.0 RH=90 DEFR=0 COMP=1 COMP_H=41191.0 PS_HP=OK PS_LP=OK DOOR=0
2026-04-18T17:47:53 TS01 RD TEVAP=-39.4 TAIR=-32.3 TPRODIN=+4.8 TPRODOUT=-19.4 BELT=1 COMP=1 COMP_H=58097.8 PS_HP=OK PS_LP=OK
2026-04-18T17:50:09 CF02 RD TMAN=-19.3 TRIP=-18.2 TPROD=-999.9 SP=-18.0 RH=86 DEFR=0 COMP=1 COMP_H=41191.0 PS_HP=OK PS_LP=OK DOOR=0
2026-04-18T17:52:47 TS01 RD TEVAP=-37.9 TAIR=-32.9 TPRODIN=+6.4 TPRODOUT=-19.1 BELT=1 COMP=1 COMP_H=58097.9 PS_HP=OK PS_LP=OK
2026-04-18T17:55:49 CF02 RD TMAN=-19.1 TRIP=-17.4 TPROD=-999.9 SP=-18.0 RH=87 DEFR=0 COMP=0 COMP_H=41191.1 PS_HP=OK PS_LP=OK DOOR=0
2026-04-18T17:57:26 TS01 RD TEVAP=-36.8 TAIR=-32.4 TPRODIN=+5.9 TPRODOUT=-20.7 BELT=1 COMP=1 COMP_H=58097.9 PS_HP=OK PS_LP=OK
2026-04-18T18:00:49 CF02 RD TMAN=-19.0 TRIP=-17.5 TPROD=-999.9 SP=-18.0 RH=90 DEFR=0 COMP=1 COMP_H=41191.1 PS_HP=OK PS_LP=OK DOOR=0
2026-04-18T18:02:45 TS01 RD TEVAP=-36.9 TAIR=-33.0 TPRODIN=+4.2 TPRODOUT=-19.8 BELT=1 COMP=1 COMP_H=58098.0 PS_HP=OK PS_LP=OK
2026-04-18T18:05:45 CF02 RD TMAN=-19.8 TRIP=-18.0 TPROD=-999.9 SP=-18.0 RH=92 DEFR=0 COMP=1 COMP_H=41191.2 PS_HP=OK PS_LP=OK DOOR=0
2026-04-18T18:07:39 TS01 RD TEVAP=-37.6 TAIR=-33.5 TPRODIN=+2.8 TPRODOUT=-20.6 BELT=1 COMP=1 COMP_H=58098.1 PS_HP=OK PS_LP=OK
2026-04-18T18:10:21 CF02 RD TMAN=-18.7 TRIP=-17.6 TPROD=-999.9 SP=-18.0 RH=87 DEFR=0 COMP=1 COMP_H=41191.2 PS_HP=OK PS_LP=OK DOOR=0
2026-04-18T18:12:30 TS01 RD TEVAP=-37.4 TAIR=-33.6 TPRODIN=+3.6 TPRODOUT=-18.7 BELT=1 COMP=1 COMP_H=58098.1 PS_HP=OK PS_LP=OK
2026-04-18T19:02:26 CF02 EVT DEFROST_START MODE=HOTGAS
2026-04-18T19:28:18 CF02 EVT DEFROST_END DUR=00:25:18 TEVAP_END=+8.0
2026-04-18T22:01:22 CF02 EVT DEFROST_START MODE=HOTGAS
2026-04-18T22:21:54 CF02 EVT DEFROST_END DUR=00:20:54 TEVAP_END=+8.5
2026-04-19T01:01:28 CF02 EVT DEFROST_START MODE=HOTGAS
2026-04-19T01:24:43 CF02 EVT DEFROST_END DUR=00:23:43 TEVAP_END=+8.1
2026-04-19T04:03:27 CF02 EVT DEFROST_START MODE=HOTGAS
2026-04-19T04:24:23 CF02 EVT DEFROST_END DUR=00:20:23 TEVAP_END=+8.8
2026-04-19T07:04:23 CF02 EVT DEFROST_START MODE=HOTGAS
2026-04-19T07:27:26 CF02 EVT DEFROST_END DUR=00:23:26 TEVAP_END=+8.4
2026-04-19T09:06:00 CF02 EVT ALARM_RESET PROBE_FAIL CH=S3_TPROD VAL=-18.6 ACK=NO
2026-04-19T10:02:41 CF02 EVT DEFROST_START MODE=HOTGAS
2026-04-19T10:24:54 CF02 EVT DEFROST_END DUR=00:22:54 TEVAP_END=+8.4
2026-04-19T13:01:52 CF02 EVT DEFROST_START MODE=HOTGAS
2026-04-19T13:22:43 CF02 EVT DEFROST_END DUR=00:20:43 TEVAP_END=+8.1
2026-04-19T14:00:42 CF02 RD TMAN=-18.9 TRIP=-18.0 TPROD=-18.1 SP=-18.0 RH=86 DEFR=0 COMP=0 COMP_H=41191.2 PS_HP=OK PS_LP=OK DOOR=0
2026-04-19T14:02:00 TS01 RD TEVAP=-7.7 TAIR=-11.6 TPRODIN=+0.0 TPRODOUT=+0.0 BELT=0 COMP=0 COMP_H=58098.1 PS_HP=OK PS_LP=OK
2026-04-19T14:05:33 CF02 RD TMAN=-18.4 TRIP=-17.3 TPROD=-17.5 SP=-18.0 RH=86 DEFR=0 COMP=1 COMP_H=41191.3 PS_HP=OK PS_LP=OK DOOR=0
2026-04-19T14:07:50 TS01 RD TEVAP=-8.8 TAIR=-9.8 TPRODIN=+0.0 TPRODOUT=+0.0 BELT=0 COMP=0 COMP_H=58098.1 PS_HP=OK PS_LP=OK
2026-04-19T14:10:13 CF02 RD TMAN=-19.1 TRIP=-17.1 TPROD=-17.8 SP=-18.0 RH=85 DEFR=0 COMP=1 COMP_H=41191.3 PS_HP=OK PS_LP=OK DOOR=0
2026-04-19T14:12:53 TS01 RD TEVAP=-10.0 TAIR=-5.6 TPRODIN=+0.0 TPRODOUT=+0.0 BELT=0 COMP=0 COMP_H=58098.1 PS_HP=OK PS_LP=OK
2026-04-19T14:15:17 CF02 RD TMAN=-20.0 TRIP=-18.5 TPROD=-19.0 SP=-18.0 RH=84 DEFR=0 COMP=1 COMP_H=41191.4 PS_HP=OK PS_LP=OK DOOR=0
2026-04-19T14:17:05 TS01 RD TEVAP=-8.1 TAIR=-4.3 TPRODIN=+0.0 TPRODOUT=+0.0 BELT=0 COMP=0 COMP_H=58098.1 PS_HP=OK PS_LP=OK
2026-04-19T14:20:21 CF02 RD TMAN=-19.4 TRIP=-17.6 TPROD=-18.2 SP=-18.0 RH=92 DEFR=0 COMP=1 COMP_H=41191.5 PS_HP=OK PS_LP=OK DOOR=0
2026-04-19T14:22:05 TS01 RD TEVAP=-11.7 TAIR=-6.5 TPRODIN=+0.0 TPRODOUT=+0.0 BELT=0 COMP=0 COMP_H=58098.1 PS_HP=OK PS_LP=OK
2026-04-19T14:25:24 CF02 RD TMAN=-19.9 TRIP=-18.0 TPROD=-18.4 SP=-18.0 RH=89 DEFR=0 COMP=0 COMP_H=41191.5 PS_HP=OK PS_LP=OK DOOR=0
2026-04-19T14:27:43 TS01 RD TEVAP=-13.6 TAIR=-7.3 TPRODIN=+0.0 TPRODOUT=+0.0 BELT=0 COMP=0 COMP_H=58098.1 PS_HP=OK PS_LP=OK
2026-04-19T14:30:37 CF02 RD TMAN=-19.0 TRIP=-17.7 TPROD=-18.3 SP=-18.0 RH=91 DEFR=0 COMP=1 COMP_H=41191.5 PS_HP=OK PS_LP=OK DOOR=0
2026-04-19T14:32:35 TS01 RD TEVAP=-15.7 TAIR=-7.0 TPRODIN=+0.0 TPRODOUT=+0.0 BELT=0 COMP=0 COMP_H=58098.1 PS_HP=OK PS_LP=OK
2026-04-19T14:35:15 CF02 RD TMAN=-18.9 TRIP=-17.2 TPROD=-18.0 SP=-18.0 RH=85 DEFR=0 COMP=1 COMP_H=41191.6 PS_HP=OK PS_LP=OK DOOR=0
2026-04-19T14:37:17 TS01 RD TEVAP=-8.6 TAIR=-7.1 TPRODIN=+0.0 TPRODOUT=+0.0 BELT=0 COMP=0 COMP_H=58098.1 PS_HP=OK PS_LP=OK
2026-04-19T14:40:48 CF02 RD TMAN=-18.9 TRIP=-17.3 TPROD=-17.8 SP=-18.0 RH=89 DEFR=0 COMP=1 COMP_H=41191.6 PS_HP=OK PS_LP=OK DOOR=0
2026-04-19T14:42:34 TS01 RD TEVAP=-13.2 TAIR=-3.9 TPRODIN=+0.0 TPRODOUT=+0.0 BELT=0 COMP=0 COMP_H=58098.1 PS_HP=OK PS_LP=OK
2026-04-19T16:02:19 CF02 EVT DEFROST_START MODE=HOTGAS
2026-04-19T16:29:59 CF02 EVT DEFROST_END DUR=00:27:59 TEVAP_END=+8.2
2026-04-19T19:02:52 CF02 EVT DEFROST_START MODE=HOTGAS
2026-04-19T19:25:29 CF02 EVT DEFROST_END DUR=00:22:29 TEVAP_END=+8.3
2026-04-19T22:01:06 CF02 EVT DEFROST_START MODE=HOTGAS
2026-04-19T22:21:16 CF02 EVT DEFROST_END DUR=00:20:16 TEVAP_END=+8.9
2026-04-19T23:00:42 CF02 RD TMAN=-18.8 TRIP=-17.3 TPROD=-17.9 SP=-18.0 RH=91 DEFR=0 COMP=1 COMP_H=41191.7 PS_HP=OK PS_LP=OK DOOR=0
2026-04-19T23:02:28 TS01 RD TEVAP=-10.7 TAIR=-3.8 TPRODIN=+0.0 TPRODOUT=+0.0 BELT=0 COMP=0 COMP_H=58098.1 PS_HP=OK PS_LP=OK
2026-04-19T23:05:39 CF02 RD TMAN=-19.0 TRIP=-17.4 TPROD=-18.3 SP=-18.0 RH=89 DEFR=0 COMP=1 COMP_H=41191.7 PS_HP=OK PS_LP=OK DOOR=0
2026-04-19T23:07:39 TS01 RD TEVAP=-12.2 TAIR=-3.6 TPRODIN=+0.0 TPRODOUT=+0.0 BELT=0 COMP=0 COMP_H=58098.1 PS_HP=OK PS_LP=OK
2026-04-19T23:10:25 CF02 RD TMAN=-19.1 TRIP=-17.3 TPROD=-17.7 SP=-18.0 RH=90 DEFR=0 COMP=1 COMP_H=41191.7 PS_HP=OK PS_LP=OK DOOR=0
2026-04-19T23:12:05 TS01 RD TEVAP=-15.7 TAIR=-8.8 TPRODIN=+0.0 TPRODOUT=+0.0 BELT=0 COMP=0 COMP_H=58098.1 PS_HP=OK PS_LP=OK
2026-04-19T23:15:05 CF02 RD TMAN=-19.7 TRIP=-18.3 TPROD=-18.4 SP=-18.0 RH=92 DEFR=0 COMP=1 COMP_H=41191.8 PS_HP=OK PS_LP=OK DOOR=0
2026-04-19T23:17:20 TS01 RD TEVAP=-9.2 TAIR=-5.4 TPRODIN=+0.0 TPRODOUT=+0.0 BELT=0 COMP=0 COMP_H=58098.1 PS_HP=OK PS_LP=OK
2026-04-19T23:20:12 CF02 RD TMAN=-19.0 TRIP=-18.1 TPROD=-18.4 SP=-18.0 RH=87 DEFR=0 COMP=0 COMP_H=41191.8 PS_HP=OK PS_LP=OK DOOR=0
2026-04-19T23:22:21 TS01 RD TEVAP=-12.9 TAIR=-3.6 TPRODIN=+0.0 TPRODOUT=+0.0 BELT=0 COMP=0 COMP_H=58098.1 PS_HP=OK PS_LP=OK
2026-04-19T23:25:07 CF02 RD TMAN=-20.2 TRIP=-18.3 TPROD=-19.0 SP=-18.0 RH=87 DEFR=0 COMP=0 COMP_H=41191.9 PS_HP=OK PS_LP=OK DOOR=0
2026-04-19T23:27:00 TS01 RD TEVAP=-13.9 TAIR=-9.2 TPRODIN=+0.0 TPRODOUT=+0.0 BELT=0 COMP=0 COMP_H=58098.1 PS_HP=OK PS_LP=OK
2026-04-19T23:30:46 CF02 RD TMAN=-19.0 TRIP=-17.3 TPROD=-18.2 SP=-18.0 RH=85 DEFR=0 COMP=1 COMP_H=41191.9 PS_HP=OK PS_LP=OK DOOR=0
2026-04-19T23:32:37 TS01 RD TEVAP=-10.9 TAIR=-4.2 TPRODIN=+0.0 TPRODOUT=+0.0 BELT=0 COMP=0 COMP_H=58098.1 PS_HP=OK PS_LP=OK
2026-04-19T23:35:18 CF02 RD TMAN=-20.0 TRIP=-18.2 TPROD=-18.5 SP=-18.0 RH=88 DEFR=0 COMP=0 COMP_H=41191.9 PS_HP=OK PS_LP=OK DOOR=0
2026-04-19T23:37:31 TS01 RD TEVAP=-12.3 TAIR=-3.8 TPRODIN=+0.0 TPRODOUT=+0.0 BELT=0 COMP=0 COMP_H=58098.1 PS_HP=OK PS_LP=OK
2026-04-19T23:40:39 CF02 RD TMAN=-18.9 TRIP=-17.8 TPROD=-18.4 SP=-18.0 RH=90 DEFR=0 COMP=1 COMP_H=41192.0 PS_HP=OK PS_LP=OK DOOR=0
2026-04-19T23:42:05 TS01 RD TEVAP=-7.9 TAIR=-9.3 TPRODIN=+0.0 TPRODOUT=+0.0 BELT=0 COMP=0 COMP_H=58098.1 PS_HP=OK PS_LP=OK
2026-04-19T23:45:36 CF02 RD TMAN=-19.7 TRIP=-18.4 TPROD=-18.9 SP=-18.0 RH=87 DEFR=0 COMP=1 COMP_H=41192.0 PS_HP=OK PS_LP=OK DOOR=0
2026-04-19T23:47:13 TS01 RD TEVAP=-15.2 TAIR=-11.5 TPRODIN=+0.0 TPRODOUT=+0.0 BELT=0 COMP=0 COMP_H=58098.1 PS_HP=OK PS_LP=OK
2026-04-19T23:48:15 CF02 EVT ALARM HIGH_TEMP T=-13.9 SP=-18.0 DIFF=4.1 DUR=01:05:48 ACK=NO
2026-04-19T23:50:38 CF02 RD TMAN=-15.8 TRIP=-14.4 TPROD=-14.6 SP=-18.0 RH=86 DEFR=0 COMP=1 COMP_H=41192.1 PS_HP=OK PS_LP=OK DOOR=0
2026-04-19T23:52:26 TS01 RD TEVAP=-11.5 TAIR=-7.6 TPRODIN=+0.0 TPRODOUT=+0.0 BELT=0 COMP=0 COMP_H=58098.1 PS_HP=OK PS_LP=OK
2026-04-19T23:55:36 CF02 RD TMAN=-15.8 TRIP=-14.1 TPROD=-14.6 SP=-18.0 RH=92 DEFR=0 COMP=1 COMP_H=41192.1 PS_HP=OK PS_LP=OK DOOR=0
2026-04-19T23:57:18 TS01 RD TEVAP=-8.1 TAIR=-3.0 TPRODIN=+0.0 TPRODOUT=+0.0 BELT=0 COMP=0 COMP_H=58098.1 PS_HP=OK PS_LP=OK
2026-04-20T00:00:21 CF02 RD TMAN=-14.9 TRIP=-13.3 TPROD=-13.9 SP=-18.0 RH=88 DEFR=0 COMP=1 COMP_H=41192.1 PS_HP=OK PS_LP=OK DOOR=0
2026-04-20T00:02:42 TS01 RD TEVAP=-10.0 TAIR=-4.8 TPRODIN=+0.0 TPRODOUT=+0.0 BELT=0 COMP=0 COMP_H=58098.1 PS_HP=OK PS_LP=OK
2026-04-20T00:05:15 CF02 RD TMAN=-15.6 TRIP=-13.7 TPROD=-14.5 SP=-18.0 RH=85 DEFR=0 COMP=1 COMP_H=41192.2 PS_HP=OK PS_LP=OK DOOR=0
2026-04-20T00:07:29 TS01 RD TEVAP=-12.6 TAIR=-6.5 TPRODIN=+0.0 TPRODOUT=+0.0 BELT=0 COMP=0 COMP_H=58098.1 PS_HP=OK PS_LP=OK
2026-04-20T00:09:47 CF02 EVT DEFROST_START MODE=HOTGAS
2026-04-20T00:10:14 CF02 RD TMAN=-15.4 TRIP=-14.1 TPROD=-14.3 SP=-18.0 RH=92 DEFR=0 COMP=1 COMP_H=41192.2 PS_HP=OK PS_LP=OK DOOR=0
2026-04-20T00:12:40 TS01 RD TEVAP=-8.0 TAIR=-5.2 TPRODIN=+0.0 TPRODOUT=+0.0 BELT=0 COMP=0 COMP_H=58098.1 PS_HP=OK PS_LP=OK
2026-04-20T00:15:24 CF02 RD TMAN=-15.2 TRIP=-13.6 TPROD=-13.9 SP=-18.0 RH=84 DEFR=0 COMP=1 COMP_H=41192.3 PS_HP=OK PS_LP=OK DOOR=0
2026-04-20T00:17:25 TS01 RD TEVAP=-9.2 TAIR=-11.8 TPRODIN=+0.0 TPRODOUT=+0.0 BELT=0 COMP=0 COMP_H=58098.1 PS_HP=OK PS_LP=OK
2026-04-20T00:20:41 CF02 RD TMAN=-14.9 TRIP=-13.0 TPROD=-13.5 SP=-18.0 RH=84 DEFR=0 COMP=1 COMP_H=41192.3 PS_HP=OK PS_LP=OK DOOR=0
2026-04-20T00:22:32 TS01 RD TEVAP=-12.5 TAIR=-3.9 TPRODIN=+0.0 TPRODOUT=+0.0 BELT=0 COMP=0 COMP_H=58098.1 PS_HP=OK PS_LP=OK
2026-04-20T00:25:04 CF02 RD TMAN=-15.2 TRIP=-13.5 TPROD=-14.2 SP=-18.0 RH=87 DEFR=0 COMP=1 COMP_H=41192.4 PS_HP=OK PS_LP=OK DOOR=0
2026-04-20T00:27:00 TS01 RD TEVAP=-13.1 TAIR=-11.5 TPRODIN=+0.0 TPRODOUT=+0.0 BELT=0 COMP=0 COMP_H=58098.1 PS_HP=OK PS_LP=OK
2026-04-20T00:31:26 CF02 EVT DEFROST_END DUR=00:21:26 TEVAP_END=+8.6
2026-04-20T00:54:03 CF02 EVT ALARM_RESET HIGH_TEMP T=-15.7 ACK=NO
2026-04-20T02:00:00 CF02 RD TMAN=-19.0 TRIP=-17.5 TPROD=-18.2 SP=-18.0 RH=93 DEFR=0 COMP=1 COMP_H=41192.4 PS_HP=OK PS_LP=OK DOOR=0
2026-04-20T02:02:22 TS01 RD TEVAP=-8.5 TAIR=-4.7 TPRODIN=+0.0 TPRODOUT=+0.0 BELT=0 COMP=0 COMP_H=58098.1 PS_HP=OK PS_LP=OK
2026-04-20T02:04:07 CF02 EVT DEFROST_START MODE=HOTGAS
2026-04-20T02:05:43 CF02 RD TMAN=-19.7 TRIP=-17.9 TPROD=-18.7 SP=-18.0 RH=87 DEFR=0 COMP=1 COMP_H=41192.5 PS_HP=OK PS_LP=OK DOOR=0
2026-04-20T02:07:28 TS01 RD TEVAP=-14.9 TAIR=-5.5 TPRODIN=+0.0 TPRODOUT=+0.0 BELT=0 COMP=0 COMP_H=58098.1 PS_HP=OK PS_LP=OK
2026-04-20T02:10:45 CF02 RD TMAN=-19.2 TRIP=-17.9 TPROD=-18.4 SP=-18.0 RH=93 DEFR=0 COMP=1 COMP_H=41192.5 PS_HP=OK PS_LP=OK DOOR=0
2026-04-20T02:12:04 TS01 RD TEVAP=-14.4 TAIR=-10.6 TPRODIN=+0.0 TPRODOUT=+0.0 BELT=0 COMP=0 COMP_H=58098.1 PS_HP=OK PS_LP=OK
2026-04-20T02:15:19 CF02 RD TMAN=-19.3 TRIP=-17.7 TPROD=-18.6 SP=-18.0 RH=89 DEFR=0 COMP=0 COMP_H=41192.6 PS_HP=OK PS_LP=OK DOOR=0
2026-04-20T02:17:22 TS01 RD TEVAP=-6.2 TAIR=-3.9 TPRODIN=+0.0 TPRODOUT=+0.0 BELT=0 COMP=0 COMP_H=58098.1 PS_HP=OK PS_LP=OK
2026-04-20T02:20:28 CF02 RD TMAN=-19.9 TRIP=-17.8 TPROD=-18.3 SP=-18.0 RH=91 DEFR=0 COMP=0 COMP_H=41192.6 PS_HP=OK PS_LP=OK DOOR=0
2026-04-20T02:22:02 TS01 RD TEVAP=-14.4 TAIR=-8.6 TPRODIN=+0.0 TPRODOUT=+0.0 BELT=0 COMP=0 COMP_H=58098.1 PS_HP=OK PS_LP=OK
2026-04-20T02:25:24 CF02 RD TMAN=-18.5 TRIP=-17.1 TPROD=-17.8 SP=-18.0 RH=89 DEFR=0 COMP=1 COMP_H=41192.7 PS_HP=OK PS_LP=OK DOOR=0
2026-04-20T02:25:33 CF02 EVT DEFROST_END DUR=00:21:33 TEVAP_END=+8.8
2026-04-20T02:27:09 TS01 RD TEVAP=-9.1 TAIR=-11.2 TPRODIN=+0.0 TPRODOUT=+0.0 BELT=0 COMP=0 COMP_H=58098.1 PS_HP=OK PS_LP=OK
2026-04-20T02:30:11 CF02 RD TMAN=-19.4 TRIP=-18.0 TPROD=-18.5 SP=-18.0 RH=88 DEFR=0 COMP=1 COMP_H=41192.7 PS_HP=OK PS_LP=OK DOOR=0
2026-04-20T02:32:51 TS01 RD TEVAP=-12.6 TAIR=-8.2 TPRODIN=+0.0 TPRODOUT=+0.0 BELT=0 COMP=0 COMP_H=58098.1 PS_HP=OK PS_LP=OK
2026-04-20T02:35:04 CF02 RD TMAN=-19.9 TRIP=-18.2 TPROD=-18.8 SP=-18.0 RH=93 DEFR=0 COMP=1 COMP_H=41192.8 PS_HP=OK PS_LP=OK DOOR=0
2026-04-20T02:37:18 TS01 RD TEVAP=-6.3 TAIR=-4.2 TPRODIN=+0.0 TPRODOUT=+0.0 BELT=0 COMP=0 COMP_H=58098.1 PS_HP=OK PS_LP=OK
2026-04-20T02:40:28 CF02 RD TMAN=-19.3 TRIP=-18.4 TPROD=-18.4 SP=-18.0 RH=87 DEFR=0 COMP=1 COMP_H=41192.8 PS_HP=OK PS_LP=OK DOOR=0
2026-04-20T02:42:37 TS01 RD TEVAP=-15.7 TAIR=-7.5 TPRODIN=+0.0 TPRODOUT=+0.0 BELT=0 COMP=0 COMP_H=58098.1 PS_HP=OK PS_LP=OK
2026-04-20T04:08:17 CF02 EVT DEFROST_START MODE=HOTGAS
2026-04-20T04:29:50 CF02 EVT DEFROST_END DUR=00:21:50 TEVAP_END=+8.5
2026-04-20T06:06:39 CF02 EVT DEFROST_START MODE=HOTGAS
2026-04-20T06:34:22 CF02 EVT DEFROST_END DUR=00:27:22 TEVAP_END=+8.5
2026-04-20T08:06:05 CF02 EVT DEFROST_START MODE=HOTGAS
2026-04-20T08:26:03 CF02 EVT DEFROST_END DUR=00:19:03 TEVAP_END=+8.7
2026-04-20T10:02:25 CF02 EVT DEFROST_START MODE=HOTGAS
2026-04-20T10:24:16 CF02 EVT DEFROST_END DUR=00:21:16 TEVAP_END=+8.3
2026-04-20T12:02:16 CF02 EVT DEFROST_START MODE=HOTGAS
2026-04-20T12:27:44 CF02 EVT DEFROST_END DUR=00:25:44 TEVAP_END=+8.8
2026-04-20T14:05:06 CF02 EVT DEFROST_START MODE=HOTGAS
2026-04-20T14:23:49 CF02 EVT DEFROST_END DUR=00:18:49 TEVAP_END=+8.6
2026-04-20T16:08:22 CF02 EVT DEFROST_START MODE=HOTGAS
2026-04-20T16:29:35 CF02 EVT DEFROST_END DUR=00:21:35 TEVAP_END=+8.7
2026-04-20T18:05:11 CF02 EVT DEFROST_START MODE=HOTGAS
2026-04-20T18:29:55 CF02 EVT DEFROST_END DUR=00:24:55 TEVAP_END=+8.5
2026-04-20T20:08:21 CF02 EVT DEFROST_START MODE=HOTGAS
2026-04-20T20:26:55 CF02 EVT DEFROST_END DUR=00:18:55 TEVAP_END=+8.7
2026-04-20T22:07:15 CF02 EVT DEFROST_START MODE=HOTGAS
2026-04-20T22:25:47 CF02 EVT DEFROST_END DUR=00:18:47 TEVAP_END=+8.6
2026-04-21T00:03:50 CF02 EVT DEFROST_START MODE=HOTGAS
2026-04-21T00:30:17 CF02 EVT DEFROST_END DUR=00:26:17 TEVAP_END=+8.9
2026-04-21T02:04:04 CF02 EVT DEFROST_START MODE=HOTGAS
2026-04-21T02:25:53 CF02 EVT DEFROST_END DUR=00:21:53 TEVAP_END=+8.9
2026-04-21T02:30:31 CF02 RD TMAN=-19.9 TRIP=-18.2 TPROD=-19.1 SP=-18.0 RH=84 DEFR=0 COMP=0 COMP_H=41193.3 PS_HP=OK PS_LP=OK DOOR=0
2026-04-21T02:32:06 TS01 RD TEVAP=-11.3 TAIR=-7.4 TPRODIN=+0.0 TPRODOUT=+0.0 BELT=0 COMP=0 COMP_H=58098.8 PS_HP=OK PS_LP=OK
2026-04-21T02:35:24 CF02 RD TMAN=-19.5 TRIP=-17.8 TPROD=-18.3 SP=-18.0 RH=88 DEFR=0 COMP=1 COMP_H=41193.3 PS_HP=OK PS_LP=OK DOOR=0
2026-04-21T02:37:40 TS01 RD TEVAP=-8.2 TAIR=-11.1 TPRODIN=+0.0 TPRODOUT=+0.0 BELT=0 COMP=0 COMP_H=58098.8 PS_HP=OK PS_LP=OK
2026-04-21T02:40:37 CF02 RD TMAN=-19.6 TRIP=-18.2 TPROD=-18.5 SP=-18.0 RH=92 DEFR=0 COMP=0 COMP_H=41193.3 PS_HP=OK PS_LP=OK DOOR=0
2026-04-21T02:42:31 TS01 RD TEVAP=-9.6 TAIR=-11.1 TPRODIN=+0.0 TPRODOUT=+0.0 BELT=0 COMP=0 COMP_H=58098.8 PS_HP=OK PS_LP=OK
2026-04-21T02:45:10 CF02 RD TMAN=-19.7 TRIP=-17.9 TPROD=-18.1 SP=-18.0 RH=92 DEFR=0 COMP=1 COMP_H=41193.4 PS_HP=OK PS_LP=OK DOOR=0
2026-04-21T02:47:25 TS01 RD TEVAP=-8.8 TAIR=-11.2 TPRODIN=+0.0 TPRODOUT=+0.0 BELT=0 COMP=0 COMP_H=58098.8 PS_HP=OK PS_LP=OK
2026-04-21T02:47:33 CF02 EVT ALARM POWER_FAIL VBUS=0 ACK=NO
2026-04-21T03:19:04 CF02 EVT POWER_RESTORE VBUS=398
2026-04-21T03:19:11 CF02 SYS BOOT FW=2.4.1 CFG=CRC_OK RTC=SYNC
2026-04-21T03:19:13 TS01 SYS BOOT FW=1.9.7 CFG=CRC_OK RTC=NOSYNC
2026-04-21T03:20:30 CF02 RD TMAN=-19.8 TRIP=-18.0 TPROD=-18.8 SP=-18.0 RH=86 DEFR=0 COMP=1 COMP_H=41193.4 PS_HP=OK PS_LP=OK DOOR=0
2026-04-21T03:22:37 TS01 RD TEVAP=-13.1 TAIR=-5.5 TPRODIN=+0.0 TPRODOUT=+0.0 BELT=0 COMP=0 COMP_H=58098.8 PS_HP=OK PS_LP=OK
2026-04-21T03:25:22 CF02 RD TMAN=-19.5 TRIP=-18.3 TPROD=-18.9 SP=-18.0 RH=87 DEFR=0 COMP=1 COMP_H=41193.5 PS_HP=OK PS_LP=OK DOOR=0
2026-04-21T03:27:31 TS01 RD TEVAP=-11.0 TAIR=-4.6 TPRODIN=+0.0 TPRODOUT=+0.0 BELT=0 COMP=0 COMP_H=58098.8 PS_HP=OK PS_LP=OK
2026-04-21T04:00:29 CF02 EVT DEFROST_START MODE=HOTGAS
2026-04-21T04:27:26 CF02 EVT DEFROST_END DUR=00:26:26 TEVAP_END=+8.0
2026-04-21T06:05:03 CF02 EVT DEFROST_START MODE=HOTGAS
2026-04-21T06:30:00 CF02 EVT DEFROST_END DUR=00:24:00 TEVAP_END=+8.6
2026-04-21T08:08:45 CF02 EVT DEFROST_START MODE=HOTGAS
2026-04-21T08:27:22 CF02 EVT DEFROST_END DUR=00:18:22 TEVAP_END=+8.9
2026-04-21T10:06:15 CF02 EVT DEFROST_START MODE=HOTGAS
2026-04-21T10:33:53 CF02 EVT DEFROST_END DUR=00:27:53 TEVAP_END=+8.4
2026-04-21T12:09:22 CF02 EVT DEFROST_START MODE=HOTGAS
2026-04-21T12:35:02 CF02 EVT DEFROST_END DUR=00:25:02 TEVAP_END=+8.2
2026-04-21T14:00:39 CF02 RD TMAN=-18.6 TRIP=-17.0 TPROD=-17.9 SP=-18.0 RH=90 DEFR=0 COMP=1 COMP_H=41192.9 PS_HP=OK PS_LP=OK DOOR=0
2026-04-21T14:02:53 TS01 RD TEVAP=-38.7 TAIR=-32.2 TPRODIN=+3.2 TPRODOUT=-20.6 BELT=1 COMP=1 COMP_H=58098.2 PS_HP=OK PS_LP=OK
2026-04-21T14:05:42 CF02 RD TMAN=-18.9 TRIP=-17.3 TPROD=-17.6 SP=-18.0 RH=84 DEFR=0 COMP=1 COMP_H=41192.9 PS_HP=OK PS_LP=OK DOOR=0
2026-04-21T14:07:06 TS01 RD TEVAP=-38.2 TAIR=-34.1 TPRODIN=+5.2 TPRODOUT=-20.5 BELT=1 COMP=1 COMP_H=58098.3 PS_HP=OK PS_LP=OK
2026-04-21T14:09:35 CF02 EVT DEFROST_START MODE=HOTGAS
2026-04-21T14:10:11 CF02 RD TMAN=-18.8 TRIP=-17.4 TPROD=-17.7 SP=-18.0 RH=93 DEFR=0 COMP=1 COMP_H=41192.9 PS_HP=OK PS_LP=OK DOOR=0
2026-04-21T14:12:40 TS01 RD TEVAP=-38.8 TAIR=-33.5 TPRODIN=+3.4 TPRODOUT=-18.9 BELT=1 COMP=1 COMP_H=58098.4 PS_HP=OK PS_LP=OK
2026-04-21T14:15:10 CF02 RD TMAN=-19.9 TRIP=-18.3 TPROD=-19.2 SP=-18.0 RH=93 DEFR=0 COMP=0 COMP_H=41193.0 PS_HP=OK PS_LP=OK DOOR=0
2026-04-21T14:17:05 TS01 RD TEVAP=-36.9 TAIR=-32.3 TPRODIN=+3.1 TPRODOUT=-19.6 BELT=1 COMP=1 COMP_H=58098.4 PS_HP=OK PS_LP=OK
2026-04-21T14:20:28 CF02 RD TMAN=-19.0 TRIP=-17.9 TPROD=-18.3 SP=-18.0 RH=84 DEFR=0 COMP=1 COMP_H=41193.0 PS_HP=OK PS_LP=OK DOOR=0
2026-04-21T14:22:04 TS01 RD TEVAP=-37.8 TAIR=-34.1 TPRODIN=+3.3 TPRODOUT=-19.0 BELT=1 COMP=1 COMP_H=58098.5 PS_HP=OK PS_LP=OK
2026-04-21T14:25:22 CF02 RD TMAN=-19.4 TRIP=-17.7 TPROD=-18.9 SP=-18.0 RH=85 DEFR=0 COMP=0 COMP_H=41193.1 PS_HP=OK PS_LP=OK DOOR=0
2026-04-21T14:27:23 TS01 RD TEVAP=-39.1 TAIR=-32.7 TPRODIN=+3.2 TPRODOUT=-20.6 BELT=1 COMP=1 COMP_H=58098.6 PS_HP=OK PS_LP=OK
2026-04-21T14:30:16 CF02 RD TMAN=-18.6 TRIP=-17.2 TPROD=-17.6 SP=-18.0 RH=85 DEFR=0 COMP=1 COMP_H=41193.1 PS_HP=OK PS_LP=OK DOOR=0
2026-04-21T14:30:42 CF02 EVT DEFROST_END DUR=00:21:42 TEVAP_END=+8.0
2026-04-21T14:32:10 TS01 RD TEVAP=-37.5 TAIR=-32.2 TPRODIN=+3.9 TPRODOUT=-20.7 BELT=1 COMP=1 COMP_H=58098.6 PS_HP=OK PS_LP=OK
2026-04-21T14:35:01 CF02 RD TMAN=-19.0 TRIP=-17.4 TPROD=-17.9 SP=-18.0 RH=84 DEFR=0 COMP=1 COMP_H=41193.2 PS_HP=OK PS_LP=OK DOOR=0
2026-04-21T14:37:50 TS01 RD TEVAP=-37.2 TAIR=-32.6 TPRODIN=+4.1 TPRODOUT=-20.1 BELT=1 COMP=1 COMP_H=58098.7 PS_HP=OK PS_LP=OK
2026-04-21T14:40:32 CF02 RD TMAN=-19.3 TRIP=-17.7 TPROD=-18.2 SP=-18.0 RH=85 DEFR=0 COMP=0 COMP_H=41193.2 PS_HP=OK PS_LP=OK DOOR=0
2026-04-21T14:42:12 TS01 RD TEVAP=-38.9 TAIR=-32.1 TPRODIN=+4.1 TPRODOUT=-19.6 BELT=1 COMP=1 COMP_H=58098.8 PS_HP=OK PS_LP=OK
2026-04-21T16:00:25 CF02 EVT DEFROST_START MODE=HOTGAS
2026-04-21T16:23:59 CF02 EVT DEFROST_END DUR=00:23:59 TEVAP_END=+8.8
2026-04-21T18:00:21 CF02 EVT DEFROST_START MODE=HOTGAS
2026-04-21T18:21:53 CF02 EVT DEFROST_END DUR=00:21:53 TEVAP_END=+8.4
2026-04-21T20:09:30 CF02 EVT DEFROST_START MODE=HOTGAS
2026-04-21T20:35:20 CF02 EVT DEFROST_END DUR=00:25:20 TEVAP_END=+8.7
2026-04-21T22:03:00 CF02 EVT DEFROST_START MODE=HOTGAS
2026-04-21T22:27:25 CF02 EVT DEFROST_END DUR=00:24:25 TEVAP_END=+8.8
2026-04-22T00:08:40 CF02 EVT DEFROST_START MODE=HOTGAS
2026-04-22T00:28:08 CF02 EVT DEFROST_END DUR=00:19:08 TEVAP_END=+8.1
2026-04-22T02:00:08 CF02 RD TMAN=-19.5 TRIP=-18.4 TPROD=-19.0 SP=-18.0 RH=93 DEFR=0 COMP=1 COMP_H=41193.5 PS_HP=OK PS_LP=OK DOOR=0
2026-04-22T02:02:01 TS01 RD TEVAP=-7.6 TAIR=-7.1 TPRODIN=+0.0 TPRODOUT=+0.0 BELT=0 COMP=0 COMP_H=58098.8 PS_HP=OK PS_LP=OK
2026-04-22T02:03:14 CF02 EVT DEFROST_START MODE=HOTGAS
2026-04-22T02:05:04 CF02 RD TMAN=-19.6 TRIP=-17.9 TPROD=-18.8 SP=-18.0 RH=93 DEFR=0 COMP=0 COMP_H=41193.6 PS_HP=OK PS_LP=OK DOOR=0
2026-04-22T02:07:42 TS01 RD TEVAP=-15.2 TAIR=-6.9 TPRODIN=+0.0 TPRODOUT=+0.0 BELT=0 COMP=0 COMP_H=58098.8 PS_HP=OK PS_LP=OK
2026-04-22T02:10:22 CF02 RD TMAN=-18.8 TRIP=-17.5 TPROD=-18.3 SP=-18.0 RH=87 DEFR=0 COMP=0 COMP_H=41193.6 PS_HP=OK PS_LP=OK DOOR=0
2026-04-22T02:12:49 TS01 RD TEVAP=-9.1 TAIR=-8.7 TPRODIN=+0.0 TPRODOUT=+0.0 BELT=0 COMP=0 COMP_H=58098.8 PS_HP=OK PS_LP=OK
2026-04-22T02:15:02 CF02 RD TMAN=-19.6 TRIP=-18.4 TPROD=-18.9 SP=-18.0 RH=92 DEFR=0 COMP=0 COMP_H=41193.7 PS_HP=OK PS_LP=OK DOOR=0
2026-04-22T02:17:24 TS01 RD TEVAP=-14.6 TAIR=-9.6 TPRODIN=+0.0 TPRODOUT=+0.0 BELT=0 COMP=0 COMP_H=58098.8 PS_HP=OK PS_LP=OK
2026-04-22T02:20:40 CF02 RD TMAN=-18.6 TRIP=-17.6 TPROD=-17.9 SP=-18.0 RH=92 DEFR=0 COMP=0 COMP_H=41193.7 PS_HP=OK PS_LP=OK DOOR=0
2026-04-22T02:22:13 TS01 RD TEVAP=-15.1 TAIR=-4.6 TPRODIN=+0.0 TPRODOUT=+0.0 BELT=0 COMP=0 COMP_H=58098.8 PS_HP=OK PS_LP=OK
2026-04-22T02:25:25 CF02 RD TMAN=-18.9 TRIP=-17.8 TPROD=-18.2 SP=-18.0 RH=90 DEFR=0 COMP=0 COMP_H=41193.8 PS_HP=OK PS_LP=OK DOOR=0
2026-04-22T02:27:38 TS01 RD TEVAP=-11.4 TAIR=-6.5 TPRODIN=+0.0 TPRODOUT=+0.0 BELT=0 COMP=0 COMP_H=58098.8 PS_HP=OK PS_LP=OK
2026-04-22T02:28:08 CF02 EVT DEFROST_END DUR=00:24:08 TEVAP_END=+8.3
2026-04-22T02:30:32 CF02 RD TMAN=-19.1 TRIP=-17.6 TPROD=-18.7 SP=-18.0 RH=85 DEFR=0 COMP=1 COMP_H=41193.8 PS_HP=OK PS_LP=OK DOOR=0
2026-04-22T02:32:24 TS01 RD TEVAP=-13.7 TAIR=-11.3 TPRODIN=+0.0 TPRODOUT=+0.0 BELT=0 COMP=0 COMP_H=58098.8 PS_HP=OK PS_LP=OK
2026-04-22T02:35:41 CF02 RD TMAN=-19.5 TRIP=-17.6 TPROD=-18.5 SP=-18.0 RH=91 DEFR=0 COMP=1 COMP_H=41193.9 PS_HP=OK PS_LP=OK DOOR=0
2026-04-22T02:37:47 TS01 RD TEVAP=-8.1 TAIR=-8.6 TPRODIN=+0.0 TPRODOUT=+0.0 BELT=0 COMP=0 COMP_H=58098.8 PS_HP=OK PS_LP=OK
2026-04-22T02:40:02 CF02 RD TMAN=-19.5 TRIP=-17.8 TPROD=-18.6 SP=-18.0 RH=92 DEFR=0 COMP=0 COMP_H=41193.9 PS_HP=OK PS_LP=OK DOOR=0
2026-04-22T02:42:37 TS01 RD TEVAP=-9.1 TAIR=-3.9 TPRODIN=+0.0 TPRODOUT=+0.0 BELT=0 COMP=0 COMP_H=58098.8 PS_HP=OK PS_LP=OK
2026-04-22T04:04:08 CF02 EVT DEFROST_START MODE=HOTGAS
2026-04-22T04:28:40 CF02 EVT DEFROST_END DUR=00:24:40 TEVAP_END=+8.4
2026-04-22T06:04:20 CF02 EVT DEFROST_START MODE=HOTGAS
2026-04-22T06:24:54 CF02 EVT DEFROST_END DUR=00:20:54 TEVAP_END=+8.4
2026-04-22T08:08:36 CF02 EVT DEFROST_START MODE=HOTGAS
2026-04-22T08:26:55 CF02 EVT DEFROST_END DUR=00:18:55 TEVAP_END=+8.5
2026-04-22T10:07:18 CF02 EVT DEFROST_START MODE=HOTGAS
2026-04-22T10:27:20 CF02 EVT DEFROST_END DUR=00:20:20 TEVAP_END=+8.7
2026-04-22T12:07:19 CF02 EVT DEFROST_START MODE=HOTGAS
2026-04-22T12:31:59 CF02 EVT DEFROST_END DUR=00:24:59 TEVAP_END=+8.9
2026-04-22T14:03:26 CF02 EVT DEFROST_START MODE=HOTGAS
2026-04-22T14:26:52 CF02 EVT DEFROST_END DUR=00:23:52 TEVAP_END=+8.9
2026-04-22T16:03:29 CF02 EVT DEFROST_START MODE=HOTGAS
2026-04-22T16:28:19 CF02 EVT DEFROST_END DUR=00:24:19 TEVAP_END=+8.1
2026-04-22T18:06:45 CF02 EVT DEFROST_START MODE=HOTGAS
2026-04-22T18:32:50 CF02 EVT DEFROST_END DUR=00:26:50 TEVAP_END=+8.6
2026-04-22T20:09:55 CF02 EVT DEFROST_START MODE=HOTGAS
2026-04-22T20:36:17 CF02 EVT DEFROST_END DUR=00:26:17 TEVAP_END=+8.7
2026-04-22T22:04:53 CF02 EVT DEFROST_START MODE=HOTGAS
2026-04-22T22:28:27 CF02 EVT DEFROST_END DUR=00:23:27 TEVAP_END=+8.6
2026-04-23T00:06:33 CF02 EVT DEFROST_START MODE=HOTGAS
2026-04-23T00:28:02 CF02 EVT DEFROST_END DUR=00:21:02 TEVAP_END=+8.3
2026-04-23T02:00:39 CF02 RD TMAN=-19.2 TRIP=-17.7 TPROD=-18.4 SP=-18.0 RH=93 DEFR=0 COMP=0 COMP_H=41194.3 PS_HP=OK PS_LP=OK DOOR=0
2026-04-23T02:02:41 TS01 RD TEVAP=-8.3 TAIR=-8.0 TPRODIN=+0.0 TPRODOUT=+0.0 BELT=0 COMP=0 COMP_H=58099.4 PS_HP=OK PS_LP=OK
2026-04-23T02:05:05 CF02 RD TMAN=-19.5 TRIP=-17.5 TPROD=-18.4 SP=-18.0 RH=87 DEFR=0 COMP=1 COMP_H=41194.4 PS_HP=OK PS_LP=OK DOOR=0
2026-04-23T02:07:16 TS01 RD TEVAP=-12.5 TAIR=-11.3 TPRODIN=+0.0 TPRODOUT=+0.0 BELT=0 COMP=0 COMP_H=58099.4 PS_HP=OK PS_LP=OK
2026-04-23T02:09:32 CF02 EVT DEFROST_START MODE=HOTGAS
2026-04-23T02:10:50 CF02 RD TMAN=-19.4 TRIP=-17.8 TPROD=-18.5 SP=-18.0 RH=89 DEFR=0 COMP=1 COMP_H=41194.4 PS_HP=OK PS_LP=OK DOOR=0
2026-04-23T02:12:31 TS01 RD TEVAP=-15.8 TAIR=-10.5 TPRODIN=+0.0 TPRODOUT=+0.0 BELT=0 COMP=0 COMP_H=58099.4 PS_HP=OK PS_LP=OK
2026-04-23T02:15:55 CF02 RD TMAN=-19.2 TRIP=-17.6 TPROD=-17.5 SP=-18.0 RH=85 DEFR=0 COMP=1 COMP_H=41194.5 PS_HP=OK PS_LP=OK DOOR=0
2026-04-23T02:17:21 TS01 RD TEVAP=-15.1 TAIR=-5.7 TPRODIN=+0.0 TPRODOUT=+0.0 BELT=0 COMP=0 COMP_H=58099.4 PS_HP=OK PS_LP=OK
2026-04-23T02:20:30 CF02 RD TMAN=-19.3 TRIP=-18.1 TPROD=-18.9 SP=-18.0 RH=86 DEFR=0 COMP=1 COMP_H=41194.5 PS_HP=OK PS_LP=OK DOOR=0
2026-04-23T02:22:10 TS01 RD TEVAP=-15.1 TAIR=-5.7 TPRODIN=+0.0 TPRODOUT=+0.0 BELT=0 COMP=0 COMP_H=58099.4 PS_HP=OK PS_LP=OK
2026-04-23T02:25:40 CF02 RD TMAN=-18.8 TRIP=-17.2 TPROD=-17.8 SP=-18.0 RH=85 DEFR=0 COMP=1 COMP_H=41194.6 PS_HP=OK PS_LP=OK DOOR=0
2026-04-23T02:27:21 TS01 RD TEVAP=-7.8 TAIR=-10.6 TPRODIN=+0.0 TPRODOUT=+0.0 BELT=0 COMP=0 COMP_H=58099.4 PS_HP=OK PS_LP=OK
2026-04-23T02:30:51 CF02 RD TMAN=-18.7 TRIP=-17.3 TPROD=-18.1 SP=-18.0 RH=88 DEFR=0 COMP=0 COMP_H=41194.6 PS_HP=OK PS_LP=OK DOOR=0
2026-04-23T02:31:56 CF02 EVT ALARM HIGH_TEMP T=-12.7 SP=-18.0 DIFF=5.3 DUR=01:38:20 ACK=NO
2026-04-23T02:32:28 TS01 RD TEVAP=-8.1 TAIR=-11.7 TPRODIN=+0.0 TPRODOUT=+0.0 BELT=0 COMP=0 COMP_H=58099.4 PS_HP=OK PS_LP=OK
2026-04-23T02:35:43 CF02 RD TMAN=-13.9 TRIP=-12.3 TPROD=-12.8 SP=-18.0 RH=90 DEFR=0 COMP=1 COMP_H=41194.6 PS_HP=OK PS_LP=OK DOOR=0
2026-04-23T02:35:49 CF02 EVT DEFROST_END DUR=00:26:49 TEVAP_END=+8.6
2026-04-23T02:37:33 TS01 RD TEVAP=-12.5 TAIR=-10.8 TPRODIN=+0.0 TPRODOUT=+0.0 BELT=0 COMP=0 COMP_H=58099.4 PS_HP=OK PS_LP=WARN
2026-04-23T02:40:39 CF02 RD TMAN=-13.6 TRIP=-12.4 TPROD=-12.9 SP=-18.0 RH=91 DEFR=0 COMP=1 COMP_H=41194.7 PS_HP=OK PS_LP=OK DOOR=0
2026-04-23T02:42:32 TS01 RD TEVAP=-7.9 TAIR=-3.1 TPRODIN=+0.0 TPRODOUT=+0.0 BELT=0 COMP=0 COMP_H=58099.4 PS_HP=OK PS_LP=OK
2026-04-23T02:45:49 CF02 RD TMAN=-14.0 TRIP=-12.7 TPROD=-13.6 SP=-18.0 RH=92 DEFR=0 COMP=1 COMP_H=41194.7 PS_HP=OK PS_LP=OK DOOR=0
2026-04-23T02:47:32 TS01 RD TEVAP=-8.6 TAIR=-5.1 TPRODIN=+0.0 TPRODOUT=+0.0 BELT=0 COMP=0 COMP_H=58099.4 PS_HP=OK PS_LP=OK
2026-04-23T02:50:44 CF02 RD TMAN=-14.7 TRIP=-13.2 TPROD=-13.4 SP=-18.0 RH=91 DEFR=0 COMP=1 COMP_H=41194.8 PS_HP=OK PS_LP=OK DOOR=0
2026-04-23T02:52:21 TS01 RD TEVAP=-11.7 TAIR=-10.6 TPRODIN=+0.0 TPRODOUT=+0.0 BELT=0 COMP=0 COMP_H=58099.4 PS_HP=OK PS_LP=OK
2026-04-23T02:55:49 CF02 RD TMAN=-14.4 TRIP=-12.7 TPROD=-13.1 SP=-18.0 RH=84 DEFR=0 COMP=1 COMP_H=41194.8 PS_HP=OK PS_LP=OK DOOR=0
2026-04-23T02:57:17 TS01 RD TEVAP=-11.3 TAIR=-8.1 TPRODIN=+0.0 TPRODOUT=+0.0 BELT=0 COMP=0 COMP_H=58099.4 PS_HP=OK PS_LP=OK
2026-04-23T03:00:12 CF02 RD TMAN=-14.2 TRIP=-12.2 TPROD=-12.9 SP=-18.0 RH=87 DEFR=0 COMP=1 COMP_H=41194.9 PS_HP=OK PS_LP=OK DOOR=0
2026-04-23T03:02:36 TS01 RD TEVAP=-13.3 TAIR=-3.8 TPRODIN=+0.0 TPRODOUT=+0.0 BELT=0 COMP=0 COMP_H=58099.4 PS_HP=OK PS_LP=OK
2026-04-23T03:05:51 CF02 RD TMAN=-14.1 TRIP=-12.6 TPROD=-13.4 SP=-18.0 RH=89 DEFR=0 COMP=1 COMP_H=41194.9 PS_HP=OK PS_LP=OK DOOR=0
2026-04-23T03:07:43 TS01 RD TEVAP=-14.8 TAIR=-8.4 TPRODIN=+0.0 TPRODOUT=+0.0 BELT=0 COMP=0 COMP_H=58099.4 PS_HP=OK PS_LP=OK
2026-04-23T03:10:35 CF02 RD TMAN=-14.2 TRIP=-13.0 TPROD=-13.4 SP=-18.0 RH=86 DEFR=0 COMP=1 COMP_H=41195.0 PS_HP=OK PS_LP=OK DOOR=0
2026-04-23T03:12:54 TS01 RD TEVAP=-15.2 TAIR=-10.8 TPRODIN=+0.0 TPRODOUT=+0.0 BELT=0 COMP=0 COMP_H=58099.4 PS_HP=OK PS_LP=OK
2026-04-23T03:15:02 CF02 RD TMAN=-14.4 TRIP=-12.5 TPROD=-13.0 SP=-18.0 RH=85 DEFR=0 COMP=1 COMP_H=41195.0 PS_HP=OK PS_LP=OK DOOR=0
2026-04-23T03:17:29 TS01 RD TEVAP=-10.0 TAIR=-10.6 TPRODIN=+0.0 TPRODOUT=+0.0 BELT=0 COMP=0 COMP_H=58099.4 PS_HP=OK PS_LP=OK
2026-04-23T03:20:49 CF02 RD TMAN=-13.6 TRIP=-11.9 TPROD=-12.6 SP=-18.0 RH=87 DEFR=0 COMP=1 COMP_H=41195.1 PS_HP=OK PS_LP=OK DOOR=0
2026-04-23T03:22:36 TS01 RD TEVAP=-12.9 TAIR=-8.7 TPRODIN=+0.0 TPRODOUT=+0.0 BELT=0 COMP=0 COMP_H=58099.4 PS_HP=OK PS_LP=OK
2026-04-23T03:25:40 CF02 RD TMAN=-13.7 TRIP=-12.1 TPROD=-12.9 SP=-18.0 RH=92 DEFR=0 COMP=1 COMP_H=41195.1 PS_HP=OK PS_LP=OK DOOR=0
2026-04-23T03:27:03 TS01 RD TEVAP=-8.6 TAIR=-7.2 TPRODIN=+0.0 TPRODOUT=+0.0 BELT=0 COMP=0 COMP_H=58099.4 PS_HP=OK PS_LP=OK
2026-04-23T04:02:53 CF02 EVT DEFROST_START MODE=HOTGAS
2026-04-23T04:10:16 CF02 EVT ALARM_RESET HIGH_TEMP T=-14.5 ACK=NO
2026-04-23T04:21:45 CF02 EVT DEFROST_END DUR=00:18:45 TEVAP_END=+8.2
2026-04-23T06:01:43 CF02 EVT DEFROST_START MODE=HOTGAS
2026-04-23T06:24:00 CF02 EVT DEFROST_END DUR=00:22:00 TEVAP_END=+8.4
2026-04-23T08:03:52 CF02 EVT DEFROST_START MODE=HOTGAS
2026-04-23T08:22:40 CF02 EVT DEFROST_END DUR=00:18:40 TEVAP_END=+8.3
2026-04-23T10:06:01 CF02 EVT DEFROST_START MODE=HOTGAS
2026-04-23T10:33:41 CF02 EVT DEFROST_END DUR=00:27:41 TEVAP_END=+8.2
2026-04-23T12:01:45 CF02 EVT DEFROST_START MODE=HOTGAS
2026-04-23T12:24:17 CF02 EVT DEFROST_END DUR=00:22:17 TEVAP_END=+8.8
2026-04-23T14:00:51 CF02 RD TMAN=-18.4 TRIP=-17.1 TPROD=-17.6 SP=-18.0 RH=93 DEFR=0 COMP=1 COMP_H=41193.9 PS_HP=OK PS_LP=OK DOOR=0
2026-04-23T14:02:10 TS01 RD TEVAP=-37.6 TAIR=-33.1 TPRODIN=+4.7 TPRODOUT=-20.3 BELT=1 COMP=1 COMP_H=58098.8 PS_HP=OK PS_LP=OK
2026-04-23T14:05:39 CF02 RD TMAN=-19.5 TRIP=-17.4 TPROD=-17.9 SP=-18.0 RH=93 DEFR=0 COMP=1 COMP_H=41194.0 PS_HP=OK PS_LP=OK DOOR=0
2026-04-23T14:07:16 TS01 RD TEVAP=-38.3 TAIR=-31.7 TPRODIN=+3.6 TPRODOUT=-19.6 BELT=1 COMP=1 COMP_H=58098.9 PS_HP=OK PS_LP=OK
2026-04-23T14:07:32 CF02 EVT DEFROST_START MODE=HOTGAS
2026-04-23T14:10:31 CF02 RD TMAN=-18.8 TRIP=-16.9 TPROD=-17.9 SP=-18.0 RH=84 DEFR=0 COMP=1 COMP_H=41194.0 PS_HP=OK PS_LP=OK DOOR=0
2026-04-23T14:12:14 TS01 RD TEVAP=-39.3 TAIR=-32.1 TPRODIN=+6.3 TPRODOUT=-20.6 BELT=1 COMP=1 COMP_H=58099.0 PS_HP=OK PS_LP=OK
2026-04-23T14:15:51 CF02 RD TMAN=-19.5 TRIP=-17.7 TPROD=-18.6 SP=-18.0 RH=87 DEFR=0 COMP=1 COMP_H=41194.1 PS_HP=OK PS_LP=OK DOOR=0
2026-04-23T14:17:55 TS01 RD TEVAP=-37.7 TAIR=-34.5 TPRODIN=+3.7 TPRODOUT=-18.9 BELT=1 COMP=1 COMP_H=58099.0 PS_HP=OK PS_LP=OK
2026-04-23T14:20:19 CF02 RD TMAN=-19.3 TRIP=-17.1 TPROD=-18.0 SP=-18.0 RH=91 DEFR=0 COMP=1 COMP_H=41194.1 PS_HP=OK PS_LP=OK DOOR=0
2026-04-23T14:22:16 TS01 RD TEVAP=-38.2 TAIR=-34.1 TPRODIN=+4.4 TPRODOUT=-18.7 BELT=1 COMP=1 COMP_H=58099.1 PS_HP=OK PS_LP=OK
2026-04-23T14:25:01 CF02 RD TMAN=-19.0 TRIP=-17.5 TPROD=-18.0 SP=-18.0 RH=87 DEFR=0 COMP=1 COMP_H=41194.2 PS_HP=OK PS_LP=OK DOOR=0
2026-04-23T14:27:33 TS01 RD TEVAP=-37.2 TAIR=-32.0 TPRODIN=+3.0 TPRODOUT=-20.8 BELT=1 COMP=1 COMP_H=58099.2 PS_HP=OK PS_LP=OK
2026-04-23T14:30:42 CF02 RD TMAN=-18.6 TRIP=-17.5 TPROD=-18.1 SP=-18.0 RH=90 DEFR=0 COMP=1 COMP_H=41194.2 PS_HP=OK PS_LP=OK DOOR=0
2026-04-23T14:32:35 TS01 RD TEVAP=-39.0 TAIR=-34.2 TPRODIN=+5.3 TPRODOUT=-19.9 BELT=1 COMP=1 COMP_H=58099.3 PS_HP=OK PS_LP=OK
2026-04-23T14:34:44 CF02 EVT DEFROST_END DUR=00:27:44 TEVAP_END=+8.4
2026-04-23T14:35:27 CF02 RD TMAN=-20.1 TRIP=-18.2 TPROD=-19.1 SP=-18.0 RH=85 DEFR=0 COMP=1 COMP_H=41194.2 PS_HP=OK PS_LP=OK DOOR=0
2026-04-23T14:37:00 TS01 RD TEVAP=-37.1 TAIR=-33.0 TPRODIN=+3.4 TPRODOUT=-19.0 BELT=1 COMP=1 COMP_H=58099.3 PS_HP=OK PS_LP=OK
2026-04-23T14:40:16 CF02 RD TMAN=-19.9 TRIP=-17.9 TPROD=-18.7 SP=-18.0 RH=93 DEFR=0 COMP=1 COMP_H=41194.3 PS_HP=OK PS_LP=OK DOOR=0
2026-04-23T14:42:52 TS01 RD TEVAP=-38.0 TAIR=-32.7 TPRODIN=+3.3 TPRODOUT=-19.0 BELT=1 COMP=1 COMP_H=58099.4 PS_HP=OK PS_LP=OK
2026-04-23T16:01:50 CF02 EVT DEFROST_START MODE=HOTGAS
2026-04-23T16:29:49 CF02 EVT DEFROST_END DUR=00:27:49 TEVAP_END=+8.4
2026-04-23T18:03:36 CF02 EVT DEFROST_START MODE=HOTGAS
2026-04-23T18:31:05 CF02 EVT DEFROST_END DUR=00:27:05 TEVAP_END=+8.4
2026-04-23T20:08:24 CF02 EVT DEFROST_START MODE=HOTGAS
2026-04-23T20:30:25 CF02 EVT DEFROST_END DUR=00:22:25 TEVAP_END=+8.9
2026-04-23T22:08:19 CF02 EVT DEFROST_START MODE=HOTGAS
2026-04-23T22:30:26 CF02 EVT DEFROST_END DUR=00:22:26 TEVAP_END=+8.1
2026-04-24T00:00:02 CF02 EVT DEFROST_START MODE=HOTGAS
2026-04-24T00:21:46 CF02 EVT DEFROST_END DUR=00:21:46 TEVAP_END=+8.9
2026-04-24T02:00:53 CF02 RD TMAN=-19.0 TRIP=-17.9 TPROD=-18.5 SP=-18.0 RH=89 DEFR=0 COMP=1 COMP_H=41195.1 PS_HP=OK PS_LP=OK DOOR=0
2026-04-24T02:02:04 TS01 RD TEVAP=-8.3 TAIR=-9.3 TPRODIN=+0.0 TPRODOUT=+0.0 BELT=0 COMP=0 COMP_H=58099.4 PS_HP=OK PS_LP=OK
2026-04-24T02:05:51 CF02 RD TMAN=-19.0 TRIP=-17.1 TPROD=-17.8 SP=-18.0 RH=91 DEFR=0 COMP=1 COMP_H=41195.2 PS_HP=OK PS_LP=OK DOOR=0
2026-04-24T02:06:31 CF02 EVT DEFROST_START MODE=HOTGAS
2026-04-24T02:07:35 TS01 RD TEVAP=-11.4 TAIR=-11.6 TPRODIN=+0.0 TPRODOUT=+0.0 BELT=0 COMP=0 COMP_H=58099.4 PS_HP=OK PS_LP=OK
2026-04-24T02:10:04 CF02 RD TMAN=-19.2 TRIP=-17.5 TPROD=-18.4 SP=-18.0 RH=89 DEFR=0 COMP=1 COMP_H=41195.2 PS_HP=OK PS_LP=OK DOOR=0
2026-04-24T02:12:48 TS01 RD TEVAP=-7.1 TAIR=-11.9 TPRODIN=+0.0 TPRODOUT=+0.0 BELT=0 COMP=0 COMP_H=58099.4 PS_HP=OK PS_LP=OK
2026-04-24T02:15:21 CF02 RD TMAN=-18.8 TRIP=-17.6 TPROD=-18.0 SP=-18.0 RH=88 DEFR=0 COMP=1 COMP_H=41195.3 PS_HP=OK PS_LP=OK DOOR=0
2026-04-24T02:17:46 TS01 RD TEVAP=-9.6 TAIR=-8.7 TPRODIN=+0.0 TPRODOUT=+0.0 BELT=0 COMP=0 COMP_H=58099.4 PS_HP=OK PS_LP=OK
2026-04-24T02:20:18 CF02 RD TMAN=-19.5 TRIP=-18.3 TPROD=-19.0 SP=-18.0 RH=85 DEFR=0 COMP=1 COMP_H=41195.3 PS_HP=OK PS_LP=OK DOOR=0
2026-04-24T02:22:41 TS01 RD TEVAP=-7.6 TAIR=-7.2 TPRODIN=+0.0 TPRODOUT=+0.0 BELT=0 COMP=0 COMP_H=58099.4 PS_HP=OK PS_LP=OK
2026-04-24T02:25:05 CF02 RD TMAN=-19.0 TRIP=-17.6 TPROD=-18.2 SP=-18.0 RH=92 DEFR=0 COMP=1 COMP_H=41195.4 PS_HP=OK PS_LP=OK DOOR=0
2026-04-24T02:25:42 CF02 EVT DEFROST_END DUR=00:19:42 TEVAP_END=+8.8
2026-04-24T02:27:26 TS01 RD TEVAP=-8.7 TAIR=-8.4 TPRODIN=+0.0 TPRODOUT=+0.0 BELT=0 COMP=0 COMP_H=58099.4 PS_HP=OK PS_LP=OK
2026-04-24T02:30:23 CF02 RD TMAN=-19.8 TRIP=-18.4 TPROD=-18.8 SP=-18.0 RH=92 DEFR=0 COMP=1 COMP_H=41195.4 PS_HP=OK PS_LP=OK DOOR=0
2026-04-24T02:32:54 TS01 RD TEVAP=-6.0 TAIR=-6.5 TPRODIN=+0.0 TPRODOUT=+0.0 BELT=0 COMP=0 COMP_H=58099.4 PS_HP=OK PS_LP=OK
2026-04-24T02:35:12 CF02 RD TMAN=-19.4 TRIP=-17.2 TPROD=-17.9 SP=-18.0 RH=85 DEFR=0 COMP=0 COMP_H=41195.5 PS_HP=OK PS_LP=OK DOOR=0
2026-04-24T02:37:18 TS01 RD TEVAP=-11.8 TAIR=-7.5 TPRODIN=+0.0 TPRODOUT=+0.0 BELT=0 COMP=0 COMP_H=58099.4 PS_HP=OK PS_LP=OK
2026-04-24T02:40:36 CF02 RD TMAN=-19.5 TRIP=-18.0 TPROD=-18.4 SP=-18.0 RH=91 DEFR=0 COMP=1 COMP_H=41195.5 PS_HP=OK PS_LP=OK DOOR=0
2026-04-24T02:42:11 TS01 RD TEVAP=-14.1 TAIR=-4.5 TPRODIN=+0.0 TPRODOUT=+0.0 BELT=0 COMP=0 COMP_H=58099.4 PS_HP=OK PS_LP=OK
2026-04-24T04:08:37 CF02 EVT DEFROST_START MODE=HOTGAS
2026-04-24T04:34:45 CF02 EVT DEFROST_END DUR=00:26:45 TEVAP_END=+8.0
2026-04-24T06:09:47 CF02 EVT DEFROST_START MODE=HOTGAS
2026-04-24T06:28:35 CF02 EVT DEFROST_END DUR=00:18:35 TEVAP_END=+8.5
2026-04-24T08:02:23 CF02 EVT DEFROST_START MODE=HOTGAS
2026-04-24T08:22:14 CF02 EVT DEFROST_END DUR=00:19:14 TEVAP_END=+8.1
2026-04-24T08:30:40 CF02 RD TMAN=-19.4 TRIP=-17.6 TPROD=-17.9 SP=-18.0 RH=90 DEFR=0 COMP=1 COMP_H=41195.5 PS_HP=OK PS_LP=OK DOOR=0
2026-04-24T08:32:00 TS01 RD TEVAP=-38.3 TAIR=-31.8 TPRODIN=+5.2 TPRODOUT=-20.0 BELT=1 COMP=1 COMP_H=58099.5 PS_HP=OK PS_LP=OK
2026-04-24T08:35:37 CF02 RD TMAN=-19.1 TRIP=-17.1 TPROD=-18.0 SP=-18.0 RH=90 DEFR=0 COMP=1 COMP_H=41195.6 PS_HP=OK PS_LP=OK DOOR=0
2026-04-24T08:37:35 TS01 RD TEVAP=-36.9 TAIR=-31.9 TPRODIN=+4.7 TPRODOUT=-20.7 BELT=1 COMP=1 COMP_H=58099.5 PS_HP=OK PS_LP=OK
2026-04-24T08:40:48 CF02 RD TMAN=-18.8 TRIP=-17.3 TPROD=-17.8 SP=-18.0 RH=88 DEFR=0 COMP=1 COMP_H=41195.6 PS_HP=OK PS_LP=OK DOOR=0
2026-04-24T08:42:51 TS01 RD TEVAP=-38.1 TAIR=-33.4 TPRODIN=+6.2 TPRODOUT=-20.6 BELT=1 COMP=1 COMP_H=58099.6 PS_HP=OK PS_LP=OK
2026-04-24T08:45:43 CF02 RD TMAN=-19.1 TRIP=-17.1 TPROD=-17.8 SP=-18.0 RH=92 DEFR=0 COMP=1 COMP_H=41195.7 PS_HP=OK PS_LP=OK DOOR=0
2026-04-24T08:47:21 TS01 RD TEVAP=-37.7 TAIR=-33.2 TPRODIN=+6.1 TPRODOUT=-19.8 BELT=1 COMP=1 COMP_H=58099.7 PS_HP=OK PS_LP=OK
2026-04-24T08:50:42 CF02 RD TMAN=-19.3 TRIP=-17.7 TPROD=-17.8 SP=-18.0 RH=91 DEFR=0 COMP=0 COMP_H=41195.7 PS_HP=OK PS_LP=OK DOOR=0
2026-04-24T08:52:15 TS01 RD TEVAP=-37.6 TAIR=-33.6 TPRODIN=+6.2 TPRODOUT=-20.2 BELT=1 COMP=1 COMP_H=58099.7 PS_HP=OK PS_LP=OK
2026-04-24T08:55:02 CF02 EVT SERVICE_MODE ON OP=EXT ID=FRIGOTEC-11
2026-04-24T08:55:11 CF02 RD TMAN=-19.6 TRIP=-18.3 TPROD=-18.9 SP=-18.0 RH=85 DEFR=0 COMP=1 COMP_H=41195.8 PS_HP=OK PS_LP=OK DOOR=0
2026-04-24T08:57:39 TS01 RD TEVAP=-37.1 TAIR=-34.4 TPRODIN=+3.1 TPRODOUT=-19.5 BELT=1 COMP=1 COMP_H=58099.8 PS_HP=OK PS_LP=OK
2026-04-24T09:00:22 CF02 RD TMAN=-19.2 TRIP=-18.1 TPROD=-18.2 SP=-18.0 RH=88 DEFR=0 COMP=0 COMP_H=41195.8 PS_HP=OK PS_LP=OK DOOR=0
2026-04-24T09:02:26 TS01 RD TEVAP=-39.0 TAIR=-34.4 TPRODIN=+6.1 TPRODOUT=-20.5 BELT=1 COMP=1 COMP_H=58099.9 PS_HP=OK PS_LP=OK
2026-04-24T09:05:31 CF02 RD TMAN=-20.1 TRIP=-18.3 TPROD=-19.1 SP=-18.0 RH=86 DEFR=0 COMP=1 COMP_H=41195.9 PS_HP=OK PS_LP=OK DOOR=0
2026-04-24T09:07:52 TS01 RD TEVAP=-38.2 TAIR=-34.5 TPRODIN=+6.4 TPRODOUT=-20.3 BELT=1 COMP=1 COMP_H=58100.0 PS_HP=OK PS_LP=OK
2026-04-24T09:10:19 CF02 RD TMAN=-19.8 TRIP=-18.6 TPROD=-18.8 SP=-18.0 RH=85 DEFR=0 COMP=1 COMP_H=41195.9 PS_HP=OK PS_LP=OK DOOR=0
2026-04-24T09:12:39 TS01 RD TEVAP=-38.9 TAIR=-34.3 TPRODIN=+5.1 TPRODOUT=-20.5 BELT=1 COMP=1 COMP_H=58100.0 PS_HP=OK PS_LP=OK
2026-04-24T09:15:27 CF02 RD TMAN=-19.0 TRIP=-17.3 TPROD=-17.8 SP=-18.0 RH=89 DEFR=0 COMP=1 COMP_H=41196.0 PS_HP=OK PS_LP=OK DOOR=0
2026-04-24T09:17:02 CF02 EVT PARAM_CHANGE DEFR_INT 02:00 -> 06:00 OP=EXT
2026-04-24T09:17:27 TS01 RD TEVAP=-38.1 TAIR=-32.6 TPRODIN=+5.6 TPRODOUT=-19.6 BELT=1 COMP=1 COMP_H=58100.1 PS_HP=OK PS_LP=OK
2026-04-24T09:20:16 CF02 RD TMAN=-19.8 TRIP=-17.8 TPROD=-18.8 SP=-18.0 RH=89 DEFR=0 COMP=1 COMP_H=41196.0 PS_HP=OK PS_LP=OK DOOR=0
2026-04-24T09:22:06 TS01 RD TEVAP=-38.2 TAIR=-32.5 TPRODIN=+6.3 TPRODOUT=-20.4 BELT=1 COMP=1 COMP_H=58100.1 PS_HP=OK PS_LP=OK
2026-04-24T09:25:40 CF02 RD TMAN=-20.2 TRIP=-18.2 TPROD=-19.1 SP=-18.0 RH=87 DEFR=0 COMP=1 COMP_H=41196.1 PS_HP=OK PS_LP=OK DOOR=0
2026-04-24T09:27:37 TS01 RD TEVAP=-38.4 TAIR=-32.5 TPRODIN=+4.5 TPRODOUT=-19.1 BELT=1 COMP=1 COMP_H=58100.2 PS_HP=OK PS_LP=OK
2026-04-24T09:30:09 CF02 RD TMAN=-19.6 TRIP=-18.7 TPROD=-19.0 SP=-18.0 RH=88 DEFR=0 COMP=1 COMP_H=41196.1 PS_HP=OK PS_LP=OK DOOR=0
2026-04-24T09:32:05 TS01 RD TEVAP=-37.7 TAIR=-32.6 TPRODIN=+6.4 TPRODOUT=-20.1 BELT=1 COMP=1 COMP_H=58100.3 PS_HP=OK PS_LP=OK
2026-04-24T09:35:07 CF02 RD TMAN=-20.0 TRIP=-18.6 TPROD=-18.7 SP=-18.0 RH=86 DEFR=0 COMP=1 COMP_H=41196.2 PS_HP=OK PS_LP=OK DOOR=0
2026-04-24T09:36:02 CF02 EVT PARAM_CHANGE FAN_DELAY 120s -> 180s OP=EXT
2026-04-24T09:37:43 TS01 RD TEVAP=-39.0 TAIR=-34.1 TPRODIN=+4.2 TPRODOUT=-19.6 BELT=1 COMP=1 COMP_H=58100.3 PS_HP=OK PS_LP=OK
2026-04-24T09:40:04 CF02 RD TMAN=-18.6 TRIP=-17.3 TPROD=-17.7 SP=-18.0 RH=88 DEFR=0 COMP=1 COMP_H=41196.2 PS_HP=OK PS_LP=OK DOOR=0
2026-04-24T09:42:05 TS01 RD TEVAP=-37.7 TAIR=-32.3 TPRODIN=+4.0 TPRODOUT=-20.1 BELT=1 COMP=1 COMP_H=58100.4 PS_HP=OK PS_LP=OK
2026-04-24T09:45:37 CF02 RD TMAN=-18.7 TRIP=-17.2 TPROD=-17.9 SP=-18.0 RH=85 DEFR=0 COMP=1 COMP_H=41196.3 PS_HP=OK PS_LP=OK DOOR=0
2026-04-24T09:47:43 TS01 RD TEVAP=-37.0 TAIR=-34.2 TPRODIN=+3.7 TPRODOUT=-20.6 BELT=1 COMP=1 COMP_H=58100.5 PS_HP=OK PS_LP=OK
2026-04-24T09:50:17 CF02 RD TMAN=-19.5 TRIP=-18.4 TPROD=-19.1 SP=-18.0 RH=87 DEFR=0 COMP=1 COMP_H=41196.3 PS_HP=OK PS_LP=OK DOOR=0
2026-04-24T09:52:13 TS01 RD TEVAP=-38.1 TAIR=-34.4 TPRODIN=+4.7 TPRODOUT=-20.5 BELT=1 COMP=1 COMP_H=58100.5 PS_HP=OK PS_LP=OK
2026-04-24T09:55:35 CF02 RD TMAN=-18.7 TRIP=-17.2 TPROD=-18.0 SP=-18.0 RH=89 DEFR=0 COMP=1 COMP_H=41196.3 PS_HP=OK PS_LP=OK DOOR=0
2026-04-24T09:57:33 TS01 RD TEVAP=-38.2 TAIR=-32.2 TPRODIN=+3.0 TPRODOUT=-19.6 BELT=1 COMP=1 COMP_H=58100.6 PS_HP=OK PS_LP=OK
2026-04-24T10:00:03 CF02 RD TMAN=-19.4 TRIP=-18.0 TPROD=-18.4 SP=-18.0 RH=87 DEFR=0 COMP=1 COMP_H=41196.4 PS_HP=OK PS_LP=OK DOOR=0
2026-04-24T10:02:02 TS01 RD TEVAP=-38.3 TAIR=-32.5 TPRODIN=+6.1 TPRODOUT=-18.7 BELT=1 COMP=1 COMP_H=58100.7 PS_HP=OK PS_LP=OK
2026-04-24T10:05:00 CF02 RD TMAN=-19.1 TRIP=-17.9 TPROD=-18.5 SP=-18.0 RH=93 DEFR=0 COMP=1 COMP_H=41196.4 PS_HP=OK PS_LP=OK DOOR=0
2026-04-24T10:07:02 CF02 EVT MANUAL_DEFROST START OP=EXT
2026-04-24T10:07:44 TS01 RD TEVAP=-38.0 TAIR=-32.8 TPRODIN=+3.5 TPRODOUT=-19.9 BELT=1 COMP=1 COMP_H=58100.7 PS_HP=OK PS_LP=OK
2026-04-24T10:09:17 CF02 EVT DEFROST_START MODE=HOTGAS
2026-04-24T10:10:08 CF02 RD TMAN=-19.1 TRIP=-17.4 TPROD=-18.0 SP=-18.0 RH=90 DEFR=0 COMP=1 COMP_H=41196.5 PS_HP=OK PS_LP=OK DOOR=0
2026-04-24T10:12:23 TS01 RD TEVAP=-37.6 TAIR=-33.3 TPRODIN=+3.7 TPRODOUT=-20.3 BELT=1 COMP=1 COMP_H=58100.8 PS_HP=OK PS_LP=OK
2026-04-24T10:15:45 CF02 RD TMAN=-19.5 TRIP=-18.0 TPROD=-18.6 SP=-18.0 RH=86 DEFR=0 COMP=0 COMP_H=41196.5 PS_HP=OK PS_LP=OK DOOR=0
2026-04-24T10:17:16 TS01 RD TEVAP=-37.5 TAIR=-32.0 TPRODIN=+3.6 TPRODOUT=-18.7 BELT=1 COMP=1 COMP_H=58100.9 PS_HP=OK PS_LP=OK
2026-04-24T10:20:06 CF02 RD TMAN=-18.7 TRIP=-17.1 TPROD=-17.8 SP=-18.0 RH=87 DEFR=0 COMP=0 COMP_H=41196.6 PS_HP=OK PS_LP=OK DOOR=0
2026-04-24T10:22:25 TS01 RD TEVAP=-37.3 TAIR=-31.8 TPRODIN=+5.2 TPRODOUT=-18.7 BELT=1 COMP=1 COMP_H=58100.9 PS_HP=OK PS_LP=OK
2026-04-24T10:25:43 CF02 RD TMAN=-19.2 TRIP=-17.7 TPROD=-18.3 SP=-18.0 RH=91 DEFR=0 COMP=0 COMP_H=41196.6 PS_HP=OK PS_LP=OK DOOR=0
2026-04-24T10:27:06 TS01 RD TEVAP=-38.4 TAIR=-31.9 TPRODIN=+4.4 TPRODOUT=-18.8 BELT=1 COMP=1 COMP_H=58101.0 PS_HP=OK PS_LP=OK
2026-04-24T10:27:45 CF02 EVT DEFROST_END DUR=00:18:45 TEVAP_END=+8.3
2026-04-24T10:31:02 CF02 EVT MANUAL_DEFROST END DUR=00:24:10
2026-04-24T11:40:47 CF02 EVT SERVICE_MODE OFF OP=EXT ID=FRIGOTEC-11
2026-04-24T12:05:53 CF02 EVT DEFROST_START MODE=HOTGAS
2026-04-24T12:27:50 CF02 EVT DEFROST_END DUR=00:21:50 TEVAP_END=+8.4
2026-04-24T14:00:34 CF02 EVT DEFROST_START MODE=HOTGAS
2026-04-24T14:18:53 CF02 EVT DEFROST_END DUR=00:18:53 TEVAP_END=+8.4
2026-04-24T16:02:30 CF02 EVT DEFROST_START MODE=HOTGAS
2026-04-24T16:24:22 CF02 EVT DEFROST_END DUR=00:21:22 TEVAP_END=+8.8
2026-04-24T18:00:53 CF02 EVT DEFROST_START MODE=HOTGAS
2026-04-24T18:19:23 CF02 EVT DEFROST_END DUR=00:18:23 TEVAP_END=+8.2
2026-04-24T20:01:22 CF02 EVT DEFROST_START MODE=HOTGAS
2026-04-24T20:25:24 CF02 EVT DEFROST_END DUR=00:24:24 TEVAP_END=+8.8
2026-04-24T22:02:15 CF02 EVT DEFROST_START MODE=HOTGAS
2026-04-24T22:20:37 CF02 EVT DEFROST_END DUR=00:18:37 TEVAP_END=+8.2
2026-04-25T04:00:54 CF02 EVT DEFROST_START MODE=HOTGAS
2026-04-25T04:20:04 CF02 EVT DEFROST_END DUR=00:19:04 TEVAP_END=+8.3
2026-04-25T10:03:18 CF02 EVT DEFROST_START MODE=HOTGAS
2026-04-25T10:25:33 CF02 EVT DEFROST_END DUR=00:22:33 TEVAP_END=+8.7
2026-04-25T14:00:13 CF02 RD TMAN=-19.7 TRIP=-18.0 TPROD=-18.7 SP=-18.0 RH=90 DEFR=0 COMP=0 COMP_H=41196.6 PS_HP=OK PS_LP=OK DOOR=0
2026-04-25T14:02:49 TS01 RD TEVAP=-37.0 TAIR=-32.4 TPRODIN=+4.7 TPRODOUT=-19.4 BELT=1 COMP=1 COMP_H=58101.1 PS_HP=OK PS_LP=OK
2026-04-25T14:05:30 CF02 RD TMAN=-19.3 TRIP=-17.9 TPROD=-17.9 SP=-18.0 RH=91 DEFR=0 COMP=1 COMP_H=41196.7 PS_HP=OK PS_LP=OK DOOR=0
2026-04-25T14:07:03 TS01 RD TEVAP=-37.7 TAIR=-33.1 TPRODIN=+6.1 TPRODOUT=-20.5 BELT=1 COMP=1 COMP_H=58101.2 PS_HP=OK PS_LP=OK
2026-04-25T14:10:51 CF02 RD TMAN=-19.4 TRIP=-18.1 TPROD=-18.3 SP=-18.0 RH=92 DEFR=0 COMP=1 COMP_H=41196.7 PS_HP=OK PS_LP=OK DOOR=0
2026-04-25T14:12:51 TS01 RD TEVAP=-37.1 TAIR=-34.5 TPRODIN=+6.4 TPRODOUT=-19.3 BELT=1 COMP=1 COMP_H=58101.2 PS_HP=OK PS_LP=OK
2026-04-25T14:15:38 CF02 RD TMAN=-19.4 TRIP=-17.2 TPROD=-18.3 SP=-18.0 RH=88 DEFR=0 COMP=1 COMP_H=41196.7 PS_HP=OK PS_LP=OK DOOR=0
2026-04-25T14:17:52 TS01 RD TEVAP=-37.3 TAIR=-33.9 TPRODIN=+5.5 TPRODOUT=-19.3 BELT=1 COMP=1 COMP_H=58101.3 PS_HP=OK PS_LP=OK
2026-04-25T14:20:04 CF02 RD TMAN=-20.0 TRIP=-18.2 TPROD=-18.4 SP=-18.0 RH=91 DEFR=0 COMP=1 COMP_H=41196.8 PS_HP=OK PS_LP=OK DOOR=0
2026-04-25T14:22:28 TS01 RD TEVAP=-38.6 TAIR=-34.1 TPRODIN=+6.1 TPRODOUT=-18.9 BELT=1 COMP=1 COMP_H=58101.4 PS_HP=OK PS_LP=OK
2026-04-25T14:25:10 CF02 RD TMAN=-19.3 TRIP=-17.5 TPROD=-18.2 SP=-18.0 RH=92 DEFR=0 COMP=1 COMP_H=41196.8 PS_HP=OK PS_LP=OK DOOR=0
2026-04-25T14:27:38 TS01 RD TEVAP=-37.0 TAIR=-33.3 TPRODIN=+4.9 TPRODOUT=-20.4 BELT=1 COMP=1 COMP_H=58101.5 PS_HP=OK PS_LP=WARN
2026-04-25T14:30:39 CF02 RD TMAN=-19.9 TRIP=-18.4 TPROD=-18.6 SP=-18.0 RH=84 DEFR=0 COMP=0 COMP_H=41196.9 PS_HP=OK PS_LP=OK DOOR=0
2026-04-25T14:32:45 TS01 RD TEVAP=-39.2 TAIR=-32.4 TPRODIN=+4.2 TPRODOUT=-19.1 BELT=1 COMP=1 COMP_H=58101.5 PS_HP=OK PS_LP=OK
2026-04-25T14:35:52 CF02 RD TMAN=-18.8 TRIP=-17.6 TPROD=-18.1 SP=-18.0 RH=93 DEFR=0 COMP=1 COMP_H=41196.9 PS_HP=OK PS_LP=OK DOOR=0
2026-04-25T14:37:30 TS01 RD TEVAP=-37.0 TAIR=-31.8 TPRODIN=+4.6 TPRODOUT=-18.8 BELT=1 COMP=1 COMP_H=58101.6 PS_HP=OK PS_LP=OK
2026-04-25T14:40:12 CF02 RD TMAN=-19.0 TRIP=-17.1 TPROD=-18.1 SP=-18.0 RH=89 DEFR=0 COMP=0 COMP_H=41196.9 PS_HP=OK PS_LP=OK DOOR=0
2026-04-25T14:42:34 TS01 RD TEVAP=-39.1 TAIR=-34.2 TPRODIN=+3.7 TPRODOUT=-20.3 BELT=1 COMP=1 COMP_H=58101.7 PS_HP=OK PS_LP=OK
2026-04-25T16:03:20 CF02 EVT DEFROST_START MODE=HOTGAS
2026-04-25T16:24:07 CF02 EVT DEFROST_END DUR=00:20:07 TEVAP_END=+8.0
2026-04-25T22:09:35 CF02 EVT DEFROST_START MODE=HOTGAS
2026-04-25T22:33:51 CF02 EVT DEFROST_END DUR=00:24:51 TEVAP_END=+8.3
2026-04-26T01:00:28 CF02 RD TMAN=-19.6 TRIP=-18.6 TPROD=-18.5 SP=-18.0 RH=85 DEFR=0 COMP=1 COMP_H=41197.4 PS_HP=OK PS_LP=OK DOOR=0
2026-04-26T01:02:52 TS01 RD TEVAP=-9.8 TAIR=-9.0 TPRODIN=+0.0 TPRODOUT=+0.0 BELT=0 COMP=0 COMP_H=58101.7 PS_HP=OK PS_LP=OK
2026-04-26T01:05:22 CF02 RD TMAN=-19.5 TRIP=-18.3 TPROD=-18.6 SP=-18.0 RH=85 DEFR=0 COMP=1 COMP_H=41197.5 PS_HP=OK PS_LP=OK DOOR=0
2026-04-26T01:07:36 TS01 RD TEVAP=-13.7 TAIR=-7.7 TPRODIN=+0.0 TPRODOUT=+0.0 BELT=0 COMP=0 COMP_H=58101.7 PS_HP=OK PS_LP=OK
2026-04-26T01:10:12 CF02 RD TMAN=-19.9 TRIP=-18.2 TPROD=-19.0 SP=-18.0 RH=89 DEFR=0 COMP=0 COMP_H=41197.5 PS_HP=OK PS_LP=OK DOOR=0
2026-04-26T01:12:19 TS01 RD TEVAP=-14.3 TAIR=-7.0 TPRODIN=+0.0 TPRODOUT=+0.0 BELT=0 COMP=0 COMP_H=58101.7 PS_HP=OK PS_LP=OK
2026-04-26T01:15:04 CF02 RD TMAN=-18.5 TRIP=-17.0 TPROD=-17.8 SP=-18.0 RH=93 DEFR=0 COMP=1 COMP_H=41197.6 PS_HP=OK PS_LP=OK DOOR=0
2026-04-26T01:17:44 TS01 RD TEVAP=-10.7 TAIR=-9.3 TPRODIN=+0.0 TPRODOUT=+0.0 BELT=0 COMP=0 COMP_H=58101.7 PS_HP=OK PS_LP=OK
2026-04-26T01:20:47 CF02 RD TMAN=-18.4 TRIP=-17.4 TPROD=-17.7 SP=-18.0 RH=90 DEFR=0 COMP=1 COMP_H=41197.6 PS_HP=OK PS_LP=OK DOOR=0
2026-04-26T01:22:08 TS01 RD TEVAP=-6.7 TAIR=-10.7 TPRODIN=+0.0 TPRODOUT=+0.0 BELT=0 COMP=0 COMP_H=58101.7 PS_HP=OK PS_LP=WARN
2026-04-26T01:25:04 CF02 RD TMAN=-19.9 TRIP=-17.9 TPROD=-18.5 SP=-18.0 RH=90 DEFR=0 COMP=1 COMP_H=41197.7 PS_HP=OK PS_LP=OK DOOR=0
2026-04-26T01:27:55 TS01 RD TEVAP=-13.5 TAIR=-6.4 TPRODIN=+0.0 TPRODOUT=+0.0 BELT=0 COMP=0 COMP_H=58101.7 PS_HP=OK PS_LP=OK
2026-04-26T01:30:26 CF02 RD TMAN=-19.4 TRIP=-17.9 TPROD=-18.6 SP=-18.0 RH=85 DEFR=0 COMP=1 COMP_H=41197.7 PS_HP=OK PS_LP=OK DOOR=0
2026-04-26T01:32:24 TS01 RD TEVAP=-14.2 TAIR=-5.2 TPRODIN=+0.0 TPRODOUT=+0.0 BELT=0 COMP=0 COMP_H=58101.7 PS_HP=OK PS_LP=OK
2026-04-26T01:35:51 CF02 RD TMAN=-18.2 TRIP=-16.8 TPROD=-17.4 SP=-18.0 RH=85 DEFR=0 COMP=0 COMP_H=41197.7 PS_HP=OK PS_LP=OK DOOR=0
2026-04-26T01:37:07 TS01 RD TEVAP=-14.0 TAIR=-4.9 TPRODIN=+0.0 TPRODOUT=+0.0 BELT=0 COMP=0 COMP_H=58101.7 PS_HP=OK PS_LP=OK
2026-04-26T01:40:08 CF02 RD TMAN=-18.8 TRIP=-16.9 TPROD=-17.9 SP=-18.0 RH=93 DEFR=0 COMP=0 COMP_H=41197.8 PS_HP=OK PS_LP=OK DOOR=0
2026-04-26T01:42:01 TS01 RD TEVAP=-15.3 TAIR=-9.8 TPRODIN=+0.0 TPRODOUT=+0.0 BELT=0 COMP=0 COMP_H=58101.7 PS_HP=OK PS_LP=OK
2026-04-26T01:45:14 CF02 RD TMAN=-19.7 TRIP=-18.6 TPROD=-18.9 SP=-18.0 RH=93 DEFR=0 COMP=0 COMP_H=41197.8 PS_HP=OK PS_LP=OK DOOR=0
2026-04-26T01:47:52 TS01 RD TEVAP=-15.1 TAIR=-3.4 TPRODIN=+0.0 TPRODOUT=+0.0 BELT=0 COMP=0 COMP_H=58101.7 PS_HP=OK PS_LP=OK
2026-04-26T01:50:23 CF02 RD TMAN=-19.4 TRIP=-18.0 TPROD=-18.6 SP=-18.0 RH=90 DEFR=0 COMP=0 COMP_H=41197.9 PS_HP=OK PS_LP=OK DOOR=0
2026-04-26T01:52:37 TS01 RD TEVAP=-14.1 TAIR=-7.7 TPRODIN=+0.0 TPRODOUT=+0.0 BELT=0 COMP=0 COMP_H=58101.7 PS_HP=OK PS_LP=OK
2026-04-26T01:55:54 CF02 RD TMAN=-19.4 TRIP=-17.7 TPROD=-18.1 SP=-18.0 RH=85 DEFR=0 COMP=1 COMP_H=41197.9 PS_HP=OK PS_LP=OK DOOR=0
2026-04-26T01:57:41 TS01 RD TEVAP=-14.2 TAIR=-10.6 TPRODIN=+0.0 TPRODOUT=+0.0 BELT=0 COMP=0 COMP_H=58101.7 PS_HP=OK PS_LP=OK
2026-04-26T01:58:22 CF02 EVT ALARM HIGH_TEMP T=-11.4 SP=-18.0 DIFF=6.6 DUR=02:12:55 ACK=NO
2026-04-26T02:00:42 CF02 RD TMAN=-12.3 TRIP=-11.1 TPROD=-11.7 SP=-18.0 RH=91 DEFR=0 COMP=1 COMP_H=41197.0 PS_HP=OK PS_LP=OK DOOR=0
2026-04-26T02:02:40 TS01 RD TEVAP=-13.1 TAIR=-5.4 TPRODIN=+0.0 TPRODOUT=+0.0 BELT=0 COMP=0 COMP_H=58101.7 PS_HP=OK PS_LP=OK
2026-04-26T02:05:41 CF02 RD TMAN=-12.9 TRIP=-11.3 TPROD=-11.9 SP=-18.0 RH=91 DEFR=0 COMP=1 COMP_H=41197.0 PS_HP=OK PS_LP=OK DOOR=0
2026-04-26T02:07:12 TS01 RD TEVAP=-9.8 TAIR=-4.6 TPRODIN=+0.0 TPRODOUT=+0.0 BELT=0 COMP=0 COMP_H=58101.7 PS_HP=OK PS_LP=OK
2026-04-26T02:10:50 CF02 RD TMAN=-12.0 TRIP=-10.8 TPROD=-11.6 SP=-18.0 RH=84 DEFR=0 COMP=1 COMP_H=41197.1 PS_HP=OK PS_LP=OK DOOR=0
2026-04-26T02:12:53 TS01 RD TEVAP=-12.4 TAIR=-8.3 TPRODIN=+0.0 TPRODOUT=+0.0 BELT=0 COMP=0 COMP_H=58101.7 PS_HP=OK PS_LP=OK
2026-04-26T02:15:38 CF02 RD TMAN=-12.5 TRIP=-11.2 TPROD=-11.7 SP=-18.0 RH=93 DEFR=0 COMP=1 COMP_H=41197.1 PS_HP=OK PS_LP=OK DOOR=0
2026-04-26T02:17:17 TS01 RD TEVAP=-7.0 TAIR=-7.5 TPRODIN=+0.0 TPRODOUT=+0.0 BELT=0 COMP=0 COMP_H=58101.7 PS_HP=OK PS_LP=OK
2026-04-26T02:20:49 CF02 RD TMAN=-13.2 TRIP=-11.6 TPROD=-12.5 SP=-18.0 RH=84 DEFR=0 COMP=1 COMP_H=41197.2 PS_HP=OK PS_LP=OK DOOR=0
2026-04-26T02:22:19 TS01 RD TEVAP=-13.1 TAIR=-3.3 TPRODIN=+0.0 TPRODOUT=+0.0 BELT=0 COMP=0 COMP_H=58101.7 PS_HP=OK PS_LP=OK
2026-04-26T02:25:23 CF02 RD TMAN=-12.6 TRIP=-11.0 TPROD=-11.6 SP=-18.0 RH=84 DEFR=0 COMP=1 COMP_H=41197.2 PS_HP=OK PS_LP=OK DOOR=0
2026-04-26T02:27:34 TS01 RD TEVAP=-7.6 TAIR=-5.4 TPRODIN=+0.0 TPRODOUT=+0.0 BELT=0 COMP=0 COMP_H=58101.7 PS_HP=OK PS_LP=OK
2026-04-26T02:30:01 CF02 RD TMAN=-12.6 TRIP=-11.4 TPROD=-12.0 SP=-18.0 RH=92 DEFR=0 COMP=1 COMP_H=41197.3 PS_HP=OK PS_LP=OK DOOR=0
2026-04-26T02:32:34 TS01 RD TEVAP=-12.2 TAIR=-11.8 TPRODIN=+0.0 TPRODOUT=+0.0 BELT=0 COMP=0 COMP_H=58101.7 PS_HP=OK PS_LP=OK
2026-04-26T02:35:53 CF02 RD TMAN=-12.0 TRIP=-10.7 TPROD=-10.9 SP=-18.0 RH=88 DEFR=0 COMP=1 COMP_H=41197.3 PS_HP=OK PS_LP=OK DOOR=0
2026-04-26T02:37:16 TS01 RD TEVAP=-14.4 TAIR=-8.4 TPRODIN=+0.0 TPRODOUT=+0.0 BELT=0 COMP=0 COMP_H=58101.7 PS_HP=OK PS_LP=OK
2026-04-26T02:40:39 CF02 RD TMAN=-13.3 TRIP=-11.5 TPROD=-12.3 SP=-18.0 RH=84 DEFR=0 COMP=1 COMP_H=41197.4 PS_HP=OK PS_LP=OK DOOR=0
2026-04-26T02:42:03 TS01 RD TEVAP=-12.9 TAIR=-8.5 TPRODIN=+0.0 TPRODOUT=+0.0 BELT=0 COMP=0 COMP_H=58101.7 PS_HP=OK PS_LP=OK
2026-04-26T04:06:35 CF02 EVT DEFROST_START MODE=HOTGAS
2026-04-26T04:11:17 CF02 EVT ALARM_RESET HIGH_TEMP T=-13.2 ACK=NO
2026-04-26T04:32:15 CF02 EVT DEFROST_END DUR=00:25:15 TEVAP_END=+8.6
2026-04-26T10:00:43 CF02 EVT DEFROST_START MODE=HOTGAS
2026-04-26T10:24:02 CF02 EVT DEFROST_END DUR=00:23:02 TEVAP_END=+8.6
2026-04-26T16:03:53 CF02 EVT DEFROST_START MODE=HOTGAS
2026-04-26T16:22:03 CF02 EVT DEFROST_END DUR=00:18:03 TEVAP_END=+8.2
2026-04-26T22:07:21 CF02 EVT DEFROST_START MODE=HOTGAS
2026-04-26T22:34:47 CF02 EVT DEFROST_END DUR=00:27:47 TEVAP_END=+8.9
2026-04-27T04:03:22 CF02 EVT DEFROST_START MODE=HOTGAS
2026-04-27T04:24:53 CF02 EVT DEFROST_END DUR=00:21:53 TEVAP_END=+8.8
2026-04-27T10:06:40 CF02 EVT DEFROST_START MODE=HOTGAS
2026-04-27T10:34:19 CF02 EVT DEFROST_END DUR=00:27:19 TEVAP_END=+8.6
2026-04-27T14:00:14 CF02 RD TMAN=-19.0 TRIP=-17.4 TPROD=-17.6 SP=-18.0 RH=85 DEFR=0 COMP=1 COMP_H=41198.0 PS_HP=OK PS_LP=OK DOOR=0
2026-04-27T14:02:43 TS01 RD TEVAP=-38.0 TAIR=-32.2 TPRODIN=+5.1 TPRODOUT=-20.6 BELT=1 COMP=1 COMP_H=58101.7 PS_HP=OK PS_LP=OK
2026-04-27T14:05:04 CF02 RD TMAN=-18.9 TRIP=-17.7 TPROD=-17.9 SP=-18.0 RH=84 DEFR=0 COMP=1 COMP_H=41198.0 PS_HP=OK PS_LP=OK DOOR=0
2026-04-27T14:07:23 TS01 RD TEVAP=-37.2 TAIR=-32.4 TPRODIN=+3.1 TPRODOUT=-19.3 BELT=1 COMP=1 COMP_H=58101.8 PS_HP=OK PS_LP=OK
2026-04-27T14:10:47 CF02 RD TMAN=-18.3 TRIP=-17.4 TPROD=-17.3 SP=-18.0 RH=90 DEFR=0 COMP=1 COMP_H=41198.0 PS_HP=OK PS_LP=OK DOOR=0
2026-04-27T14:12:19 TS01 RD TEVAP=-38.5 TAIR=-33.4 TPRODIN=+5.1 TPRODOUT=-18.7 BELT=1 COMP=1 COMP_H=58101.9 PS_HP=OK PS_LP=OK
2026-04-27T14:15:14 CF02 RD TMAN=-18.9 TRIP=-16.8 TPROD=-17.5 SP=-18.0 RH=86 DEFR=0 COMP=0 COMP_H=41198.1 PS_HP=OK PS_LP=OK DOOR=0
2026-04-27T14:17:54 TS01 RD TEVAP=-37.9 TAIR=-32.7 TPRODIN=+4.3 TPRODOUT=-19.5 BELT=1 COMP=1 COMP_H=58101.9 PS_HP=OK PS_LP=OK
2026-04-27T14:20:07 CF02 RD TMA
2026-04-27T14:22:03 TS01 RD TEVAP=-37.9 TAIR=-32.7 TPRODIN=+4.4 TPRODOUT=-19.7 BELT=1 COMP=1 COMP_H=58102.0 PS_HP=OK PS_LP=OK
2026-04-27T14:25:48 CF02 RD TMAN=-20.2 TRIP=-18.0 TPROD=-18.6 SP=-18.0 RH=87 DEFR=0 COMP=1 COMP_H=41198.2 PS_HP=OK PS_LP=OK DOOR=0
2026-04-27T14:27:26 TS01 RD TEVAP=-37.4 TAIR=-31.9 TPRODIN=+3.3 TPRODOUT=-18.8 BELT=1 COMP=1 COMP_H=58102.1 PS_HP=OK PS_LP=OK
2026-04-27T14:30:51 CF02 RD TMAN=-18.6 TRIP=-17.2 TPROD=-17.9 SP=-18.0 RH=88 DEFR=0 COMP=1 COMP_H=41198.2 PS_HP=OK PS_LP=OK DOOR=0
2026-04-27T14:32:05 TS01 RD TEVAP=-37.6 TAIR=-34.3 TPRODIN=+6.0 TPRODOUT=-19.3 BELT=1 COMP=1 COMP_H=58102.1 PS_HP=OK PS_LP=OK
2026-04-27T14:35:24 CF02 RD TMAN=-19.7 TRIP=-18.6 TPROD=-19.1 SP=-18.0 RH=89 DEFR=0 COMP=1 COMP_H=41198.3 PS_HP=OK PS_LP=OK DOOR=0
2026-04-27T14:37:02 TS01 RD TEVAP=-38.9 TAIR=-31.8 TPRODIN=+6.1 TPRODOUT=-20.0 BELT=1 COMP=1 COMP_H=58102.2 PS_HP=OK PS_LP=OK
2026-04-27T14:40:14 CF02 RD TMAN=-20.0 TRIP=-18.0 TPROD=-18.6 SP=-18.0 RH=85 DEFR=0 COMP=1 COMP_H=41198.3 PS_HP=OK PS_LP=OK DOOR=0
2026-04-27T14:42:02 TS01 RD TEVAP=-39.2 TAIR=-33.2 TPRODIN=+4.5 TPRODOUT=-18.9 BELT=1 COMP=1 COMP_H=58102.3 PS_HP=OK PS_LP=OK
2026-04-27T16:00:37 CF02 EVT DEFROST_START MODE=HOTGAS
2026-04-27T16:19:23 CF02 EVT DEFROST_END DUR=00:18:23 TEVAP_END=+8.4
2026-04-27T22:04:24 CF02 EVT DEFROST_START MODE=HOTGAS
2026-04-27T22:30:05 CF02 EVT DEFROST_END DUR=00:25:05 TEVAP_END=+8.4
2026-04-28T02:00:35 CF02 RD TMAN=-19.1 TRIP=-17.7 TPROD=-18.4 SP=-18.0 RH=91 DEFR=0 COMP=1 COMP_H=41198.4 PS_HP=OK PS_LP=OK DOOR=0
2026-04-28T02:02:04 TS01 RD TEVAP=-12.1 TAIR=-4.1 TPRODIN=+0.0 TPRODOUT=+0.0 BELT=0 COMP=0 COMP_H=58102.3 PS_HP=OK PS_LP=OK
2026-04-28T02:05:09 CF02 RD TMAN=-19.7 TRIP=-18.0 TPROD=-18.7 SP=-18.0 RH=87 DEFR=0 COMP=1 COMP_H=41198.4 PS_HP=OK PS_LP=OK DOOR=0
2026-04-28T02:07:11 TS01 RD TEVAP=-9.6 TAIR=-8.8 TPRODIN=+0.0 TPRODOUT=+0.0 BELT=0 COMP=0 COMP_H=58102.3 PS_HP=OK PS_LP=OK
2026-04-28T02:10:17 CF02 RD TMAN=-19.3 TRIP=-17.9 TPROD=-18.6 SP=-18.0 RH=85 DEFR=0 COMP=0 COMP_H=41198.5 PS_HP=OK PS_LP=OK DOOR=0
2026-04-28T02:12:15 TS01 RD TEVAP=-12.0 TAIR=-10.4 TPRODIN=+0.0 TPRODOUT=+0.0 BELT=0 COMP=0 COMP_H=58102.3 PS_HP=OK PS_LP=OK
2026-04-28T02:15:53 CF02 RD TMAN=-18.7 TRIP=-16.9 TPROD=-17.9 SP=-18.0 RH=88 DEFR=0 COMP=0 COMP_H=41198.5 PS_HP=OK PS_LP=OK DOOR=0
2026-04-28T02:17:04 TS01 RD TEVAP=-12.4 TAIR=-6.8 TPRODIN=+0.0 TPRODOUT=+0.0 BELT=0 COMP=0 COMP_H=58102.3 PS_HP=OK PS_LP=OK
2026-04-28T02:20:46 CF02 RD TMAN=-19.0 TRIP=-17.5 TPROD=-17.9 SP=-18.0 RH=84 DEFR=0 COMP=1 COMP_H=41198.6 PS_HP=OK PS_LP=OK DOOR=0
2026-04-28T02:22:55 TS01 RD TEVAP=-13.6 TAIR=-9.3 TPRODIN=+0.0 TPRODOUT=+0.0 BELT=0 COMP=0 COMP_H=58102.3 PS_HP=OK PS_LP=OK
2026-04-28T02:25:44 CF02 RD TMAN=-18.6 TRIP=-16.8 TPROD=-17.6 SP=-18.0 RH=90 DEFR=0 COMP=1 COMP_H=41198.6 PS_HP=OK PS_LP=OK DOOR=0
2026-04-28T02:27:17 TS01 RD TEVAP=-6.8 TAIR=-6.7 TPRODIN=+0.0 TPRODOUT=+0.0 BELT=0 COMP=0 COMP_H=58102.3 PS_HP=OK PS_LP=OK
2026-04-28T02:30:02 CF02 RD TMAN=-19.3 TRIP=-17.9 TPROD=-18.2 SP=-18.0 RH=89 DEFR=0 COMP=0 COMP_H=41198.7 PS_HP=OK PS_LP=OK DOOR=0
2026-04-28T02:32:09 TS01 RD TEVAP=-13.3 TAIR=-6.4 TPRODIN=+0.0 TPRODOUT=+0.0 BELT=0 COMP=0 COMP_H=58102.3 PS_HP=OK PS_LP=OK
2026-04-28T02:35:24 CF02 RD TMAN=-18.4 TRIP=-17.0 TPROD=-17.4 SP=-18.0 RH=88 DEFR=0 COMP=1 COMP_H=41198.7 PS_HP=OK PS_LP=OK DOOR=0
2026-04-28T02:37:48 TS01 RD TEVAP=-12.3 TAIR=-5.2 TPRODIN=+0.0 TPRODOUT=+0.0 BELT=0 COMP=0 COMP_H=58102.3 PS_HP=OK PS_LP=OK
2026-04-28T02:40:21 CF02 RD TMAN=-19.7 TRIP=-17.5 TPROD=-18.5 SP=-18.0 RH=86 DEFR=0 COMP=1 COMP_H=41198.8 PS_HP=OK PS_LP=OK DOOR=0
2026-04-28T02:42:45 TS01 RD TEVAP=-7.7 TAIR=-8.3 TPRODIN=+0.0 TPRODOUT=+0.0 BELT=0 COMP=0 COMP_H=58102.3 PS_HP=OK PS_LP=OK
2026-04-28T04:00:03 CF02 EVT DEFROST_START MODE=HOTGAS
2026-04-28T04:21:07 CF02 EVT DEFROST_END DUR=00:21:07 TEVAP_END=+8.3
2026-04-28T10:01:19 CF02 EVT DEFROST_START MODE=HOTGAS
2026-04-28T10:22:21 CF02 EVT DEFROST_END DUR=00:21:21 TEVAP_END=+8.5
2026-04-28T16:02:38 CF02 EVT DEFROST_START MODE=HOTGAS
2026-04-28T16:26:39 CF02 EVT DEFROST_END DUR=00:24:39 TEVAP_END=+8.8
2026-04-28T22:08:38 CF02 EVT DEFROST_START MODE=HOTGAS
2026-04-28T22:35:13 CF02 EVT DEFROST_END DUR=00:26:13 TEVAP_END=+8.7
2026-04-29T04:00:21 CF02 EVT DEFROST_START MODE=HOTGAS
2026-04-29T04:26:28 CF02 EVT DEFROST_END DUR=00:26:28 TEVAP_END=+8.4
2026-04-29T10:00:05 CF02 EVT DEFROST_START MODE=HOTGAS
2026-04-29T10:24:07 CF02 EVT DEFROST_END DUR=00:24:07 TEVAP_END=+8.4
2026-04-29T14:00:32 CF02 RD TMAN=-19.5 TRIP=-18.1 TPROD=-18.6 SP=-18.0 RH=92 DEFR=0 COMP=1 COMP_H=41198.8 PS_HP=OK PS_LP=OK DOOR=0
2026-04-29T14:02:31 TS01 RD TEVAP=-37.4 TAIR=-34.5 TPRODIN=+2.9 TPRODOUT=-18.7 BELT=1 COMP=1 COMP_H=58102.3 PS_HP=OK PS_LP=OK
2026-04-29T14:05:25 CF02 RD TMAN=-19.4 TRIP=-17.6 TPROD=-18.1 SP=-18.0 RH=91 DEFR=0 COMP=1 COMP_H=41198.9 PS_HP=OK PS_LP=OK DOOR=0
2026-04-29T14:07:00 TS01 RD TEVAP=-39.3 TAIR=-34.0 TPRODIN=+5.7 TPRODOUT=-19.9 BELT=1 COMP=1 COMP_H=58102.4 PS_HP=OK PS_LP=OK
2026-04-29T14:10:03 CF02 RD TMAN=-19.0 TRIP=-17.6 TPROD=-18.0 SP=-18.0 RH=86 DEFR=0 COMP=0 COMP_H=41198.9 PS_HP=OK PS_LP=OK DOOR=0
2026-04-29T14:12:47 TS01 RD TEVAP=-38.2 TAIR=-32.9 TPRODIN=+5.6 TPRODOUT=-20.2 BELT=1 COMP=1 COMP_H=58102.5 PS_HP=OK PS_LP=OK
2026-04-29T14:15:48 CF02 RD TMAN=-18.9 TRIP=-17.1 TPROD=-17.6 SP=-18.0 RH=90 DEFR=0 COMP=1 COMP_H=41198.9 PS_HP=OK PS_LP=OK DOOR=0
2026-04-29T14:17:32 TS01 RD TEVAP=-38.1 TAIR=-32.2 TPRODIN=+3.6 TPRODOUT=-20.0 BELT=1 COMP=1 COMP_H=58102.5 PS_HP=OK PS_LP=OK
2026-04-29T14:20:17 CF02 RD TMAN=-19.0 TRIP=-16.9 TPROD=-17.6 SP=-18.0 RH=92 DEFR=0 COMP=1 COMP_H=41199.0 PS_HP=OK PS_LP=OK DOOR=0
2026-04-29T14:22:25 TS01 RD TEVAP=-37.2 TAIR=-31.6 TPRODIN=+2.8 TPRODOUT=-18.6 BELT=1 COMP=1 COMP_H=58102.6 PS_HP=OK PS_LP=OK
2026-04-29T14:25:30 CF02 RD TMAN=-18.8 TRIP=-17.1 TPROD=-17.7 SP=-18.0 RH=92 DEFR=0 COMP=1 COMP_H=41199.0 PS_HP=OK PS_LP=OK DOOR=0
2026-04-29T14:27:04 TS01 RD TEVAP=-38.2 TAIR=-33.6 TPRODIN=+3.1 TPRODOUT=-20.4 BELT=1 COMP=1 COMP_H=58102.7 PS_HP=OK PS_LP=OK
2026-04-29T14:30:32 CF02 RD TMAN=-19.1 TRIP=-17.9 TPROD=-17.9 SP=-18.0 RH=84 DEFR=0 COMP=0 COMP_H=41199.1 PS_HP=OK PS_LP=OK DOOR=0
2026-04-29T14:32:26 TS01 RD TEVAP=-39.3 TAIR=-32.6 TPRODIN=+4.5 TPRODOUT=-19.8 BELT=1 COMP=1 COMP_H=58102.7 PS_HP=OK PS_LP=OK
2026-04-29T14:35:16 CF02 RD TMAN=-19.5 TRIP=-18.5 TPROD=-18.8 SP=-18.0 RH=90 DEFR=0 COMP=1 COMP_H=41199.1 PS_HP=OK PS_LP=OK DOOR=0
2026-04-29T14:37:28 TS01 RD TEVAP=-37.9 TAIR=-32.9 TPRODIN=+4.7 TPRODOUT=-19.0 BELT=1 COMP=1 COMP_H=58102.8 PS_HP=OK PS_LP=OK
2026-04-29T14:40:51 CF02 RD TMAN=-19.1 TRIP=-17.4 TPROD=-17.9 SP=-18.0 RH=89 DEFR=0 COMP=1 COMP_H=41199.2 PS_HP=OK PS_LP=OK DOOR=0
2026-04-29T14:42:25 TS01 RD TEVAP=-39.0 TAIR=-32.3 TPRODIN=+3.8 TPRODOUT=-18.7 BELT=1 COMP=1 COMP_H=58102.9 PS_HP=OK PS_LP=OK
2026-04-29T16:01:30 CF02 EVT DEFROST_START MODE=HOTGAS
2026-04-29T16:24:33 CF02 EVT DEFROST_END DUR=00:23:33 TEVAP_END=+8.8
2026-04-29T22:09:06 CF02 EVT DEFROST_START MODE=HOTGAS
2026-04-29T22:32:09 CF02 EVT DEFROST_END DUR=00:23:09 TEVAP_END=+8.5
2026-04-30T02:00:43 CF02 RD TMAN=-18.8 TRIP=-17.6 TPROD=-18.4 SP=-18.0 RH=88 DEFR=0 COMP=0 COMP_H=41199.2 PS_HP=OK PS_LP=OK DOOR=0
2026-04-30T02:02:07 TS01 RD TEVAP=-11.6 TAIR=-7.6 TPRODIN=+0.0 TPRODOUT=+0.0 BELT=0 COMP=0 COMP_H=58102.9 PS_HP=OK PS_LP=OK
2026-04-30T02:05:46 CF02 RD TMAN=-18.8 TRIP=-17.3 TPROD=-18.0 SP=-18.0 RH=86 DEFR=0 COMP=1 COMP_H=41199.2 PS_HP=OK PS_LP=OK DOOR=0
2026-04-30T02:07:41 TS01 RD TEVAP=-9.6 TAIR=-10.1 TPRODIN=+0.0 TPRODOUT=+0.0 BELT=0 COMP=0 COMP_H=58102.9 PS_HP=OK PS_LP=OK
2026-04-30T02:10:49 CF02 RD TMAN=-18.8 TRIP=-17.1 TPROD=-17.9 SP=-18.0 RH=84 DEFR=0 COMP=1 COMP_H=41199.3 PS_HP=OK PS_LP=OK DOOR=0
2026-04-30T02:12:30 TS01 RD TEVAP=-9.5 TAIR=-3.2 TPRODIN=+0.0 TPRODOUT=+0.0 BELT=0 COMP=0 COMP_H=58102.9 PS_HP=OK PS_LP=OK
2026-04-30T02:15:18 CF02 RD TMAN=-19.9 TRIP=-18.1 TPROD=-19.2 SP=-18.0 RH=93 DEFR=0 COMP=1 COMP_H=41199.3 PS_HP=OK PS_LP=OK DOOR=0
2026-04-30T02:17:10 TS01 RD TEVAP=-12.6 TAIR=-9.8 TPRODIN=+0.0 TPRODOUT=+0.0 BELT=0 COMP=0 COMP_H=58102.9 PS_HP=OK PS_LP=OK
2026-04-30T02:20:49 CF02 RD TMAN=-19.3 TRIP=-17.9 TPROD=-18.8 SP=-18.0 RH=89 DEFR=0 COMP=1 COMP_H=41199.4 PS_HP=OK PS_LP=OK DOOR=0
2026-04-30T02:22:24 TS01 RD TEVAP=-8.6 TAIR=-3.7 TPRODIN=+0.0 TPRODOUT=+0.0 BELT=0 COMP=0 COMP_H=58102.9 PS_HP=OK PS_LP=OK
2026-04-30T02:25:00 CF02 RD TMAN=-19.0 TRIP=-17.5 TPROD=-18.1 SP=-18.0 RH=93 DEFR=0 COMP=1 COMP_H=41199.4 PS_HP=OK PS_LP=OK DOOR=0
2026-04-30T02:27:21 TS01 RD TEVAP=-10.1 TAIR=-3.7 TPRODIN=+0.0 TPRODOUT=+0.0 BELT=0 COMP=0 COMP_H=58102.9 PS_HP=OK PS_LP=OK
2026-04-30T02:30:09 CF02 RD TMAN=-18.9 TRIP=-16.7 TPROD=-17.8 SP=-18.0 RH=86 DEFR=0 COMP=1 COMP_H=41199.4 PS_HP=OK PS_LP=OK DOOR=0
2026-04-30T02:32:34 TS01 RD TEVAP=-14.7 TAIR=-4.7 TPRODIN=+0.0 TPRODOUT=+0.0 BELT=0 COMP=0 COMP_H=58102.9 PS_HP=OK PS_LP=OK
2026-04-30T02:35:36 CF02 RD TMAN=-19.4 TRIP=-18.3 TPROD=-18.8 SP=-18.0 RH=85 DEFR=0 COMP=1 COMP_H=41199.5 PS_HP=OK PS_LP=OK DOOR=0
2026-04-30T02:37:40 TS01 RD TEVAP=-7.2 TAIR=-5.0 TPRODIN=+0.0 TPRODOUT=+0.0 BELT=0 COMP=0 COMP_H=58102.9 PS_HP=OK PS_LP=OK
2026-04-30T02:40:11 CF02 RD TMAN=-18.9 TRIP=-18.0 TPROD=-18.1 SP=-18.0 RH=93 DEFR=0 COMP=0 COMP_H=41199.5 PS_HP=OK PS_LP=OK DOOR=0
2026-04-30T02:42:27 TS01 RD TEVAP=-12.1 TAIR=-4.5 TPRODIN=+0.0 TPRODOUT=+0.0 BELT=0 COMP=0 COMP_H=58102.9 PS_HP=OK PS_LP=OK
2026-04-30T04:09:21 CF02 EVT DEFROST_START MODE=HOTGAS
2026-04-30T04:35:55 CF02 EVT DEFROST_END DUR=00:26:55 TEVAP_END=+8.1
2026-04-30T10:06:30 CF02 EVT DEFROST_START MODE=HOTGAS
2026-04-30T10:24:57 CF02 EVT DEFROST_END DUR=00:18:57 TEVAP_END=+8.9
2026-04-30T16:00:38 CF02 EVT DEFROST_START MODE=HOTGAS
2026-04-30T16:27:20 CF02 EVT DEFROST_END DUR=00:26:20 TEVAP_END=+8.5
2026-04-30T22:09:35 CF02 EVT DEFROST_START MODE=HOTGAS
2026-04-30T22:37:17 CF02 EVT DEFROST_END DUR=00:27:17 TEVAP_END=+8.3
2026-04-30T23:55:1Ã¨ CF02 RD TMAN=-19.Ã¬2 TRIP=-17.9 TPROD=-18.1 SP=-18.0 RH=8
2026-04-30T23:58:42 CF02 RD TMAN=-19.4 TRIP=-1  Ã¹8.0 TPROD=-18.2 SP=-18.0 RH=88 DEFR=0 COMP=1 COMP_H=Ã
2026-05-01T00:0#*^~~~~
