2026-05-02 22:28:50;CIP01;CYCLE_START;P2_LINEA1;;OK;PRG=IO-05_P2_LINEA1;OP=BISSOLI_M
2026-05-02 22:28:54;CIP01;TANK_LEVEL_SODA;88;%;OK;PRG=IO-05_P2_LINEA1;OP=BISSOLI_M
2026-05-02 22:28:58;CIP01;FASE_START;PRERISCIACQUO;;OK;PRG=IO-05_P2_LINEA1;OP=BISSOLI_M
2026-05-02 22:33:58;CIP01;COND;3.9;mS/cm;OK;PRG=IO-05_P2_LINEA1;OP=BISSOLI_M
2026-05-02 22:34:01;CIP01;TT_CIP;22.9;C;OK;PRG=IO-05_P2_LINEA1;OP=BISSOLI_M
2026-05-02 22:34:03;CIP01;FT_CIP;9.3;m3/h;OK;PRG=IO-05_P2_LINEA1;OP=BISSOLI_M
2026-05-02 22:34:06;CIP01;FASE_START;SODA_2PC;;OK;PRG=IO-05_P2_LINEA1;OP=BISSOLI_M
2026-05-02 22:34:07;CIP01;FASE_END;PRERISCIACQUO DUR=300s;;OK;PRG=IO-05_P2_LINEA1;OP=BISSOLI_M
2026-05-02 22:39:06;CIP01;COND;71.4;mS/cm;OK;PRG=IO-05_P2_LINEA1;OP=BISSOLI_M
2026-05-02 22:39:09;CIP01;TT_CIP;74.5;C;OK;PRG=IO-05_P2_LINEA1;OP=BISSOLI_M
2026-05-02 22:44:06;CIP01;COND;77.0;mS/cm;OK;PRG=IO-05_P2_LINEA1;OP=BISSOLI_M
2026-05-02 22:44:09;CIP01;TT_CIP;75.8;C;OK;PRG=IO-05_P2_LINEA1;OP=BISSOLI_M
2026-05-02 22:49:06;CIP01;COND;72.6;mS/cm;OK;PRG=IO-05_P2_LINEA1;OP=BISSOLI_M
2026-05-02 22:49:09;CIP01;TT_CIP;75.4;C;OK;PRG=IO-05_P2_LINEA1;OP=BISSOLI_M
2026-05-02 22:54:06;CIP01;COND;76.0;mS/cm;OK;PRG=IO-05_P2_LINEA1;OP=BISSOLI_M
2026-05-02 22:54:09;CIP01;TT_CIP;74.3;C;OK;PRG=IO-05_P2_LINEA1;OP=BISSOLI_M
2026-05-02 22:54:11;CIP01;FT_CIP;8.4;m3/h;OK;PRG=IO-05_P2_LINEA1;OP=BISSOLI_M
2026-05-02 22:54:14;CIP01;FASE_START;RISCIACQUO_INT;;OK;PRG=IO-05_P2_LINEA1;OP=BISSOLI_M
2026-05-02 22:54:15;CIP01;FASE_END;SODA_2PC DUR=1200s;;OK;PRG=IO-05_P2_LINEA1;OP=BISSOLI_M
2026-05-02 22:59:14;CIP01;COND;3.7;mS/cm;OK;PRG=IO-05_P2_LINEA1;OP=BISSOLI_M
2026-05-02 22:59:17;CIP01;TT_CIP;42.0;C;OK;PRG=IO-05_P2_LINEA1;OP=BISSOLI_M
2026-05-02 22:59:19;CIP01;FT_CIP;9.8;m3/h;OK;PRG=IO-05_P2_LINEA1;OP=BISSOLI_M
2026-05-02 22:59:22;CIP01;FASE_START;ACIDO_HNO3_1.5PC;;OK;PRG=IO-05_P2_LINEA1;OP=BISSOLI_M
2026-05-02 22:59:23;CIP01;FASE_END;RISCIACQUO_INT DUR=300s;;OK;PRG=IO-05_P2_LINEA1;OP=BISSOLI_M
2026-05-02 23:04:22;CIP01;COND;44.2;mS/cm;OK;PRG=IO-05_P2_LINEA1;OP=BISSOLI_M
2026-05-02 23:04:25;CIP01;TT_CIP;57.9;C;OK;PRG=IO-05_P2_LINEA1;OP=BISSOLI_M
2026-05-02 23:09:22;CIP01;COND;46.2;mS/cm;OK;PRG=IO-05_P2_LINEA1;OP=BISSOLI_M
2026-05-02 23:09:25;CIP01;TT_CIP;60.2;C;OK;PRG=IO-05_P2_LINEA1;OP=BISSOLI_M
2026-05-02 23:14:22;CIP01;COND;47.6;mS/cm;OK;PRG=IO-05_P2_LINEA1;OP=BISSOLI_M
2026-05-02 23:14:25;CIP01;TT_CIP;57.2;C;OK;PRG=IO-05_P2_LINEA1;OP=BISSOLI_M
2026-05-02 23:14:27;CIP01;FT_CIP;8.5;m3/h;OK;PRG=IO-05_P2_LINEA1;OP=BISSOLI_M
2026-05-02 23:14:30;CIP01;FASE_START;SANIF_PAA;;OK;PRG=IO-05_P2_LINEA1;OP=BISSOLI_M
2026-05-02 23:14:31;CIP01;FASE_END;ACIDO_HNO3_1.5PC DUR=900s;;OK;PRG=IO-05_P2_LINEA1;OP=BISSOLI_M
2026-05-02 23:19:30;CIP01;COND;2.1;mS/cm;OK;PRG=IO-05_P2_LINEA1;OP=BISSOLI_M
2026-05-02 23:19:33;CIP01;TT_CIP;22.7;C;OK;PRG=IO-05_P2_LINEA1;OP=BISSOLI_M
2026-05-02 23:24:30;CIP01;COND;1.7;mS/cm;OK;PRG=IO-05_P2_LINEA1;OP=BISSOLI_M
2026-05-02 23:24:33;CIP01;TT_CIP;20.0;C;OK;PRG=IO-05_P2_LINEA1;OP=BISSOLI_M
2026-05-02 23:24:35;CIP01;FT_CIP;9.0;m3/h;OK;PRG=IO-05_P2_LINEA1;OP=BISSOLI_M
2026-05-02 23:24:38;CIP01;FASE_START;RISCIACQUO_FIN;;OK;PRG=IO-05_P2_LINEA1;OP=BISSOLI_M
2026-05-02 23:24:39;CIP01;FASE_END;SANIF_PAA DUR=600s;;OK;PRG=IO-05_P2_LINEA1;OP=BISSOLI_M
2026-05-02 23:29:38;CIP01;COND;0.5;mS/cm;OK;PRG=IO-05_P2_LINEA1;OP=BISSOLI_M
2026-05-02 23:29:41;CIP01;TT_CIP;19.2;C;OK;PRG=IO-05_P2_LINEA1;OP=BISSOLI_M
2026-05-02 23:34:38;CIP01;COND;0.6;mS/cm;OK;PRG=IO-05_P2_LINEA1;OP=BISSOLI_M
2026-05-02 23:34:41;CIP01;TT_CIP;18.3;C;OK;PRG=IO-05_P2_LINEA1;OP=BISSOLI_M
2026-05-02 23:34:43;CIP01;FT_CIP;9.7;m3/h;OK;PRG=IO-05_P2_LINEA1;OP=BISSOLI_M
2026-05-02 23:34:47;CIP01;FASE_END;RISCIACQUO_FIN DUR=600s;;OK;PRG=IO-05_P2_LINEA1;OP=BISSOLI_M
2026-05-02 23:34:58;CIP01;CYCLE_END;ESITO=PASS;;OK;PRG=IO-05_P2_LINEA1;OP=BISSOLI_M
2026-05-03 22:02:57;CIP01;CYCLE_START;P2_LINEA1;;OK;PRG=IO-05_P2_LINEA1;OP=BISSOLI_M
2026-05-03 22:03:01;CIP01;TANK_LEVEL_SODA;85;%;OK;PRG=IO-05_P2_LINEA1;OP=BISSOLI_M
2026-05-03 22:03:05;CIP01;FASE_START;PRERISCIACQUO;;OK;PRG=IO-05_P2_LINEA1;OP=BISSOLI_M
2026-05-03 22:08:05;CIP01;COND;3.3;mS/cm;OK;PRG=IO-05_P2_LINEA1;OP=BISSOLI_M
2026-05-03 22:08:08;CIP01;TT_CIP;19.5;C;OK;PRG=IO-05_P2_LINEA1;OP=BISSOLI_M
2026-05-03 22:08:10;CIP01;FT_CIP;9.3;m3/h;OK;PRG=IO-05_P2_LINEA1;OP=BISSOLI_M
2026-05-03 22:08:13;CIP01;FASE_START;SODA_2PC;;OK;PRG=IO-05_P2_LINEA1;OP=BISSOLI_M
2026-05-03 22:08:14;CIP01;FASE_END;PRERISCIACQUO DUR=300s;;OK;PRG=IO-05_P2_LINEA1;OP=BISSOLI_M
2026-05-03 22:13:13;CIP01;COND;76.1;mS/cm;OK;PRG=IO-05_P2_LINEA1;OP=BISSOLI_M
2026-05-03 22:13:16;CIP01;TT_CIP;74.4;C;OK;PRG=IO-05_P2_LINEA1;OP=BISSOLI_M
2026-05-03 22:18:13;CIP01;COND;75.8;mS/cm;OK;PRG=IO-05_P2_LINEA1;OP=BISSOLI_M
2026-05-03 22:18:16;CIP01;TT_CIP;75.4;C;OK;PRG=IO-05_P2_LINEA1;OP=BISSOLI_M
2026-05-03 22:23:13;CIP01;COND;77.3;mS/cm;OK;PRG=IO-05_P2_LINEA1;OP=BISSOLI_M
2026-05-03 22:23:16;CIP01;TT_CIP;74.8;C;OK;PRG=IO-05_P2_LINEA1;OP=BISSOLI_M
2026-05-03 22:28:13;CIP01;COND;78.1;mS/cm;OK;PRG=IO-05_P2_LINEA1;OP=BISSOLI_M
2026-05-03 22:28:16;CIP01;TT_CIP;74.6;C;OK;PRG=IO-05_P2_LINEA1;OP=BISSOLI_M
2026-05-03 22:28:18;CIP01;FT_CIP;8.8;m3/h;OK;PRG=IO-05_P2_LINEA1;OP=BISSOLI_M
2026-05-03 22:28:21;CIP01;FASE_START;RISCIACQUO_INT;;OK;PRG=IO-05_P2_LINEA1;OP=BISSOLI_M
2026-05-03 22:28:22;CIP01;FASE_END;SODA_2PC DUR=1200s;;OK;PRG=IO-05_P2_LINEA1;OP=BISSOLI_M
2026-05-03 22:33:21;CIP01;COND;3.6;mS/cm;OK;PRG=IO-05_P2_LINEA1;OP=BISSOLI_M
2026-05-03 22:33:24;CIP01;TT_CIP;38.3;C;OK;PRG=IO-05_P2_LINEA1;OP=BISSOLI_M
2026-05-03 22:33:26;CIP01;FT_CIP;9.5;m3/h;OK;PRG=IO-05_P2_LINEA1;OP=BISSOLI_M
2026-05-03 22:33:29;CIP01;FASE_START;ACIDO_HNO3_1.5PC;;OK;PRG=IO-05_P2_LINEA1;OP=BISSOLI_M
2026-05-03 22:33:30;CIP01;FASE_END;RISCIACQUO_INT DUR=300s;;OK;PRG=IO-05_P2_LINEA1;OP=BISSOLI_M
2026-05-03 22:38:29;CIP01;COND;48.3;mS/cm;OK;PRG=IO-05_P2_LINEA1;OP=BISSOLI_M
2026-05-03 22:38:32;CIP01;TT_CIP;59.1;C;OK;PRG=IO-05_P2_LINEA1;OP=BISSOLI_M
2026-05-03 22:43:29;CIP01;COND;46.6;mS/cm;OK;PRG=IO-05_P2_LINEA1;OP=BISSOLI_M
2026-05-03 22:43:32;CIP01;TT_CIP;60.1;C;OK;PRG=IO-05_P2_LINEA1;OP=BISSOLI_M
2026-05-03 22:48:29;CIP01;COND;47.0;mS/cm;OK;PRG=IO-05_P2_LINEA1;OP=BISSOLI_M
2026-05-03 22:48:32;CIP01;TT_CIP;59.5;C;OK;PRG=IO-05_P2_LINEA1;OP=BISSOLI_M
2026-05-03 22:48:34;CIP01;FT_CIP;8.8;m3/h;OK;PRG=IO-05_P2_LINEA1;OP=BISSOLI_M
2026-05-03 22:48:37;CIP01;FASE_START;SANIF_PAA;;OK;PRG=IO-05_P2_LINEA1;OP=BISSOLI_M
2026-05-03 22:48:38;CIP01;FASE_END;ACIDO_HNO3_1.5PC DUR=900s;;OK;PRG=IO-05_P2_LINEA1;OP=BISSOLI_M
2026-05-03 22:53:37;CIP01;COND;1.7;mS/cm;OK;PRG=IO-05_P2_LINEA1;OP=BISSOLI_M
2026-05-03 22:53:40;CIP01;TT_CIP;22.1;C;OK;PRG=IO-05_P2_LINEA1;OP=BISSOLI_M
2026-05-03 22:58:37;CIP01;COND;2.1;mS/cm;OK;PRG=IO-05_P2_LINEA1;OP=BISSOLI_M
2026-05-03 22:58:40;CIP01;TT_CIP;23.8;C;OK;PRG=IO-05_P2_LINEA1;OP=BISSOLI_M
2026-05-03 22:58:42;CIP01;FT_CIP;9.5;m3/h;OK;PRG=IO-05_P2_LINEA1;OP=BISSOLI_M
2026-05-03 22:58:45;CIP01;FASE_START;RISCIACQUO_FIN;;OK;PRG=IO-05_P2_LINEA1;OP=BISSOLI_M
2026-05-03 22:58:46;CIP01;FASE_END;SANIF_PAA DUR=600s;;OK;PRG=IO-05_P2_LINEA1;OP=BISSOLI_M
2026-05-03 23:03:45;CIP01;COND;0.8;mS/cm;OK;PRG=IO-05_P2_LINEA1;OP=BISSOLI_M
2026-05-03 23:03:48;CIP01;TT_CIP;16.7;C;OK;PRG=IO-05_P2_LINEA1;OP=BISSOLI_M
2026-05-03 23:08:45;CIP01;COND;0.4;mS/cm;OK;PRG=IO-05_P2_LINEA1;OP=BISSOLI_M
2026-05-03 23:08:48;CIP01;TT_CIP;16.8;C;OK;PRG=IO-05_P2_LINEA1;OP=BISSOLI_M
2026-05-03 23:08:50;CIP01;FT_CIP;9.8;m3/h;OK;PRG=IO-05_P2_LINEA1;OP=BISSOLI_M
2026-05-03 23:08:54;CIP01;FASE_END;RISCIACQUO_FIN DUR=600s;;OK;PRG=IO-05_P2_LINEA1;OP=BISSOLI_M
2026-05-03 23:09:05;CIP01;CYCLE_END;ESITO=PASS;;OK;PRG=IO-05_P2_LINEA1;OP=BISSOLI_M
2026-05-04 23:28:37;CIP01;CYCLE_START;P2_LINEA1;;OK;PRG=IO-05_P2_LINEA1;OP=BISSOLI_M
2026-05-04 23:28:41;CIP01;TANK_LEVEL_SODA;66;%;OK;PRG=IO-05_P2_LINEA1;OP=BISSOLI_M
2026-05-04 23:28:45;CIP01;FASE_START;PRERISCIACQUO;;OK;PRG=IO-05_P2_LINEA1;OP=BISSOLI_M
2026-05-04 23:33:45;CIP01;COND;2.8;mS/cm;OK;PRG=IO-05_P2_LINEA1;OP=BISSOLI_M
2026-05-04 23:33:48;CIP01;TT_CIP;22.9;C;OK;PRG=IO-05_P2_LINEA1;OP=BISSOLI_M
2026-05-04 23:33:50;CIP01;FT_CIP;9.6;m3/h;OK;PRG=IO-05_P2_LINEA1;OP=BISSOLI_M
2026-05-04 23:33:53;CIP01;FASE_START;SODA_2PC;;OK;PRG=IO-05_P2_LINEA1;OP=BISSOLI_M
2026-05-04 23:33:54;CIP01;FASE_END;PRERISCIACQUO DUR=300s;;OK;PRG=IO-05_P2_LINEA1;OP=BISSOLI_M
2026-05-04 23:38:53;CIP01;COND;74.9;mS/cm;OK;PRG=IO-05_P2_LINEA1;OP=BISSOLI_M
2026-05-04 23:38:56;CIP01;TT_CIP;75.8;C;OK;PRG=IO-05_P2_LINEA1;OP=BISSOLI_M
2026-05-04 23:43:53;CIP01;COND;73.3;mS/cm;OK;PRG=IO-05_P2_LINEA1;OP=BISSOLI_M
2026-05-04 23:43:56;CIP01;TT_CIP;74.4;C;OK;PRG=IO-05_P2_LINEA1;OP=BISSOLI_M
2026-05-04 23:48:53;CIP01;COND;78.1;mS/cm;OK;PRG=IO-05_P2_LINEA1;OP=BISSOLI_M
2026-05-04 23:48:56;CIP01;TT_CIP;75.8;C;OK;PRG=IO-05_P2_LINEA1;OP=BISSOLI_M
2026-05-04 23:53:53;CIP01;COND;75.7;mS/cm;OK;PRG=IO-05_P2_LINEA1;OP=BISSOLI_M
2026-05-04 23:53:56;CIP01;TT_CIP;74.2;C;OK;PRG=IO-05_P2_LINEA1;OP=BISSOLI_M
2026-05-04 23:53:58;CIP01;FT_CIP;9.0;m3/h;OK;PRG=IO-05_P2_LINEA1;OP=BISSOLI_M
2026-05-04 23:54:01;CIP01;FASE_START;RISCIACQUO_INT;;OK;PRG=IO-05_P2_LINEA1;OP=BISSOLI_M
2026-05-04 23:54:02;CIP01;FASE_END;SODA_2PC DUR=1200s;;OK;PRG=IO-05_P2_LINEA1;OP=BISSOLI_M
2026-05-04 23:59:01;CIP01;COND;5.2;mS/cm;OK;PRG=IO-05_P2_LINEA1;OP=BISSOLI_M
2026-05-04 23:59:04;CIP01;TT_CIP;44.9;C;OK;PRG=IO-05_P2_LINEA1;OP=BISSOLI_M
2026-05-04 23:59:06;CIP01;FT_CIP;9.6;m3/h;OK;PRG=IO-05_P2_LINEA1;OP=BISSOLI_M
2026-05-04 23:59:09;CIP01;FASE_START;ACIDO_HNO3_1.5PC;;OK;PRG=IO-05_P2_LINEA1;OP=BISSOLI_M
2026-05-04 23:59:10;CIP01;FASE_END;RISCIACQUO_INT DUR=300s;;OK;PRG=IO-05_P2_LINEA1;OP=BISSOLI_M
2026-05-05 00:04:09;CIP01;COND;47.6;mS/cm;OK;PRG=IO-05_P2_LINEA1;OP=BISSOLI_M
2026-05-05 00:04:12;CIP01;TT_CIP;57.4;C;OK;PRG=IO-05_P2_LINEA1;OP=BISSOLI_M
2026-05-05 00:09:09;CIP01;COND;48.3;mS/cm;OK;PRG=IO-05_P2_LINEA1;OP=BISSOLI_M
2026-05-05 00:09:12;CIP01;TT_CIP;59.6;C;OK;PRG=IO-05_P2_LINEA1;OP=BISSOLI_M
2026-05-05 00:14:09;CIP01;COND;48.2;mS/cm;OK;PRG=IO-05_P2_LINEA1;OP=BISSOLI_M
2026-05-05 00:14:12;CIP01;TT_CIP;58.2;C;OK;PRG=IO-05_P2_LINEA1;OP=BISSOLI_M
2026-05-05 00:14:14;CIP01;FT_CIP;9.3;m3/h;OK;PRG=IO-05_P2_LINEA1;OP=BISSOLI_M
2026-05-05 00:14:17;CIP01;FASE_START;SANIF_PAA;;OK;PRG=IO-05_P2_LINEA1;OP=BISSOLI_M
2026-05-05 00:14:18;CIP01;FASE_END;ACIDO_HNO3_1.5PC DUR=900s;;OK;PRG=IO-05_P2_LINEA1;OP=BISSOLI_M
2026-05-05 00:19:17;CIP01;COND;1.9;mS/cm;OK;PRG=IO-05_P2_LINEA1;OP=BISSOLI_M
2026-05-05 00:19:20;CIP01;TT_CIP;23.1;C;OK;PRG=IO-05_P2_LINEA1;OP=BISSOLI_M
2026-05-05 00:24:17;CIP01;COND;1.9;mS/cm;OK;PRG=IO-05_P2_LINEA1;OP=BISSOLI_M
2026-05-05 00:24:20;CIP01;TT_CIP;23.7;C;OK;PRG=IO-05_P2_LINEA1;OP=BISSOLI_M
2026-05-05 00:24:22;CIP01;FT_CIP;9.2;m3/h;OK;PRG=IO-05_P2_LINEA1;OP=BISSOLI_M
2026-05-05 00:24:25;CIP01;FASE_START;RISCIACQUO_FIN;;OK;PRG=IO-05_P2_LINEA1;OP=BISSOLI_M
2026-05-05 00:24:26;CIP01;FASE_END;SANIF_PAA DUR=600s;;OK;PRG=IO-05_P2_LINEA1;OP=BISSOLI_M
2026-05-05 00:29:25;CIP01;COND;0.8;mS/cm;OK;PRG=IO-05_P2_LINEA1;OP=BISSOLI_M
2026-05-05 00:29:28;CIP01;TT_CIP;17.8;C;OK;PRG=IO-05_P2_LINEA1;OP=BISSOLI_M
2026-05-05 00:34:25;CIP01;COND;0.7;mS/cm;OK;PRG=IO-05_P2_LINEA1;OP=BISSOLI_M
2026-05-05 00:34:28;CIP01;TT_CIP;19.8;C;OK;PRG=IO-05_P2_LINEA1;OP=BISSOLI_M
2026-05-05 00:34:30;CIP01;FT_CIP;9.8;m3/h;OK;PRG=IO-05_P2_LINEA1;OP=BISSOLI_M
2026-05-05 00:34:34;CIP01;FASE_END;RISCIACQUO_FIN DUR=600s;;OK;PRG=IO-05_P2_LINEA1;OP=BISSOLI_M
2026-05-05 00:34:45;CIP01;CYCLE_END;ESITO=PASS;;OK;PRG=IO-05_P2_LINEA1;OP=BISSOLI_M
2026-05-05 22:52:23;CIP01;CYCLE_START;P2_LINEA1;;OK;PRG=IO-05_P2_LINEA1;OP=BISSOLI_M
2026-05-05 22:52:27;CIP01;TANK_LEVEL_SODA;61;%;OK;PRG=IO-05_P2_LINEA1;OP=BISSOLI_M
2026-05-05 22:52:31;CIP01;FASE_START;PRERISCIACQUO;;OK;PRG=IO-05_P2_LINEA1;OP=BISSOLI_M
2026-05-05 22:57:31;CIP01;COND;4.6;mS/cm;OK;PRG=IO-05_P2_LINEA1;OP=BISSOLI_M
2026-05-05 22:57:34;CIP01;TT_CIP;25.1;C;OK;PRG=IO-05_P2_LINEA1;OP=BISSOLI_M
2026-05-05 22:57:36;CIP01;FT_CIP;9.3;m3/h;OK;PRG=IO-05_P2_LINEA1;OP=BISSOLI_M
2026-05-05 22:57:39;CIP01;FASE_START;SODA_2PC;;OK;PRG=IO-05_P2_LINEA1;OP=BISSOLI_M
2026-05-05 22:57:40;CIP01;FASE_END;PRERISCIACQUO DUR=300s;;OK;PRG=IO-05_P2_LINEA1;OP=BISSOLI_M
2026-05-05 23:02:39;CIP01;COND;73.2;mS/cm;OK;PRG=IO-05_P2_LINEA1;OP=BISSOLI_M
2026-05-05 23:02:42;CIP01;TT_CIP;74.5;C;OK;PRG=IO-05_P2_LINEA1;OP=BISSOLI_M
2026-05-05 23:07:39;CIP01;COND;71.9;mS/cm;OK;PRG=IO-05_P2_LINEA1;OP=BISSOLI_M
2026-05-05 23:07:42;CIP01;TT_CIP;74.9;C;OK;PRG=IO-05_P2_LINEA1;OP=BISSOLI_M
2026-05-05 23:12:39;CIP01;COND;78.6;mS/cm;OK;PRG=IO-05_P2_LINEA1;OP=BISSOLI_M
2026-05-05 23:12:42;CIP01;TT_CIP;75.8;C;OK;PRG=IO-05_P2_LINEA1;OP=BISSOLI_M
2026-05-05 23:17:39;CIP01;COND;71.7;mS/cm;OK;PRG=IO-05_P2_LINEA1;OP=BISSOLI_M
2026-05-05 23:17:42;CIP01;TT_CIP;74.6;C;OK;PRG=IO-05_P2_LINEA1;OP=BISSOLI_M
2026-05-05 23:17:44;CIP01;FT_CIP;9.0;m3/h;OK;PRG=IO-05_P2_LINEA1;OP=BISSOLI_M
2026-05-05 23:17:47;CIP01;FASE_START;RISCIACQUO_INT;;OK;PRG=IO-05_P2_LINEA1;OP=BISSOLI_M
2026-05-05 23:17:48;CIP01;FASE_END;SODA_2PC DUR=1200s;;OK;PRG=IO-05_P2_LINEA1;OP=BISSOLI_M
2026-05-05 23:22:47;CIP01;COND;1.5;mS/cm;OK;PRG=IO-05_P2_LINEA1;OP=BISSOLI_M
2026-05-05 23:22:50;CIP01;TT_CIP;41.1;C;OK;PRG=IO-05_P2_LINEA1;OP=BISSOLI_M
2026-05-05 23:22:52;CIP01;FT_CIP;9.8;m3/h;OK;PRG=IO-05_P2_LINEA1;OP=BISSOLI_M
2026-05-05 23:22:55;CIP01;FASE_START;ACIDO_HNO3_1.5PC;;OK;PRG=IO-05_P2_LINEA1;OP=BISSOLI_M
2026-05-05 23:22:56;CIP01;FASE_END;RISCIACQUO_INT DUR=300s;;OK;PRG=IO-05_P2_LINEA1;OP=BISSOLI_M
2026-05-05 23:27:55;CIP01;COND;43.9;mS/cm;OK;PRG=IO-05_P2_LINEA1;OP=BISSOLI_M
2026-05-05 23:27:58;CIP01;TT_CIP;56.9;C;OK;PRG=IO-05_P2_LINEA1;OP=BISSOLI_M
2026-05-05 23:32:55;CIP01;COND;47.5;mS/cm;OK;PRG=IO-05_P2_LINEA1;OP=BISSOLI_M
2026-05-05 23:32:58;CIP01;TT_CIP;57.7;C;OK;PRG=IO-05_P2_LINEA1;OP=BISSOLI_M
2026-05-05 23:37:55;CIP01;COND;45.3;mS/cm;OK;PRG=IO-05_P2_LINEA1;OP=BISSOLI_M
2026-05-05 23:37:58;CIP01;TT_CIP;60.8;C;OK;PRG=IO-05_P2_LINEA1;OP=BISSOLI_M
2026-05-05 23:38:00;CIP01;FT_CIP;9.3;m3/h;OK;PRG=IO-05_P2_LINEA1;OP=BISSOLI_M
2026-05-05 23:38:03;CIP01;FASE_START;SANIF_PAA;;OK;PRG=IO-05_P2_LINEA1;OP=BISSOLI_M
2026-05-05 23:38:04;CIP01;FASE_END;ACIDO_HNO3_1.5PC DUR=900s;;OK;PRG=IO-05_P2_LINEA1;OP=BISSOLI_M
2026-05-05 23:43:03;CIP01;COND;1.8;mS/cm;OK;PRG=IO-05_P2_LINEA1;OP=BISSOLI_M
2026-05-05 23:43:06;CIP01;TT_CIP;19.3;C;OK;PRG=IO-05_P2_LINEA1;OP=BISSOLI_M
2026-05-05 23:48:03;CIP01;COND;1.6;mS/cm;OK;PRG=IO-05_P2_LINEA1;OP=BISSOLI_M
2026-05-05 23:48:06;CIP01;TT_CIP;21.7;C;OK;PRG=IO-05_P2_LINEA1;OP=BISSOLI_M
2026-05-05 23:48:08;CIP01;FT_CIP;9.3;m3/h;OK;PRG=IO-05_P2_LINEA1;OP=BISSOLI_M
2026-05-05 23:48:11;CIP01;FASE_START;RISCIACQUO_FIN;;OK;PRG=IO-05_P2_LINEA1;OP=BISSOLI_M
2026-05-05 23:48:12;CIP01;FASE_END;SANIF_PAA DUR=600s;;OK;PRG=IO-05_P2_LINEA1;OP=BISSOLI_M
2026-05-05 23:53:11;CIP01;COND;0.8;mS/cm;OK;PRG=IO-05_P2_LINEA1;OP=BISSOLI_M
2026-05-05 23:53:14;CIP01;TT_CIP;18.4;C;OK;PRG=IO-05_P2_LINEA1;OP=BISSOLI_M
2026-05-05 23:58:11;CIP01;COND;0.3;mS/cm;OK;PRG=IO-05_P2_LINEA1;OP=BISSOLI_M
2026-05-05 23:58:14;CIP01;TT_CIP;18.7;C;OK;PRG=IO-05_P2_LINEA1;OP=BISSOLI_M
2026-05-05 23:58:16;CIP01;FT_CIP;10.0;m3/h;OK;PRG=IO-05_P2_LINEA1;OP=BISSOLI_M
2026-05-05 23:58:20;CIP01;FASE_END;RISCIACQUO_FIN DUR=600s;;OK;PRG=IO-05_P2_LINEA1;OP=BISSOLI_M
2026-05-05 23:58:31;CIP01;CYCLE_END;ESITO=PASS;;OK;PRG=IO-05_P2_LINEA1;OP=BISSOLI_M
2026-05-06 22:40:47;CIP01;CYCLE_START;P2_LINEA1;;OK;PRG=IO-05_P2_LINEA1;OP=POPESCU_I
2026-05-06 22:40:51;CIP01;TANK_LEVEL_SODA;87;%;OK;PRG=IO-05_P2_LINEA1;OP=POPESCU_I
2026-05-06 22:40:55;CIP01;FASE_START;PRERISCIACQUO;;OK;PRG=IO-05_P2_LINEA1;OP=POPESCU_I
2026-05-06 22:45:55;CIP01;COND;2.4;mS/cm;OK;PRG=IO-05_P2_LINEA1;OP=POPESCU_I
2026-05-06 22:45:58;CIP01;TT_CIP;25.2;C;OK;PRG=IO-05_P2_LINEA1;OP=POPESCU_I
2026-05-06 22:46:00;CIP01;FT_CIP;9.1;m3/h;OK;PRG=IO-05_P2_LINEA1;OP=POPESCU_I
2026-05-06 22:46:03;CIP01;FASE_START;SODA_2PC;;OK;PRG=IO-05_P2_LINEA1;OP=POPESCU_I
2026-05-06 22:46:04;CIP01;FASE_END;PRERISCIACQUO DUR=300s;;OK;PRG=IO-05_P2_LINEA1;OP=POPESCU_I
2026-05-06 22:51:03;CIP01;COND;39.3;mS/cm;WARN;PRG=IO-05_P2_LINEA1;OP=POPESCU_I
2026-05-06 22:51:06;CIP01;TT_CIP;74.1;C;OK;PRG=IO-05_P2_LINEA1;OP=POPESCU_I
2026-05-06 22:56:03;CIP01;COND;40.2;mS/cm;WARN;PRG=IO-05_P2_LINEA1;OP=POPESCU_I
2026-05-06 22:56:06;CIP01;TT_CIP;74.9;C;OK;PRG=IO-05_P2_LINEA1;OP=POPESCU_I
2026-05-06 22:56:13;CIP01;ALM_LOW_COND;COND<45.0 SODA_2PC;;ALARM;PRG=IO-05_P2_LINEA1;OP=POPESCU_I
2026-05-06 22:56:17;CIP01;CIP_ABORT;FASE=SODA_2PC;;ALARM;PRG=IO-05_P2_LINEA1;OP=POPESCU_I
2026-05-06 22:56:21;CIP01;CYCLE_END;ESITO=ABORT;;ALARM;PRG=IO-05_P2_LINEA1;OP=POPESCU_I
2026-05-06 23:08:03;CIP01;DOSING_SODA;RABBOCCO_MANUALE;;OK;PRG=IO-05_P2_LINEA1;OP=POPESCU_I
2026-05-06 23:37:03;CIP01;CYCLE_START;P2_LINEA1;;OK;PRG=IO-05_P2_LINEA1;OP=POPESCU_I
2026-05-06 23:37:07;CIP01;TANK_LEVEL_SODA;62;%;OK;PRG=IO-05_P2_LINEA1;OP=POPESCU_I
2026-05-06 23:37:11;CIP01;FASE_START;PRERISCIACQUO;;OK;PRG=IO-05_P2_LINEA1;OP=POPESCU_I
2026-05-06 23:42:11;CIP01;COND;2.5;mS/cm;OK;PRG=IO-05_P2_LINEA1;OP=POPESCU_I
2026-05-06 23:42:14;CIP01;TT_CIP;25.4;C;OK;PRG=IO-05_P2_LINEA1;OP=POPESCU_I
2026-05-06 23:42:16;CIP01;FT_CIP;9.8;m3/h;OK;PRG=IO-05_P2_LINEA1;OP=POPESCU_I
2026-05-06 23:42:19;CIP01;FASE_START;SODA_2PC;;OK;PRG=IO-05_P2_LINEA1;OP=POPESCU_I
2026-05-06 23:42:20;CIP01;FASE_END;PRERISCIACQUO DUR=300s;;OK;PRG=IO-05_P2_LINEA1;OP=POPESCU_I
2026-05-06 23:47:19;CIP01;COND;75.9;mS/cm;OK;PRG=IO-05_P2_LINEA1;OP=POPESCU_I
2026-05-06 23:47:22;CIP01;TT_CIP;75.3;C;OK;PRG=IO-05_P2_LINEA1;OP=POPESCU_I
2026-05-06 23:52:19;CIP01;COND;75.1;mS/cm;OK;PRG=IO-05_P2_LINEA1;OP=POPESCU_I
2026-05-06 23:52:22;CIP01;TT_CIP;75.5;C;OK;PRG=IO-05_P2_LINEA1;OP=POPESCU_I
2026-05-06 23:57:19;CIP01;COND;78.4;mS/cm;OK;PRG=IO-05_P2_LINEA1;OP=POPESCU_I
2026-05-06 23:57:22;CIP01;TT_CIP;74.2;C;OK;PRG=IO-05_P2_LINEA1;OP=POPESCU_I
2026-05-07 00:02:19;CIP01;COND;76.3;mS/cm;OK;PRG=IO-05_P2_LINEA1;OP=POPESCU_I
2026-05-07 00:02:22;CIP01;TT_CIP;75.6;C;OK;PRG=IO-05_P2_LINEA1;OP=POPESCU_I
2026-05-07 00:02:24;CIP01;FT_CIP;9.0;m3/h;OK;PRG=IO-05_P2_LINEA1;OP=POPESCU_I
2026-05-07 00:02:27;CIP01;FASE_START;RISCIACQUO_INT;;OK;PRG=IO-05_P2_LINEA1;OP=POPESCU_I
2026-05-07 00:02:28;CIP01;FASE_END;SODA_2PC DUR=1200s;;OK;PRG=IO-05_P2_LINEA1;OP=POPESCU_I
2026-05-07 00:07:27;CIP01;COND;5.9;mS/cm;OK;PRG=IO-05_P2_LINEA1;OP=POPESCU_I
2026-05-07 00:07:30;CIP01;TT_CIP;41.8;C;OK;PRG=IO-05_P2_LINEA1;OP=POPESCU_I
2026-05-07 00:07:32;CIP01;FT_CIP;9.8;m3/h;OK;PRG=IO-05_P2_LINEA1;OP=POPESCU_I
2026-05-07 00:07:35;CIP01;FASE_START;ACIDO_HNO3_1.5PC;;OK;PRG=IO-05_P2_LINEA1;OP=POPESCU_I
2026-05-07 00:07:36;CIP01;FASE_END;RISCIACQUO_INT DUR=300s;;OK;PRG=IO-05_P2_LINEA1;OP=POPESCU_I
2026-05-07 00:12:35;CIP01;COND;48.0;mS/cm;OK;PRG=IO-05_P2_LINEA1;OP=POPESCU_I
2026-05-07 00:12:38;CIP01;TT_CIP;61.0;C;OK;PRG=IO-05_P2_LINEA1;OP=POPESCU_I
2026-05-07 00:17:35;CIP01;COND;44.2;mS/cm;OK;PRG=IO-05_P2_LINEA1;OP=POPESCU_I
2026-05-07 00:17:38;CIP01;TT_CIP;60.1;C;OK;PRG=IO-05_P2_LINEA1;OP=POPESCU_I
2026-05-07 00:22:35;CIP01;COND;46.2;mS/cm;OK;PRG=IO-05_P2_LINEA1;OP=POPESCU_I
2026-05-07 00:22:38;CIP01;TT_CIP;57.5;C;OK;PRG=IO-05_P2_LINEA1;OP=POPESCU_I
2026-05-07 00:22:40;CIP01;FT_CIP;8.9;m3/h;OK;PRG=IO-05_P2_LINEA1;OP=POPESCU_I
2026-05-07 00:22:43;CIP01;FASE_START;SANIF_PAA;;OK;PRG=IO-05_P2_LINEA1;OP=POPESCU_I
2026-05-07 00:22:44;CIP01;FASE_END;ACIDO_HNO3_1.5PC DUR=900s;;OK;PRG=IO-05_P2_LINEA1;OP=POPESCU_I
2026-05-07 00:27:43;CIP01;COND;2.1;mS/cm;OK;PRG=IO-05_P2_LINEA1;OP=POPESCU_I
2026-05-07 00:27:46;CIP01;TT_CIP;21.7;C;OK;PRG=IO-05_P2_LINEA1;OP=POPESCU_I
2026-05-07 00:32:43;CIP01;COND;1.4;mS/cm;OK;PRG=IO-05_P2_LINEA1;OP=POPESCU_I
2026-05-07 00:32:46;CIP01;TT_CIP;20.1;C;OK;PRG=IO-05_P2_LINEA1;OP=POPESCU_I
2026-05-07 00:32:48;CIP01;FT_CIP;9.6;m3/h;OK;PRG=IO-05_P2_LINEA1;OP=POPESCU_I
2026-05-07 00:32:51;CIP01;FASE_START;RISCIACQUO_FIN;;OK;PRG=IO-05_P2_LINEA1;OP=POPESCU_I
2026-05-07 00:32:52;CIP01;FASE_END;SANIF_PAA DUR=600s;;OK;PRG=IO-05_P2_LINEA1;OP=POPESCU_I
2026-05-07 00:37:51;CIP01;COND;0.6;mS/cm;OK;PRG=IO-05_P2_LINEA1;OP=POPESCU_I
2026-05-07 00:37:54;CIP01;TT_CIP;17.5;C;OK;PRG=IO-05_P2_LINEA1;OP=POPESCU_I
2026-05-07 00:42:51;CIP01;COND;0.8;mS/cm;OK;PRG=IO-05_P2_LINEA1;OP=POPESCU_I
2026-05-07 00:42:54;CIP01;TT_CIP;16.3;C;OK;PRG=IO-05_P2_LINEA1;OP=POPESCU_I
2026-05-07 00:42:56;CIP01;FT_CIP;9.3;m3/h;OK;PRG=IO-05_P2_LINEA1;OP=POPESCU_I
2026-05-07 00:43:00;CIP01;FASE_END;RISCIACQUO_FIN DUR=600s;;OK;PRG=IO-05_P2_LINEA1;OP=POPESCU_I
2026-05-07 00:43:11;CIP01;CYCLE_END;ESITO=PASS;;OK;PRG=IO-05_P2_LINEA1;OP=POPESCU_I
2026-05-07 22:36:37;CIP01;CYCLE_START;P2_LINEA1;;OK;PRG=IO-05_P2_LINEA1;OP=BISSOLI_M
2026-05-07 22:36:41;CIP01;TANK_LEVEL_SODA;74;%;OK;PRG=IO-05_P2_LINEA1;OP=BISSOLI_M
2026-05-07 22:36:45;CIP01;FASE_START;PRERISCIACQUO;;OK;PRG=IO-05_P2_LINEA1;OP=BISSOLI_M
2026-05-07 22:41:45;CIP01;COND;4.1;mS/cm;OK;PRG=IO-05_P2_LINEA1;OP=BISSOLI_M
2026-05-07 22:41:48;CIP01;TT_CIP;21.4;C;OK;PRG=IO-05_P2_LINEA1;OP=BISSOLI_M
2026-05-07 22:41:50;CIP01;FT_CIP;9.4;m3/h;OK;PRG=IO-05_P2_LINEA1;OP=BISSOLI_M
2026-05-07 22:41:53;CIP01;FASE_START;SODA_2PC;;OK;PRG=IO-05_P2_LINEA1;OP=BISSOLI_M
2026-05-07 22:41:54;CIP01;FASE_END;PRERISCIACQUO DUR=300s;;OK;PRG=IO-05_P2_LINEA1;OP=BISSOLI_M
2026-05-07 22:46:53;CIP01;COND;77.9;mS/cm;OK;PRG=IO-05_P2_LINEA1;OP=BISSOLI_M
2026-05-07 22:46:56;CIP01;TT_CIP;74.4;C;OK;PRG=IO-05_P2_LINEA1;OP=BISSOLI_M
2026-05-07 22:51:53;CIP01;COND;77.7;mS/cm;OK;PRG=IO-05_P2_LINEA1;OP=BISSOLI_M
2026-05-07 22:51:56;CIP01;TT_CIP;74.1;C;OK;PRG=IO-05_P2_LINEA1;OP=BISSOLI_M
2026-05-07 22:56:53;CIP01;COND;71.6;mS/cm;OK;PRG=IO-05_P2_LINEA1;OP=BISSOLI_M
2026-05-07 22:56:56;CIP01;TT_CIP;75.1;C;OK;PRG=IO-05_P2_LINEA1;OP=BISSOLI_M
2026-05-07 23:01:53;CIP01;COND;71.1;mS/cm;OK;PRG=IO-05_P2_LINEA1;OP=BISSOLI_M
2026-05-07 23:01:56;CIP01;TT_CIP;74.8;C;OK;PRG=IO-05_P2_LINEA1;OP=BISSOLI_M
2026-05-07 23:01:58;CIP01;FT_CIP;9.1;m3/h;OK;PRG=IO-05_P2_LINEA1;OP=BISSOLI_M
2026-05-07 23:02:01;CIP01;FASE_START;RISCIACQUO_INT;;OK;PRG=IO-05_P2_LINEA1;OP=BISSOLI_M
2026-05-07 23:02:02;CIP01;FASE_END;SODA_2PC DUR=1200s;;OK;PRG=IO-05_P2_LINEA1;OP=BISSOLI_M
2026-05-07 23:07:01;CIP01;COND;2.3;mS/cm;OK;PRG=IO-05_P2_LINEA1;OP=BISSOLI_M
2026-05-07 23:07:04;CIP01;TT_CIP;39.8;C;OK;PRG=IO-05_P2_LINEA1;OP=BISSOLI_M
2026-05-07 23:07:06;CIP01;FT_CIP;9.7;m3/h;OK;PRG=IO-05_P2_LINEA1;OP=BISSOLI_M
2026-05-07 23:07:09;CIP01;FASE_START;ACIDO_HNO3_1.5PC;;OK;PRG=IO-05_P2_LINEA1;OP=BISSOLI_M
2026-05-07 23:07:10;CIP01;FASE_END;RISCIACQUO_INT DUR=300s;;OK;PRG=IO-05_P2_LINEA1;OP=BISSOLI_M
2026-05-07 23:12:09;CIP01;COND;44.1;mS/cm;OK;PRG=IO-05_P2_LINEA1;OP=BISSOLI_M
2026-05-07 23:12:12;CIP01;TT_CIP;57.5;C;OK;PRG=IO-05_P2_LINEA1;OP=BISSOLI_M
2026-05-07 23:17:09;CIP01;COND;44.0;mS/cm;OK;PRG=IO-05_P2_LINEA1;OP=BISSOLI_M
2026-05-07 23:17:12;CIP01;TT_CIP;56.5;C;OK;PRG=IO-05_P2_LINEA1;OP=BISSOLI_M
2026-05-07 23:22:09;CIP01;COND;46.5;mS/cm;OK;PRG=IO-05_P2_LINEA1;OP=BISSOLI_M
2026-05-07 23:22:12;CIP01;TT_CIP;56.6;C;OK;PRG=IO-05_P2_LINEA1;OP=BISSOLI_M
2026-05-07 23:22:14;CIP01;FT_CIP;8.6;m3/h;OK;PRG=IO-05_P2_LINEA1;OP=BISSOLI_M
2026-05-07 23:22:17;CIP01;FASE_START;SANIF_PAA;;OK;PRG=IO-05_P2_LINEA1;OP=BISSOLI_M
2026-05-07 23:22:18;CIP01;FASE_END;ACIDO_HNO3_1.5PC DUR=900s;;OK;PRG=IO-05_P2_LINEA1;OP=BISSOLI_M
2026-05-07 23:27:17;CIP01;COND;2.0;mS/cm;OK;PRG=IO-05_P2_LINEA1;OP=BISSOLI_M
2026-05-07 23:27:20;CIP01;TT_CIP;19.0;C;OK;PRG=IO-05_P2_LINEA1;OP=BISSOLI_M
2026-05-07 23:32:17;CIP01;COND;2.1;mS/cm;OK;PRG=IO-05_P2_LINEA1;OP=BISSOLI_M
2026-05-07 23:32:20;CIP01;TT_CIP;20.7;C;OK;PRG=IO-05_P2_LINEA1;OP=BISSOLI_M
2026-05-07 23:32:22;CIP01;FT_CIP;9.1;m3/h;OK;PRG=IO-05_P2_LINEA1;OP=BISSOLI_M
2026-05-07 23:32:25;CIP01;FASE_START;RISCIACQUO_FIN;;OK;PRG=IO-05_P2_LINEA1;OP=BISSOLI_M
2026-05-07 23:32:26;CIP01;FASE_END;SANIF_PAA DUR=600s;;OK;PRG=IO-05_P2_LINEA1;OP=BISSOLI_M
2026-05-07 23:37:25;CIP01;COND;0.8;mS/cm;OK;PRG=IO-05_P2_LINEA1;OP=BISSOLI_M
2026-05-07 23:37:28;CIP01;TT_CIP;16.6;C;OK;PRG=IO-05_P2_LINEA1;OP=BISSOLI_M
2026-05-07 23:42:25;CIP01;COND;0.5;mS/cm;OK;PRG=IO-05_P2_LINEA1;OP=BISSOLI_M
2026-05-07 23:42:28;CIP01;TT_CIP;19.1;C;OK;PRG=IO-05_P2_LINEA1;OP=BISSOLI_M
2026-05-07 23:42:30;CIP01;FT_CIP;9.4;m3/h;OK;PRG=IO-05_P2_LINEA1;OP=BISSOLI_M
2026-05-07 23:42:34;CIP01;FASE_END;RISCIACQUO_FIN DUR=600s;;OK;PRG=IO-05_P2_LINEA1;OP=BISSOLI_M
2026-05-07 23:42:45;CIP01;CYCLE_END;ESITO=PASS;;OK;PRG=IO-05_P2_LINEA1;OP=BISSOLI_M
2026-05-08 22:30:40;CIP01;CYCLE_START;P2_LINEA1;;OK;PRG=IO-05_P2_LINEA1;OP=DALMASO_I
2026-05-08 22:30:44;CIP01;TANK_LEVEL_SODA;65;%;OK;PRG=IO-05_P2_LINEA1;OP=DALMASO_I
2026-05-08 22:30:48;CIP01;FASE_START;PRERISCIACQUO;;OK;PRG=IO-05_P2_LINEA1;OP=DALMASO_I
2026-05-08 22:35:48;CIP01;COND;4.8;mS/cm;OK;PRG=IO-05_P2_LINEA1;OP=DALMASO_I
2026-05-08 22:35:51;CIP01;TT_CIP;25.0;C;OK;PRG=IO-05_P2_LINEA1;OP=DALMASO_I
2026-05-08 22:35:53;CIP01;FT_CIP;9.4;m3/h;OK;PRG=IO-05_P2_LINEA1;OP=DALMASO_I
2026-05-08 22:35:56;CIP01;FASE_START;SODA_2PC;;OK;PRG=IO-05_P2_LINEA1;OP=DALMASO_I
2026-05-08 22:35:57;CIP01;FASE_END;PRERISCIACQUO DUR=300s;;OK;PRG=IO-05_P2_LINEA1;OP=DALMASO_I
2026-05-08 22:40:56;CIP01;COND;76.3;mS/cm;OK;PRG=IO-05_P2_LINEA1;OP=DALMASO_I
2026-05-08 22:40:59;CIP01;TT_CIP;74.4;C;OK;PRG=IO-05_P2_LINEA1;OP=DALMASO_I
2026-05-08 22:45:56;CIP01;COND;71.5;mS/cm;OK;PRG=IO-05_P2_LINEA1;OP=DALMASO_I
2026-05-08 22:45:59;CIP01;TT_CIP;76.0;C;OK;PRG=IO-05_P2_LINEA1;OP=DALMASO_I
2026-05-08 22:50:56;CIP01;COND;78.6;mS/cm;OK;PRG=IO-05_P2_LINEA1;OP=DALMASO_I
2026-05-08 22:50:59;CIP01;TT_CIP;75.0;C;OK;PRG=IO-05_P2_LINEA1;OP=DALMASO_I
2026-05-08 22:55:56;CIP01;COND;72.1;mS/cm;OK;PRG=IO-05_P2_LINEA1;OP=DALMASO_I
2026-05-08 22:55:59;CIP01;TT_CIP;74.5;C;OK;PRG=IO-05_P2_LINEA1;OP=DALMASO_I
2026-05-08 22:56:01;CIP01;FT_CIP;9.1;m3/h;OK;PRG=IO-05_P2_LINEA1;OP=DALMASO_I
2026-05-08 22:56:04;CIP01;FASE_START;RISCIACQUO_INT;;OK;PRG=IO-05_P2_LINEA1;OP=DALMASO_I
2026-05-08 22:56:05;CIP01;FASE_END;SODA_2PC DUR=1200s;;OK;PRG=IO-05_P2_LINEA1;OP=DALMASO_I
2026-05-08 23:01:04;CIP01;COND;4.8;mS/cm;OK;PRG=IO-05_P2_LINEA1;OP=DALMASO_I
2026-05-08 23:01:07;CIP01;TT_CIP;38.3;C;OK;PRG=IO-05_P2_LINEA1;OP=DALMASO_I
2026-05-08 23:01:09;CIP01;FT_CIP;9.3;m3/h;OK;PRG=IO-05_P2_LINEA1;OP=DALMASO_I
2026-05-08 23:01:12;CIP01;FASE_START;ACIDO_HNO3_1.5PC;;OK;PRG=IO-05_P2_LINEA1;OP=DALMASO_I
2026-05-08 23:01:13;CIP01;FASE_END;RISCIACQUO_INT DUR=300s;;OK;PRG=IO-05_P2_LINEA1;OP=DALMASO_I
2026-05-08 23:06:12;CIP01;COND;44.8;mS/cm;OK;PRG=IO-05_P2_LINEA1;OP=DALMASO_I
2026-05-08 23:06:15;CIP01;TT_CIP;57.0;C;OK;PRG=IO-05_P2_LINEA1;OP=DALMASO_I
2026-05-08 23:11:12;CIP01;COND;43.8;mS/cm;OK;PRG=IO-05_P2_LINEA1;OP=DALMASO_I
2026-05-08 23:11:15;CIP01;TT_CIP;57.5;C;OK;PRG=IO-05_P2_LINEA1;OP=DALMASO_I
2026-05-08 23:16:12;CIP01;COND;43.3;mS/cm;OK;PRG=IO-05_P2_LINEA1;OP=DALMASO_I
2026-05-08 23:16:15;CIP01;TT_CIP;59.5;C;OK;PRG=IO-05_P2_LINEA1;OP=DALMASO_I
2026-05-08 23:16:17;CIP01;FT_CIP;8.7;m3/h;OK;PRG=IO-05_P2_LINEA1;OP=DALMASO_I
2026-05-08 23:16:20;CIP01;FASE_START;SANIF_PAA;;OK;PRG=IO-05_P2_LINEA1;OP=DALMASO_I
2026-05-08 23:16:21;CIP01;FASE_END;ACIDO_HNO3_1.5PC DUR=900s;;OK;PRG=IO-05_P2_LINEA1;OP=DALMASO_I
2026-05-08 23:21:20;CIP01;COND;2.1;mS/cm;OK;PRG=IO-05_P2_LINEA1;OP=DALMASO_I
2026-05-08 23:21:23;CIP01;TT_CIP;21.5;C;OK;PRG=IO-05_P2_LINEA1;OP=DALMASO_I
2026-05-08 23:26:20;CIP01;COND;1.9;mS/cm;OK;PRG=IO-05_P2_LINEA1;OP=DALMASO_I
2026-05-08 23:26:23;CIP01;TT_CIP;23.5;C;OK;PRG=IO-05_P2_LINEA1;OP=DALMASO_I
2026-05-08 23:26:25;CIP01;FT_CIP;9.4;m3/h;OK;PRG=IO-05_P2_LINEA1;OP=DALMASO_I
2026-05-08 23:26:28;CIP01;FASE_START;RISCIACQUO_FIN;;OK;PRG=IO-05_P2_LINEA1;OP=DALMASO_I
2026-05-08 23:26:29;CIP01;FASE_END;SANIF_PAA DUR=600s;;OK;PRG=IO-05_P2_LINEA1;OP=DALMASO_I
2026-05-08 23:31:28;CIP01;COND;0.3;mS/cm;OK;PRG=IO-05_P2_LINEA1;OP=DALMASO_I
2026-05-08 23:31:31;CIP01;TT_CIP;16.6;C;OK;PRG=IO-05_P2_LINEA1;OP=DALMASO_I
2026-05-08 23:36:28;CIP01;COND;0.5;mS/cm;OK;PRG=IO-05_P2_LINEA1;OP=DALMASO_I
2026-05-08 23:36:31;CIP01;TT_CIP;16.4;C;OK;PRG=IO-05_P2_LINEA1;OP=DALMASO_I
2026-05-08 23:36:33;CIP01;FT_CIP;9.7;m3/h;OK;PRG=IO-05_P2_LINEA1;OP=DALMASO_I
2026-05-08 23:36:37;CIP01;FASE_END;RISCIACQUO_FIN DUR=600s;;OK;PRG=IO-05_P2_LINEA1;OP=DALMASO_I
2026-05-08 23:36:48;CIP01;CYCLE_END;ESITO=PASS;;OK;PRG=IO-05_P2_LINEA1;OP=DALMASO_I
2026-05-09 22:54:37;CIP01;CYCLE_START;P2_LINEA1;;OK;PRG=IO-05_P2_LINEA1;OP=BISSOLI_M
2026-05-09 22:54:41;CIP01;TANK_LEVEL_SODA;67;%;OK;PRG=IO-05_P2_LINEA1;OP=BISSOLI_M
2026-05-09 22:54:45;CIP01;FASE_START;PRERISCIACQUO;;OK;PRG=IO-05_P2_LINEA1;OP=BISSOLI_M
2026-05-09 22:59:45;CIP01;COND;4.8;mS/cm;OK;PRG=IO-05_P2_LINEA1;OP=BISSOLI_M
2026-05-09 22:59:48;CIP01;TT_CIP;22.2;C;OK;PRG=IO-05_P2_LINEA1;OP=BISSOLI_M
2026-05-09 22:59:50;CIP01;FT_CIP;9.5;m3/h;OK;PRG=IO-05_P2_LINEA1;OP=BISSOLI_M
2026-05-09 22:59:53;CIP01;FASE_START;SODA_2PC;;OK;PRG=IO-05_P2_LINEA1;OP=BISSOLI_M
2026-05-09 22:59:54;CIP01;FASE_END;PRERISCIACQUO DUR=300s;;OK;PRG=IO-05_P2_LINEA1;OP=BISSOLI_M
2026-05-09 23:04:53;CIP01;COND;76.1;mS/cm;OK;PRG=IO-05_P2_LINEA1;OP=BISSOLI_M
2026-05-09 23:04:56;CIP01;TT_CIP;74.5;C;OK;PRG=IO-05_P2_LINEA1;OP=BISSOLI_M
2026-05-09 23:09:53;CIP01;COND;75.2;mS/cm;OK;PRG=IO-05_P2_LINEA1;OP=BISSOLI_M
2026-05-09 23:09:56;CIP01;TT_CIP;74.2;C;OK;PRG=IO-05_P2_LINEA1;OP=BISSOLI_M
2026-05-09 23:14:53;CIP01;COND;71.7;mS/cm;OK;PRG=IO-05_P2_LINEA1;OP=BISSOLI_M
2026-05-09 23:14:56;CIP01;TT_CIP;74.6;C;OK;PRG=IO-05_P2_LINEA1;OP=BISSOLI_M
2026-05-09 23:19:53;CIP01;COND;72.2;mS/cm;OK;PRG=IO-05_P2_LINEA1;OP=BISSOLI_M
2026-05-09 23:19:56;CIP01;TT_CIP;75.9;C;OK;PRG=IO-05_P2_LINEA1;OP=BISSOLI_M
2026-05-09 23:19:58;CIP01;FT_CIP;9.2;m3/h;OK;PRG=IO-05_P2_LINEA1;OP=BISSOLI_M
2026-05-09 23:20:01;CIP01;FASE_START;RISCIACQUO_INT;;OK;PRG=IO-05_P2_LINEA1;OP=BISSOLI_M
2026-05-09 23:20:02;CIP01;FASE_END;SODA_2PC DUR=1200s;;OK;PRG=IO-05_P2_LINEA1;OP=BISSOLI_M
2026-05-09 23:25:01;CIP01;COND;5.9;mS/cm;OK;PRG=IO-05_P2_LINEA1;OP=BISSOLI_M
2026-05-09 23:25:04;CIP01;TT_CIP;42.4;C;OK;PRG=IO-05_P2_LINEA1;OP=BISSOLI_M
2026-05-09 23:25:06;CIP01;FT_CIP;9.7;m3/h;OK;PRG=IO-05_P2_LINEA1;OP=BISSOLI_M
2026-05-09 23:25:09;CIP01;FASE_START;ACIDO_HNO3_1.5PC;;OK;PRG=IO-05_P2_LINEA1;OP=BISSOLI_M
2026-05-09 23:25:10;CIP01;FASE_END;RISCIACQUO_INT DUR=300s;;OK;PRG=IO-05_P2_LINEA1;OP=BISSOLI_M
2026-05-09 23:30:09;CIP01;COND;44.5;mS/cm;OK;PRG=IO-05_P2_LINEA1;OP=BISSOLI_M
2026-05-09 23:30:12;CIP01;TT_CIP;60.6;C;OK;PRG=IO-05_P2_LINEA1;OP=BISSOLI_M
2026-05-09 23:35:09;CIP01;COND;48.0;mS/cm;OK;PRG=IO-05_P2_LINEA1;OP=BISSOLI_M
2026-05-09 23:35:12;CIP01;TT_CIP;58.6;C;OK;PRG=IO-05_P2_LINEA1;OP=BISSOLI_M
2026-05-09 23:40:09;CIP01;COND;45.5;mS/cm;OK;PRG=IO-05_P2_LINEA1;OP=BISSOLI_M
2026-05-09 23:40:12;CIP01;TT_CIP;57.9;C;OK;PRG=IO-05_P2_LINEA1;OP=BISSOLI_M
2026-05-09 23:40:14;CIP01;FT_CIP;9.2;m3/h;OK;PRG=IO-05_P2_LINEA1;OP=BISSOLI_M
2026-05-09 23:40:17;CIP01;FASE_START;SANIF_PAA;;OK;PRG=IO-05_P2_LINEA1;OP=BISSOLI_M
2026-05-09 23:40:18;CIP01;FASE_END;ACIDO_HNO3_1.5PC DUR=900s;;OK;PRG=IO-05_P2_LINEA1;OP=BISSOLI_M
2026-05-09 23:45:17;CIP01;COND;2.0;mS/cm;OK;PRG=IO-05_P2_LINEA1;OP=BISSOLI_M
2026-05-09 23:45:20;CIP01;TT_CIP;21.0;C;OK;PRG=IO-05_P2_LINEA1;OP=BISSOLI_M
2026-05-09 23:50:17;CIP01;COND;2.0;mS/cm;OK;PRG=IO-05_P2_LINEA1;OP=BISSOLI_M
2026-05-09 23:50:20;CIP01;TT_CIP;21.5;C;OK;PRG=IO-05_P2_LINEA1;OP=BISSOLI_M
2026-05-09 23:50:22;CIP01;FT_CIP;9.5;m3/h;OK;PRG=IO-05_P2_LINEA1;OP=BISSOLI_M
2026-05-09 23:50:25;CIP01;FASE_START;RISCIACQUO_FIN;;OK;PRG=IO-05_P2_LINEA1;OP=BISSOLI_M
2026-05-09 23:50:26;CIP01;FASE_END;SANIF_PAA DUR=600s;;OK;PRG=IO-05_P2_LINEA1;OP=BISSOLI_M
2026-05-09 23:55:25;CIP01;COND;0.8;mS/cm;OK;PRG=IO-05_P2_LINEA1;OP=BISSOLI_M
2026-05-09 23:55:28;CIP01;TT_CIP;16.1;C;OK;PRG=IO-05_P2_LINEA1;OP=BISSOLI_M
2026-05-10 00:00:25;CIP01;COND;0.9;mS/cm;OK;PRG=IO-05_P2_LINEA1;OP=BISSOLI_M
2026-05-10 00:00:28;CIP01;TT_CIP;17.9;C;OK;PRG=IO-05_P2_LINEA1;OP=BISSOLI_M
2026-05-10 00:00:30;CIP01;FT_CIP;9.7;m3/h;OK;PRG=IO-05_P2_LINEA1;OP=BISSOLI_M
2026-05-10 00:00:34;CIP01;FASE_END;RISCIACQUO_FIN DUR=600s;;OK;PRG=IO-05_P2_LINEA1;OP=BISSOLI_M
2026-05-10 00:00:45;CIP01;CYCLE_END;ESITO=PASS;;OK;PRG=IO-05_P2_LINEA1;OP=BISSOLI_M
2026-05-11 05:12:41;CIP01;CYCLE_START;P2_LINEA1;;OK;PRG=IO-05_P2_LINEA1;OP=BISSOLI_M
2026-05-11 05:12:45;CIP01;TANK_LEVEL_SODA;79;%;OK;PRG=IO-05_P2_LINEA1;OP=BISSOLI_M
2026-05-11 05:12:49;CIP01;FASE_START;PRERISCIACQUO;;OK;PRG=IO-05_P2_LINEA1;OP=BISSOLI_M
2026-05-11 05:17:49;CIP01;COND;4.5;mS/cm;OK;PRG=IO-05_P2_LINEA1;OP=BISSOLI_M
2026-05-11 05:17:52;CIP01;TT_CIP;18.8;C;OK;PRG=IO-05_P2_LINEA1;OP=BISSOLI_M
2026-05-11 05:17:54;CIP01;FT_CIP;9.5;m3/h;OK;PRG=IO-05_P2_LINEA1;OP=BISSOLI_M
2026-05-11 05:17:57;CIP01;FASE_START;SODA_2PC;;OK;PRG=IO-05_P2_LINEA1;OP=BISSOLI_M
2026-05-11 05:17:58;CIP01;FASE_END;PRERISCIACQUO DUR=300s;;OK;PRG=IO-05_P2_LINEA1;OP=BISSOLI_M
2026-05-11 05:22:57;CIP01;COND;76.9;mS/cm;OK;PRG=IO-05_P2_LINEA1;OP=BISSOLI_M
2026-05-11 05:23:00;CIP01;TT_CIP;75.7;C;OK;PRG=IO-05_P2_LINEA1;OP=BISSOLI_M
2026-05-11 05:27:57;CIP01;COND;71.0;mS/cm;OK;PRG=IO-05_P2_LINEA1;OP=BISSOLI_M
2026-05-11 05:28:00;CIP01;TT_CIP;74.1;C;OK;PRG=IO-05_P2_LINEA1;OP=BISSOLI_M
2026-05-11 05:32:57;CIP01;COND;72.3;mS/cm;OK;PRG=IO-05_P2_LINEA1;OP=BISSOLI_M
2026-05-11 05:33:00;CIP01;TT_CIP;74.9;C;OK;PRG=IO-05_P2_LINEA1;OP=BISSOLI_M
2026-05-11 05:37:57;CIP01;COND;73.6;mS/cm;OK;PRG=IO-05_P2_LINEA1;OP=BISSOLI_M
2026-05-11 05:38:00;CIP01;TT_CIP;75.5;C;OK;PRG=IO-05_P2_LINEA1;OP=BISSOLI_M
2026-05-11 05:38:02;CIP01;FT_CIP;8.4;m3/h;OK;PRG=IO-05_P2_LINEA1;OP=BISSOLI_M
2026-05-11 05:38:05;CIP01;FASE_START;RISCIACQUO_INT;;OK;PRG=IO-05_P2_LINEA1;OP=BISSOLI_M
2026-05-11 05:38:06;CIP01;FASE_END;SODA_2PC DUR=1200s;;OK;PRG=IO-05_P2_LINEA1;OP=BISSOLI_M
2026-05-11 05:43:05;CIP01;COND;4.0;mS/cm;OK;PRG=IO-05_P2_LINEA1;OP=BISSOLI_M
2026-05-11 05:43:08;CIP01;TT_CIP;42.4;C;OK;PRG=IO-05_P2_LINEA1;OP=BISSOLI_M
2026-05-11 05:43:10;CIP01;FT_CIP;9.5;m3/h;OK;PRG=IO-05_P2_LINEA1;OP=BISSOLI_M
2026-05-11 05:43:13;CIP01;FASE_START;ACIDO_HNO3_1.5PC;;OK;PRG=IO-05_P2_LINEA1;OP=BISSOLI_M
2026-05-11 05:43:14;CIP01;FASE_END;RISCIACQUO_INT DUR=300s;;OK;PRG=IO-05_P2_LINEA1;OP=BISSOLI_M
2026-05-11 05:48:13;CIP01;COND;46.2;mS/cm;OK;PRG=IO-05_P2_LINEA1;OP=BISSOLI_M
2026-05-11 05:48:16;CIP01;TT_CIP;60.2;C;OK;PRG=IO-05_P2_LINEA1;OP=BISSOLI_M
2026-05-11 05:53:13;CIP01;COND;46.0;mS/cm;OK;PRG=IO-05_P2_LINEA1;OP=BISSOLI_M
2026-05-11 05:53:16;CIP01;TT_CIP;57.5;C;OK;PRG=IO-05_P2_LINEA1;OP=BISSOLI_M
2026-05-11 05:58:13;CIP01;COND;44.4;mS/cm;OK;PRG=IO-05_P2_LINEA1;OP=BISSOLI_M
2026-05-11 05:58:16;CIP01;TT_CIP;59.6;C;OK;PRG=IO-05_P2_LINEA1;OP=BISSOLI_M
2026-05-11 05:58:18;CIP01;FT_CIP;8.9;m3/h;OK;PRG=IO-05_P2_LINEA1;OP=BISSOLI_M
2026-05-11 05:58:21;CIP01;FASE_START;SANIF_PAA;;OK;PRG=IO-05_P2_LINEA1;OP=BISSOLI_M
2026-05-11 05:58:22;CIP01;FASE_END;ACIDO_HNO3_1.5PC DUR=900s;;OK;PRG=IO-05_P2_LINEA1;OP=BISSOLI_M
2026-05-11 06:03:21;CIP01;COND;2.2;mS/cm;OK;PRG=IO-05_P2_LINEA1;OP=BISSOLI_M
2026-05-11 06:03:24;CIP01;TT_CIP;19.9;C;OK;PRG=IO-05_P2_LINEA1;OP=BISSOLI_M
2026-05-11 06:08:21;CIP01;COND;1.4;mS/cm;OK;PRG=IO-05_P2_LINEA1;OP=BISSOLI_M
2026-05-11 06:08:24;CIP01;TT_CIP;23.3;C;OK;PRG=IO-05_P2_LINEA1;OP=BISSOLI_M
2026-05-11 06:08:26;CIP01;FT_CIP;9.0;m3/h;OK;PRG=IO-05_P2_LINEA1;OP=BISSOLI_M
2026-05-11 06:08:29;CIP01;FASE_START;RISCIACQUO_FIN;;OK;PRG=IO-05_P2_LINEA1;OP=BISSOLI_M
2026-05-11 06:08:30;CIP01;FASE_END;SANIF_PAA DUR=600s;;OK;PRG=IO-05_P2_LINEA1;OP=BISSOLI_M
2026-05-11 06:13:29;CIP01;COND;0.4;mS/cm;OK;PRG=IO-05_P2_LINEA1;OP=BISSOLI_M
2026-05-11 06:13:32;CIP01;TT_CIP;17.6;C;OK;PRG=IO-05_P2_LINEA1;OP=BISSOLI_M
2026-05-11 06:18:29;CIP01;COND;0.5;mS/cm;OK;PRG=IO-05_P2_LINEA1;OP=BISSOLI_M
2026-05-11 06:18:32;CIP01;TT_CIP;19.3;C;OK;PRG=IO-05_P2_LINEA1;OP=BISSOLI_M
2026-05-11 06:18:34;CIP01;FT_CIP;9.5;m3/h;OK;PRG=IO-05_P2_LINEA1;OP=BISSOLI_M
2026-05-11 06:18:38;CIP01;FASE_END;RISCIACQUO_FIN DUR=600s;;OK;PRG=IO-05_P2_LINEA1;OP=BISSOLI_M
2026-05-11 06:18:49;CIP01;CYCLE_END;ESITO=PASS;;OK;PRG=IO-05_P2_LINEA1;OP=BISSOLI_M
2026-05-11 22:08:16;CIP01;CYCLE_START;P2_LINEA1;;OK;PRG=IO-05_P2_LINEA1;OP=BISSOLI_M
2026-05-11 22:08:20;CIP01;TANK_LEVEL_SODA;65;%;OK;PRG=IO-05_P2_LINEA1;OP=BISSOLI_M
2026-05-11 22:08:24;CIP01;FASE_START;PRERISCIACQUO;;OK;PRG=IO-05_P2_LINEA1;OP=BISSOLI_M
2026-05-11 22:13:24;CIP01;COND;2.4;mS/cm;OK;PRG=IO-05_P2_LINEA1;OP=BISSOLI_M
2026-05-11 22:13:27;CIP01;TT_CIP;24.6;C;OK;PRG=IO-05_P2_LINEA1;OP=BISSOLI_M
2026-05-11 22:13:29;CIP01;FT_CIP;9.3;m3/h;OK;PRG=IO-05_P2_LINEA1;OP=BISSOLI_M
2026-05-11 22:13:32;CIP01;FASE_START;SODA_2PC;;OK;PRG=IO-05_P2_LINEA1;OP=BISSOLI_M
2026-05-11 22:13:33;CIP01;FASE_END;PRERISCIACQUO DUR=300s;;OK;PRG=IO-05_P2_LINEA1;OP=BISSOLI_M
2026-05-11 22:18:32;CIP01;COND;71.8;mS/cm;OK;PRG=IO-05_P2_LINEA1;OP=BISSOLI_M
2026-05-11 22:18:35;CIP01;TT_CIP;75.3;C;OK;PRG=IO-05_P2_LINEA1;OP=BISSOLI_M
2026-05-11 22:23:32;CIP01;COND;72.9;mS/cm;OK;PRG=IO-05_P2_LINEA1;OP=BISSOLI_M
2026-05-11 22:23:35;CIP01;TT_CIP;75.0;C;OK;PRG=IO-05_P2_LINEA1;OP=BISSOLI_M
2026-05-11 22:28:32;CIP01;COND;78.1;mS/cm;OK;PRG=IO-05_P2_LINEA1;OP=BISSOLI_M
2026-05-11 22:28:35;CIP01;TT_CIP;74.4;C;OK;PRG=IO-05_P2_LINEA1;OP=BISSOLI_M
2026-05-11 22:33:32;CIP01;COND;77.5;mS/cm;OK;PRG=IO-05_P2_LINEA1;OP=BISSOLI_M
2026-05-11 22:33:35;CIP01;TT_CIP;74.0;C;OK;PRG=IO-05_P2_LINEA1;OP=BISSOLI_M
2026-05-11 22:33:37;CIP01;FT_CIP;9.0;m3/h;OK;PRG=IO-05_P2_LINEA1;OP=BISSOLI_M
2026-05-11 22:33:40;CIP01;FASE_START;RISCIACQUO_INT;;OK;PRG=IO-05_P2_LINEA1;OP=BISSOLI_M
2026-05-11 22:33:41;CIP01;FASE_END;SODA_2PC DUR=1200s;;OK;PRG=IO-05_P2_LINEA1;OP=BISSOLI_M
2026-05-11 22:38:40;CIP01;COND;1.9;mS/cm;OK;PRG=IO-05_P2_LINEA1;OP=BISSOLI_M
2026-05-11 22:38:43;CIP01;TT_CIP;38.1;C;OK;PRG=IO-05_P2_LINEA1;OP=BISSOLI_M
2026-05-11 22:38:45;CIP01;FT_CIP;9.5;m3/h;OK;PRG=IO-05_P2_LINEA1;OP=BISSOLI_M
2026-05-11 22:38:48;CIP01;FASE_START;ACIDO_HNO3_1.5PC;;OK;PRG=IO-05_P2_LINEA1;OP=BISSOLI_M
2026-05-11 22:38:49;CIP01;FASE_END;RISCIACQUO_INT DUR=300s;;OK;PRG=IO-05_P2_LINEA1;OP=BISSOLI_M
2026-05-11 22:43:48;CIP01;COND;45.2;mS/cm;OK;PRG=IO-05_P2_LINEA1;OP=BISSOLI_M
2026-05-11 22:43:51;CIP01;TT_CIP;58.9;C;OK;PRG=IO-05_P2_LINEA1;OP=BISSOLI_M
2026-05-11 22:48:48;CIP01;COND;45.8;mS/cm;OK;PRG=IO-05_P2_LINEA1;OP=BISSOLI_M
2026-05-11 22:48:51;CIP01;TT_CIP;59.6;C;OK;PRG=IO-05_P2_LINEA1;OP=BISSOLI_M
2026-05-11 22:53:48;CIP01;COND;44.1;mS/cm;OK;PRG=IO-05_P2_LINEA1;OP=BISSOLI_M
2026-05-11 22:53:51;CIP01;TT_CIP;57.1;C;OK;PRG=IO-05_P2_LINEA1;OP=BISSOLI_M
2026-05-11 22:53:53;CIP01;FT_CIP;8.7;m3/h;OK;PRG=IO-05_P2_LINEA1;OP=BISSOLI_M
2026-05-11 22:53:56;CIP01;FASE_START;SANIF_PAA;;OK;PRG=IO-05_P2_LINEA1;OP=BISSOLI_M
2026-05-11 22:53:57;CIP01;FASE_END;ACIDO_HNO3_1.5PC DUR=900s;;OK;PRG=IO-05_P2_LINEA1;OP=BISSOLI_M
2026-05-11 22:58:56;CIP01;COND;1.7;mS/cm;OK;PRG=IO-05_P2_LINEA1;OP=BISSOLI_M
2026-05-11 22:58:59;CIP01;TT_CIP;21.5;C;OK;PRG=IO-05_P2_LINEA1;OP=BISSOLI_M
2026-05-11 23:03:56;CIP01;COND;2.1;mS/cm;OK;PRG=IO-05_P2_LINEA1;OP=BISSOLI_M
2026-05-11 23:03:59;CIP01;TT_CIP;23.0;C;OK;PRG=IO-05_P2_LINEA1;OP=BISSOLI_M
2026-05-11 23:04:01;CIP01;FT_CIP;9.2;m3/h;OK;PRG=IO-05_P2_LINEA1;OP=BISSOLI_M
2026-05-11 23:04:04;CIP01;FASE_START;RISCIACQUO_FIN;;OK;PRG=IO-05_P2_LINEA1;OP=BISSOLI_M
2026-05-11 23:04:05;CIP01;FASE_END;SANIF_PAA DUR=600s;;OK;PRG=IO-05_P2_LINEA1;OP=BISSOLI_M
2026-05-11 23:09:04;CIP01;COND;0.6;mS/cm;OK;PRG=IO-05_P2_LINEA1;OP=BISSOLI_M
2026-05-11 23:09:07;CIP01;TT_CIP;17.2;C;OK;PRG=IO-05_P2_LINEA1;OP=BISSOLI_M
2026-05-11 23:14:04;CIP01;COND;0.8;mS/cm;OK;PRG=IO-05_P2_LINEA1;OP=BISSOLI_M
2026-05-11 23:14:07;CIP01;TT_CIP;16.7;C;OK;PRG=IO-05_P2_LINEA1;OP=BISSOLI_M
2026-05-11 23:14:09;CIP01;FT_CIP;9.4;m3/h;OK;PRG=IO-05_P2_LINEA1;OP=BISSOLI_M
2026-05-11 23:14:13;CIP01;FASE_END;RISCIACQUO_FIN DUR=600s;;OK;PRG=IO-05_P2_LINEA1;OP=BISSOLI_M
2026-05-11 23:14:24;CIP01;CYCLE_END;ESITO=PASS;;OK;PRG=IO-05_P2_LINEA1;OP=BISSOLI_M
2026-05-12 22:11:23;CIP01;CYCLE_START;P2_LINEA1;;OK;PRG=IO-05_P2_LINEA1;OP=BISSOLI_M
2026-05-12 22:11:27;CIP01;TANK_LEVEL_SODA;77;%;OK;PRG=IO-05_P2_LINEA1;OP=BISSOLI_M
2026-05-12 22:11:31;CIP01;FASE_START;PRERISCIACQUO;;OK;PRG=IO-05_P2_LINEA1;OP=BISSOLI_M
2026-05-12 22:16:31;CIP01;COND;4.5;mS/cm;OK;PRG=IO-05_P2_LINEA1;OP=BISSOLI_M
2026-05-12 22:16:34;CIP01;TT_CIP;19.6;C;OK;PRG=IO-05_P2_LINEA1;OP=BISSOLI_M
2026-05-12 22:16:36;CIP01;FT_CIP;9.5;m3/h;OK;PRG=IO-05_P2_LINEA1;OP=BISSOLI_M
2026-05-12 22:16:39;CIP01;FASE_START;SODA_2PC;;OK;PRG=IO-05_P2_LINEA1;OP=BISSOLI_M
2026-05-12 22:16:40;CIP01;FASE_END;PRERISCIACQUO DUR=300s;;OK;PRG=IO-05_P2_LINEA1;OP=BISSOLI_M
2026-05-12 22:21:39;CIP01;COND;73.7;mS/cm;OK;PRG=IO-05_P2_LINEA1;OP=BISSOLI_M
2026-05-12 22:21:42;CIP01;TT_CIP;74.7;C;OK;PRG=IO-05_P2_LINEA1;OP=BISSOLI_M
2026-05-12 22:26:39;CIP01;COND;75.4;mS/cm;OK;PRG=IO-05_P2_LINEA1;OP=BISSOLI_M
2026-05-12 22:26:42;CIP01;TT_CIP;75.5;C;OK;PRG=IO-05_P2_LINEA1;OP=BISSOLI_M
2026-05-12 22:31:39;CIP01;COND;71.1;mS/cm;OK;PRG=IO-05_P2_LINEA1;OP=BISSOLI_M
2026-05-12 22:31:42;CIP01;TT_CIP;74.6;C;OK;PRG=IO-05_P2_LINEA1;OP=BISSOLI_M
2026-05-12 22:36:39;CIP01;COND;71.5;mS/cm;OK;PRG=IO-05_P2_LINEA1;OP=BISSOLI_M
2026-05-12 22:36:42;CIP01;TT_CIP;74.6;C;OK;PRG=IO-05_P2_LINEA1;OP=BISSOLI_M
2026-05-12 22:36:44;CIP01;FT_CIP;8.8;m3/h;OK;PRG=IO-05_P2_LINEA1;OP=BISSOLI_M
2026-05-12 22:36:47;CIP01;FASE_START;RISCIACQUO_INT;;OK;PRG=IO-05_P2_LINEA1;OP=BISSOLI_M
2026-05-12 22:36:48;CIP01;FASE_END;SODA_2PC DUR=1200s;;OK;PRG=IO-05_P2_LINEA1;OP=BISSOLI_M
2026-05-12 22:41:47;CIP01;COND;2.7;mS/cm;OK;PRG=IO-05_P2_LINEA1;OP=BISSOLI_M
2026-05-12 22:41:50;CIP01;TT_CIP;39.2;C;OK;PRG=IO-05_P2_LINEA1;OP=BISSOLI_M
2026-05-12 22:41:52;CIP01;FT_CIP;9.7;m3/h;OK;PRG=IO-05_P2_LINEA1;OP=BISSOLI_M
2026-05-12 22:41:55;CIP01;FASE_START;ACIDO_HNO3_1.5PC;;OK;PRG=IO-05_P2_LINEA1;OP=BISSOLI_M
2026-05-12 22:41:56;CIP01;FASE_END;RISCIACQUO_INT DUR=300s;;OK;PRG=IO-05_P2_LINEA1;OP=BISSOLI_M
2026-05-12 22:46:55;CIP01;COND;45.1;mS/cm;OK;PRG=IO-05_P2_LINEA1;OP=BISSOLI_M
2026-05-12 22:46:58;CIP01;TT_CIP;58.2;C;OK;PRG=IO-05_P2_LINEA1;OP=BISSOLI_M
2026-05-12 22:51:55;CIP01;COND;43.8;mS/cm;OK;PRG=IO-05_P2_LINEA1;OP=BISSOLI_M
2026-05-12 22:51:58;CIP01;TT_CIP;60.2;C;OK;PRG=IO-05_P2_LINEA1;OP=BISSOLI_M
2026-05-12 22:56:55;CIP01;COND;43.9;mS/cm;OK;PRG=IO-05_P2_LINEA1;OP=BISSOLI_M
2026-05-12 22:56:58;CIP01;TT_CIP;56.5;C;OK;PRG=IO-05_P2_LINEA1;OP=BISSOLI_M
2026-05-12 22:57:00;CIP01;FT_CIP;9.0;m3/h;OK;PRG=IO-05_P2_LINEA1;OP=BISSOLI_M
2026-05-12 22:57:03;CIP01;FASE_START;SANIF_PAA;;OK;PRG=IO-05_P2_LINEA1;OP=BISSOLI_M
2026-05-12 22:57:04;CIP01;FASE_END;ACIDO_HNO3_1.5PC DUR=900s;;OK;PRG=IO-05_P2_LINEA1;OP=BISSOLI_M
2026-05-12 23:02:03;CIP01;COND;1.9;mS/cm;OK;PRG=IO-05_P2_LINEA1;OP=BISSOLI_M
2026-05-12 23:02:06;CIP01;TT_CIP;21.9;C;OK;PRG=IO-05_P2_LINEA1;OP=BISSOLI_M
2026-05-12 23:07:03;CIP01;COND;1.7;mS/cm;OK;PRG=IO-05_P2_LINEA1;OP=BISSOLI_M
2026-05-12 23:07:06;CIP01;TT_CIP;19.6;C;OK;PRG=IO-05_P2_LINEA1;OP=BISSOLI_M
2026-05-12 23:07:08;CIP01;FT_CIP;9.0;m3/h;OK;PRG=IO-05_P2_LINEA1;OP=BISSOLI_M
2026-05-12 23:07:11;CIP01;FASE_START;RISCIACQUO_FIN;;OK;PRG=IO-05_P2_LINEA1;OP=BISSOLI_M
2026-05-12 23:07:12;CIP01;FASE_END;SANIF_PAA DUR=600s;;OK;PRG=IO-05_P2_LINEA1;OP=BISSOLI_M
2026-05-12 23:12:11;CIP01;COND;0.3;mS/cm;OK;PRG=IO-05_P2_LINEA1;OP=BISSOLI_M
2026-05-12 23:12:14;CIP01;TT_CIP;17.8;C;OK;PRG=IO-05_P2_LINEA1;OP=BISSOLI_M
2026-05-12 23:17:11;CIP01;COND;0.9;mS/cm;OK;PRG=IO-05_P2_LINEA1;OP=BISSOLI_M
2026-05-12 23:17:14;CIP01;TT_CIP;18.5;C;OK;PRG=IO-05_P2_LINEA1;OP=BISSOLI_M
2026-05-12 23:17:16;CIP01;FT_CIP;10.0;m3/h;OK;PRG=IO-05_P2_LINEA1;OP=BISSOLI_M
2026-05-12 23:17:20;CIP01;FASE_END;RISCIACQUO_FIN DUR=600s;;OK;PRG=IO-05_P2_LINEA1;OP=BISSOLI_M
2026-05-12 23:17:31;CIP01;CYCLE_END;ESITO=PASS;;OK;PRG=IO-05_P2_LINEA1;OP=BISSOLI_M
2026-05-13 22:02:19;CIP01;CYCLE_START;P2_LINEA1;;OK;PRG=IO-05_P2_LINEA1;OP=BISSOLI_M
2026-05-13 22:02:23;CIP01;TANK_LEVEL_SODA;75;%;OK;PRG=IO-05_P2_LINEA1;OP=BISSOLI_M
2026-05-13 22:02:27;CIP01;FASE_START;PRERISCIACQUO;;OK;PRG=IO-05_P2_LINEA1;OP=BISSOLI_M
2026-05-13 22:07:27;CIP01;COND;4.1;mS/cm;OK;PRG=IO-05_P2_LINEA1;OP=BISSOLI_M
2026-05-13 22:07:30;CIP01;TT_CIP;24.0;C;OK;PRG=IO-05_P2_LINEA1;OP=BISSOLI_M
2026-05-13 22:07:32;CIP01;FT_CIP;9.7;m3/h;OK;PRG=IO-05_P2_LINEA1;OP=BISSOLI_M
2026-05-13 22:07:35;CIP01;FASE_START;SODA_2PC;;OK;PRG=IO-05_P2_LINEA1;OP=BISSOLI_M
2026-05-13 22:07:36;CIP01;FASE_END;PRERISCIACQUO DUR=300s;;OK;PRG=IO-05_P2_LINEA1;OP=BISSOLI_M
2026-05-13 22:12:35;CIP01;COND;76.2;mS/cm;OK;PRG=IO-05_P2_LINEA1;OP=BISSOLI_M
2026-05-13 22:12:38;CIP01;TT_CIP;75.1;C;OK;PRG=IO-05_P2_LINEA1;OP=BISSOLI_M
2026-05-13 22:17:35;CIP01;COND;76.4;mS/cm;OK;PRG=IO-05_P2_LINEA1;OP=BISSOLI_M
2026-05-13 22:17:38;CIP01;TT_CIP;75.8;C;OK;PRG=IO-05_P2_LINEA1;OP=BISSOLI_M
2026-05-13 22:22:35;CIP01;COND;73.9;mS/cm;OK;PRG=IO-05_P2_LINEA1;OP=BISSOLI_M
2026-05-13 22:22:38;CIP01;TT_CIP;75.8;C;OK;PRG=IO-05_P2_LINEA1;OP=BISSOLI_M
2026-05-13 22:27:35;CIP01;COND;73.0;mS/cm;OK;PRG=IO-05_P2_LINEA1;OP=BISSOLI_M
2026-05-13 22:27:38;CIP01;TT_CIP;75.4;C;OK;PRG=IO-05_P2_LINEA1;OP=BISSOLI_M
2026-05-13 22:27:40;CIP01;FT_CIP;8.7;m3/h;OK;PRG=IO-05_P2_LINEA1;OP=BISSOLI_M
2026-05-13 22:27:43;CIP01;FASE_START;RISCIACQUO_INT;;OK;PRG=IO-05_P2_LINEA1;OP=BISSOLI_M
2026-05-13 22:27:44;CIP01;FASE_END;SODA_2PC DUR=1200s;;OK;PRG=IO-05_P2_LINEA1;OP=BISSOLI_M
2026-05-13 22:32:43;CIP01;COND;6.0;mS/cm;OK;PRG=IO-05_P2_LINEA1;OP=BISSOLI_M
2026-05-13 22:32:46;CIP01;TT_CIP;39.7;C;OK;PRG=IO-05_P2_LINEA1;OP=BISSOLI_M
2026-05-13 22:32:48;CIP01;FT_CIP;9.7;m3/h;OK;PRG=IO-05_P2_LINEA1;OP=BISSOLI_M
2026-05-13 22:32:51;CIP01;FASE_START;ACIDO_HNO3_1.5PC;;OK;PRG=IO-05_P2_LINEA1;OP=BISSOLI_M
2026-05-13 22:32:52;CIP01;FASE_END;RISCIACQUO_INT DUR=300s;;OK;PRG=IO-05_P2_LINEA1;OP=BISSOLI_M
2026-05-13 22:37:51;CIP01;COND;45.8;mS/cm;OK;PRG=IO-05_P2_LINEA1;OP=BISSOLI_M
2026-05-13 22:37:54;CIP01;TT_CIP;59.3;C;OK;PRG=IO-05_P2_LINEA1;OP=BISSOLI_M
2026-05-13 22:42:51;CIP01;COND;46.7;mS/cm;OK;PRG=IO-05_P2_LINEA1;OP=BISSOLI_M
2026-05-13 22:42:54;CIP01;TT_CIP;57.4;C;OK;PRG=IO-05_P2_LINEA1;OP=BISSOLI_M
2026-05-13 22:47:51;CIP01;COND;44.1;mS/cm;OK;PRG=IO-05_P2_LINEA1;OP=BISSOLI_M
2026-05-13 22:47:54;CIP01;TT_CIP;56.9;C;OK;PRG=IO-05_P2_LINEA1;OP=BISSOLI_M
2026-05-13 22:47:56;CIP01;FT_CIP;8.6;m3/h;OK;PRG=IO-05_P2_LINEA1;OP=BISSOLI_M
2026-05-13 22:47:59;CIP01;FASE_START;SANIF_PAA;;OK;PRG=IO-05_P2_LINEA1;OP=BISSOLI_M
2026-05-13 22:48:00;CIP01;FASE_END;ACIDO_HNO3_1.5PC DUR=900s;;OK;PRG=IO-05_P2_LINEA1;OP=BISSOLI_M
2026-05-13 22:52:59;CIP01;COND;2.0;mS/cm;OK;PRG=IO-05_P2_LINEA1;OP=BISSOLI_M
2026-05-13 22:53:02;CIP01;TT_CIP;19.3;C;OK;PRG=IO-05_P2_LINEA1;OP=BISSOLI_M
2026-05-13 22:57:59;CIP01;COND;1.7;mS/cm;OK;PRG=IO-05_P2_LINEA1;OP=BISSOLI_M
2026-05-13 22:58:02;CIP01;TT_CIP;22.1;C;OK;PRG=IO-05_P2_LINEA1;OP=BISSOLI_M
2026-05-13 22:58:04;CIP01;FT_CIP;9.3;m3/h;OK;PRG=IO-05_P2_LINEA1;OP=BISSOLI_M
2026-05-13 22:58:07;CIP01;FASE_START;RISCIACQUO_FIN;;OK;PRG=IO-05_P2_LINEA1;OP=BISSOLI_M
2026-05-13 22:58:08;CIP01;FASE_END;SANIF_PAA DUR=600s;;OK;PRG=IO-05_P2_LINEA1;OP=BISSOLI_M
2026-05-13 23:03:07;CIP01;COND;0.5;mS/cm;OK;PRG=IO-05_P2_LINEA1;OP=BISSOLI_M
2026-05-13 23:03:10;CIP01;TT_CIP;18.9;C;OK;PRG=IO-05_P2_LINEA1;OP=BISSOLI_M
2026-05-13 23:08:07;CIP01;COND;0.6;mS/cm;OK;PRG=IO-05_P2_LINEA1;OP=BISSOLI_M
2026-05-13 23:08:10;CIP01;TT_CIP;16.9;C;OK;PRG=IO-05_P2_LINEA1;OP=BISSOLI_M
2026-05-13 23:08:12;CIP01;FT_CIP;9.8;m3/h;OK;PRG=IO-05_P2_LINEA1;OP=BISSOLI_M
2026-05-13 23:08:16;CIP01;FASE_END;RISCIACQUO_FIN DUR=600s;;OK;PRG=IO-05_P2_LINEA1;OP=BISSOLI_M
2026-05-13 23:08:27;CIP01;CYCLE_END;ESITO=PASS;;OK;PRG=IO-05_P2_LINEA1;OP=BISSOLI_M
2026-05-14 22:40:02;CIP01;CYCLE_START;P2_LINEA1;;OK;PRG=IO-05_P2_LINEA1;OP=POPESCU_I
2026-05-14 22:40:06;CIP01;TANK_LEVEL_SODA;61;%;OK;PRG=IO-05_P2_LINEA1;OP=POPESCU_I
2026-05-14 22:40:10;CIP01;FASE_START;PRERISCIACQUO;;OK;PRG=IO-05_P2_LINEA1;OP=POPESCU_I
2026-05-14 22:45:10;CIP01;COND;4.5;mS/cm;OK;PRG=IO-05_P2_LINEA1;OP=POPESCU_I
2026-05-14 22:45:13;CIP01;TT_CIP;23.3;C;OK;PRG=IO-05_P2_LINEA1;OP=POPESCU_I
2026-05-14 22:45:15;CIP01;FT_CIP;9.5;m3/h;OK;PRG=IO-05_P2_LINEA1;OP=POPESCU_I
2026-05-14 22:45:18;CIP01;FASE_START;SODA_2PC;;OK;PRG=IO-05_P2_LINEA1;OP=POPESCU_I
2026-05-14 22:45:19;CIP01;FASE_END;PRERISCIACQUO DUR=300s;;OK;PRG=IO-05_P2_LINEA1;OP=POPESCU_I
2026-05-14 22:50:18;CIP01;COND;74.4;mS/cm;OK;PRG=IO-05_P2_LINEA1;OP=POPESCU_I
2026-05-14 22:50:21;CIP01;TT_CIP;76.0;C;OK;PRG=IO-05_P2_LINEA1;OP=POPESCU_I
2026-05-14 22:55:18;CIP01;COND;73.2;mS/cm;OK;PRG=IO-05_P2_LINEA1;OP=POPESCU_I
2026-05-14 22:55:21;CIP01;TT_CIP;74.8;C;OK;PRG=IO-05_P2_LINEA1;OP=POPESCU_I
2026-05-14 23:00:18;CIP01;COND;77.5;mS/cm;OK;PRG=IO-05_P2_LINEA1;OP=POPESCU_I
2026-05-14 23:00:21;CIP01;TT_CIP;74.1;C;OK;PRG=IO-05_P2_LINEA1;OP=POPESCU_I
2026-05-14 23:05:18;CIP01;COND;77.8;mS/cm;OK;PRG=IO-05_P2_LINEA1;OP=POPESCU_I
2026-05-14 23:05:21;CIP01;TT_CIP;75.6;C;OK;PRG=IO-05_P2_LINEA1;OP=POPESCU_I
2026-05-14 23:05:23;CIP01;FT_CIP;8.9;m3/h;OK;PRG=IO-05_P2_LINEA1;OP=POPESCU_I
2026-05-14 23:05:26;CIP01;FASE_START;RISCIACQUO_INT;;OK;PRG=IO-05_P2_LINEA1;OP=POPESCU_I
2026-05-14 23:05:27;CIP01;FASE_END;SODA_2PC DUR=1200s;;OK;PRG=IO-05_P2_LINEA1;OP=POPESCU_I
2026-05-14 23:10:26;CIP01;COND;5.7;mS/cm;OK;PRG=IO-05_P2_LINEA1;OP=POPESCU_I
2026-05-14 23:10:29;CIP01;TT_CIP;38.9;C;OK;PRG=IO-05_P2_LINEA1;OP=POPESCU_I
2026-05-14 23:10:31;CIP01;FT_CIP;9.8;m3/h;OK;PRG=IO-05_P2_LINEA1;OP=POPESCU_I
2026-05-14 23:10:34;CIP01;FASE_START;ACIDO_HNO3_1.5PC;;OK;PRG=IO-05_P2_LINEA1;OP=POPESCU_I
2026-05-14 23:10:35;CIP01;FASE_END;RISCIACQUO_INT DUR=300s;;OK;PRG=IO-05_P2_LINEA1;OP=POPESCU_I
2026-05-14 23:15:34;CIP01;COND;45.9;mS/cm;OK;PRG=IO-05_P2_LINEA1;OP=POPESCU_I
2026-05-14 23:15:37;CIP01;TT_CIP;57.7;C;OK;PRG=IO-05_P2_LINEA1;OP=POPESCU_I
2026-05-14 23:20:34;CIP01;COND;43.1;mS/cm;OK;PRG=IO-05_P2_LINEA1;OP=POPESCU_I
2026-05-14 23:20:37;CIP01;TT_CIP;58.0;C;OK;PRG=IO-05_P2_LINEA1;OP=POPESCU_I
2026-05-14 23:25:34;CIP01;COND;43.1;mS/cm;OK;PRG=IO-05_P2_LINEA1;OP=POPESCU_I
2026-05-14 23:25:37;CIP01;TT_CIP;58.4;C;OK;PRG=IO-05_P2_LINEA1;OP=POPESCU_I
2026-05-14 23:25:39;CIP01;FT_CIP;8.6;m3/h;OK;PRG=IO-05_P2_LINEA1;OP=POPESCU_I
2026-05-14 23:25:42;CIP01;FASE_START;SANIF_PAA;;OK;PRG=IO-05_P2_LINEA1;OP=POPESCU_I
2026-05-14 23:25:43;CIP01;FASE_END;ACIDO_HNO3_1.5PC DUR=900s;;OK;PRG=IO-05_P2_LINEA1;OP=POPESCU_I
2026-05-14 23:30:42;CIP01;COND;1.6;mS/cm;OK;PRG=IO-05_P2_LINEA1;OP=POPESCU_I
2026-05-14 23:30:45;CIP01;TT_CIP;23.4;C;OK;PRG=IO-05_P2_LINEA1;OP=POPESCU_I
2026-05-14 23:35:42;CIP01;COND;1.8;mS/cm;OK;PRG=IO-05_P2_LINEA1;OP=POPESCU_I
2026-05-14 23:35:45;CIP01;TT_CIP;21.0;C;OK;PRG=IO-05_P2_LINEA1;OP=POPESCU_I
2026-05-14 23:35:47;CIP01;FT_CIP;9.2;m3/h;OK;PRG=IO-05_P2_LINEA1;OP=POPESCU_I
2026-05-14 23:35:50;CIP01;FASE_START;RISCIACQUO_FIN;;OK;PRG=IO-05_P2_LINEA1;OP=POPESCU_I
2026-05-14 23:35:51;CIP01;FASE_END;SANIF_PAA DUR=600s;;OK;PRG=IO-05_P2_LINEA1;OP=POPESCU_I
2026-05-14 23:40:50;CIP01;COND;-999.9;mS/cm;FAULT;PRG=IO-05_P2_LINEA1;OP=POPESCU_I
2026-05-14 23:40:53;CIP01;TT_CIP;20.0;C;OK;PRG=IO-05_P2_LINEA1;OP=POPESCU_I
2026-05-14 23:40:56;CIP01;ALM_COND_PROBE;OPEN_CIRCUIT;;ALARM;PRG=IO-05_P2_LINEA1;OP=POPESCU_I
2026-05-14 23:45:50;CIP01;COND;0.9;mS/cm;OK;PRG=IO-05_P2_LINEA1;OP=POPESCU_I
2026-05-14 23:45:53;CIP01;TT_CIP;20.0;C;OK;PRG=IO-05_P2_LINEA1;OP=POPESCU_I
2026-05-14 23:45:55;CIP01;FT_CIP;9.8;m3/h;OK;PRG=IO-05_P2_LINEA1;OP=POPESCU_I
2026-05-14 23:45:59;CIP01;FASE_END;RISCIACQUO_FIN DUR=600s;;OK;PRG=IO-05_P2_LINEA1;OP=POPESCU_I
2026-05-14 23:46:10;CIP01;CYCLE_END;ESITO=PASS;;WARN;PRG=IO-05_P2_LINEA1;OP=POPESCU_I
2026-05-14 23:46:12;CIP01;NOTE_SYS;WRN=COND_PROBE VERIFICA MANUALE RICHIESTA;;WARN;PRG=IO-05_P2_LINEA1;OP=POPESCU_I
2026-05-15 22:50:24;CIP01;CYCLE_START;P2_LINEA1;;OK;PRG=IO-05_P2_LINEA1;OP=BISSOLI_M
2026-05-15 22:50:28;CIP01;TANK_LEVEL_SODA;86;%;OK;PRG=IO-05_P2_LINEA1;OP=BISSOLI_M
2026-05-15 22:50:32;CIP01;FASE_START;PRERISCIACQUO;;OK;PRG=IO-05_P2_LINEA1;OP=BISSOLI_M
2026-05-15 22:55:32;CIP01;COND;3.7;mS/cm;OK;PRG=IO-05_P2_LINEA1;OP=BISSOLI_M
2026-05-15 22:55:35;CIP01;TT_CIP;20.9;C;OK;PRG=IO-05_P2_LINEA1;OP=BISSOLI_M
2026-05-15 22:55:37;CIP01;FT_CIP;9.6;m3/h;OK;PRG=IO-05_P2_LINEA1;OP=BISSOLI_M
2026-05-15 22:55:40;CIP01;FASE_START;SODA_2PC;;OK;PRG=IO-05_P2_LINEA1;OP=BISSOLI_M
2026-05-15 22:55:41;CIP01;FASE_END;PRERISCIACQUO DUR=300s;;OK;PRG=IO-05_P2_LINEA1;OP=BISSOLI_M
2026-05-15 23:00:40;CIP01;COND;71.9;mS/cm;OK;PRG=IO-05_P2_LINEA1;OP=BISSOLI_M
2026-05-15 23:00:43;CIP01;TT_CIP;75.1;C;OK;PRG=IO-05_P2_LINEA1;OP=BISSOLI_M
2026-05-15 23:05:40;CIP01;COND;75.0;mS/cm;OK;PRG=IO-05_P2_LINEA1;OP=BISSOLI_M
2026-05-15 23:05:43;CIP01;TT_CIP;75.8;C;OK;PRG=IO-05_P2_LINEA1;OP=BISSOLI_M
2026-05-15 23:10:40;CIP01;COND;75.1;mS/cm;OK;PRG=IO-05_P2_LINEA1;OP=BISSOLI_M
2026-05-15 23:10:43;CIP01;TT_CIP;75.7;C;OK;PRG=IO-05_P2_LINEA1;OP=BISSOLI_M
2026-05-15 23:15:40;CIP01;COND;71.6;mS/cm;OK;PRG=IO-05_P2_LINEA1;OP=BISSOLI_M
2026-05-15 23:15:43;CIP01;TT_CIP;74.4;C;OK;PRG=IO-05_P2_LINEA1;OP=BISSOLI_M
2026-05-15 23:15:45;CIP01;FT_CIP;8.6;m3/h;OK;PRG=IO-05_P2_LINEA1;OP=BISSOLI_M
2026-05-15 23:15:48;CIP01;FASE_START;RISCIACQUO_INT;;OK;PRG=IO-05_P2_LINEA1;OP=BISSOLI_M
2026-05-15 23:15:49;CIP01;FASE_END;SODA_2PC DUR=1200s;;OK;PRG=IO-05_P2_LINEA1;OP=BISSOLI_M
2026-05-15 23:20:48;CIP01;COND;2.5;mS/cm;OK;PRG=IO-05_P2_LINEA1;OP=BISSOLI_M
2026-05-15 23:20:51;CIP01;TT_CIP;39.8;C;OK;PRG=IO-05_P2_LINEA1;OP=BISSOLI_M
2026-05-15 23:20:53;CIP01;FT_CIP;9.8;m3/h;OK;PRG=IO-05_P2_LINEA1;OP=BISSOLI_M
2026-05-15 23:20:56;CIP01;FASE_START;ACIDO_HNO3_1.5PC;;OK;PRG=IO-05_P2_LINEA1;OP=BISSOLI_M
2026-05-15 23:20:57;CIP01;FASE_END;RISCIACQUO_INT DUR=300s;;OK;PRG=IO-05_P2_LINEA1;OP=BISSOLI_M
2026-05-15 23:25:56;CIP01;COND;43.5;mS/cm;OK;PRG=IO-05_P2_LINEA1;OP=BISSOLI_M
2026-05-15 23:25:59;CIP01;TT_CIP;59.8;C;OK;PRG=IO-05_P2_LINEA1;OP=BISSOLI_M
2026-05-15 23:30:56;CIP01;COND;45.6;mS/cm;OK;PRG=IO-05_P2_LINEA1;OP=BISSOLI_M
2026-05-15 23:30:59;CIP01;TT_CIP;58.1;C;OK;PRG=IO-05_P2_LINEA1;OP=BISSOLI_M
2026-05-15 23:35:56;CIP01;COND;44.4;mS/cm;OK;PRG=IO-05_P2_LINEA1;OP=BISSOLI_M
2026-05-15 23:35:59;CIP01;TT_CIP;57.6;C;OK;PRG=IO-05_P2_LINEA1;OP=BISSOLI_M
2026-05-15 23:36:01;CIP01;FT_CIP;9.0;m3/h;OK;PRG=IO-05_P2_LINEA1;OP=BISSOLI_M
2026-05-15 23:36:04;CIP01;FASE_START;SANIF_PAA;;OK;PRG=IO-05_P2_LINEA1;OP=BISSOLI_M
2026-05-15 23:36:05;CIP01;FASE_END;ACIDO_HNO3_1.5PC DUR=900s;;OK;PRG=IO-05_P2_LINEA1;OP=BISSOLI_M
2026-05-15 23:41:04;CIP01;COND;1.7;mS/cm;OK;PRG=IO-05_P2_LINEA1;OP=BISSOLI_M
2026-05-15 23:41:07;CIP01;TT_CIP;22.4;C;OK;PRG=IO-05_P2_LINEA1;OP=BISSOLI_M
2026-05-15 23:46:04;CIP01;COND;1.8;mS/cm;OK;PRG=IO-05_P2_LINEA1;OP=BISSOLI_M
2026-05-15 23:46:07;CIP01;TT_CIP;21.1;C;OK;PRG=IO-05_P2_LINEA1;OP=BISSOLI_M
2026-05-15 23:46:09;CIP01;FT_CIP;9.3;m3/h;OK;PRG=IO-05_P2_LINEA1;OP=BISSOLI_M
2026-05-15 23:46:12;CIP01;FASE_START;RISCIACQUO_FIN;;OK;PRG=IO-05_P2_LINEA1;OP=BISSOLI_M
2026-05-15 23:46:13;CIP01;FASE_END;SANIF_PAA DUR=600s;;OK;PRG=IO-05_P2_LINEA1;OP=BISSOLI_M
2026-05-15 23:51:12;CIP01;COND;0.6;mS/cm;OK;PRG=IO-05_P2_LINEA1;OP=BISSOLI_M
2026-05-15 23:51:15;CIP01;TT_CIP;17.0;C;OK;PRG=IO-05_P2_LINEA1;OP=BISSOLI_M
2026-05-15 23:56:12;CIP01;COND;0.6;mS/cm;OK;PRG=IO-05_P2_LINEA1;OP=BISSOLI_M
2026-05-15 23:56:15;CIP01;TT_CIP;18.9;C;OK;PRG=IO-05_P2_LINEA1;OP=BISSOLI_M
2026-05-15 23:56:17;CIP01;FT_CIP;9.7;m3/h;OK;PRG=IO-05_P2_LINEA1;OP=BISSOLI_M
2026-05-15 23:56:21;CIP01;FASE_END;RISCIACQUO_FIN DUR=600s;;OK;PRG=IO-05_P2_LINEA1;OP=BISSOLI_M
2026-05-15 23:56:32;CIP01;CYCLE_END;ESITO=PASS;;OK;PRG=IO-05_P2_LINEA1;OP=BISSOLI_M
2026-05-16 22:36:16;CIP01;CYCLE_START;P2_LINEA1;;OK;PRG=IO-05_P2_LINEA1;OP=BISSOLI_M
2026-05-16 22:36:20;CIP01;TANK_LEVEL_SODA;61;%;OK;PRG=IO-05_P2_LINEA1;OP=BISSOLI_M
2026-05-16 22:36:24;CIP01;FASE_START;PRERISCIACQUO;;OK;PRG=IO-05_P2_LINEA1;OP=BISSOLI_M
2026-05-16 22:41:24;CIP01;COND;4.4;mS/cm;OK;PRG=IO-05_P2_LINEA1;OP=BISSOLI_M
2026-05-16 22:41:27;CIP01;TT_CIP;25.7;C;OK;PRG=IO-05_P2_LINEA1;OP=BISSOLI_M
2026-05-16 22:41:29;CIP01;FT_CIP;9.9;m3/h;OK;PRG=IO-05_P2_LINEA1;OP=BISSOLI_M
2026-05-16 22:41:32;CIP01;FASE_START;SODA_2PC;;OK;PRG=IO-05_P2_LINEA1;OP=BISSOLI_M
2026-05-16 22:41:33;CIP01;FASE_END;PRERISCIACQUO DUR=300s;;OK;PRG=IO-05_P2_LINEA1;OP=BISSOLI_M
2026-05-16 22:46:32;CIP01;COND;77.1;mS/cm;OK;PRG=IO-05_P2_LINEA1;OP=BISSOLI_M
2026-05-16 22:46:35;CIP01;TT_CIP;76.0;C;OK;PRG=IO-05_P2_LINEA1;OP=BISSOLI_M
2026-05-16 22:51:32;CIP01;COND;76.8;mS/cm;OK;PRG=IO-05_P2_LINEA1;OP=BISSOLI_M
2026-05-16 22:51:35;CIP01;TT_CIP;75.3;C;OK;PRG=IO-05_P2_LINEA1;OP=BISSOLI_M
2026-05-16 22:56:32;CIP01;COND;77.5;mS/cm;OK;PRG=IO-05_P2_LINEA1;OP=BISSOLI_M
2026-05-16 22:56:35;CIP01;TT_CIP;74.1;C;OK;PRG=IO-05_P2_LINEA1;OP=BISSOLI_M
2026-05-16 23:01:32;CIP01;COND;71.4;mS/cm;OK;PRG=IO-05_P2_LINEA1;OP=BISSOLI_M
2026-05-16 23:01:35;CIP01;TT_CIP;74.8;C;OK;PRG=IO-05_P2_LINEA1;OP=BISSOLI_M
2026-05-16 23:01:37;CIP01;FT_CIP;9.1;m3/h;OK;PRG=IO-05_P2_LINEA1;OP=BISSOLI_M
2026-05-16 23:01:40;CIP01;FASE_START;RISCIACQUO_INT;;OK;PRG=IO-05_P2_LINEA1;OP=BISSOLI_M
2026-05-16 23:01:41;CIP01;FASE_END;SODA_2PC DUR=1200s;;OK;PRG=IO-05_P2_LINEA1;OP=BISSOLI_M
2026-05-16 23:06:40;CIP01;COND;1.7;mS/cm;OK;PRG=IO-05_P2_LINEA1;OP=BISSOLI_M
2026-05-16 23:06:43;CIP01;TT_CIP;42.6;C;OK;PRG=IO-05_P2_LINEA1;OP=BISSOLI_M
2026-05-16 23:06:45;CIP01;FT_CIP;9.4;m3/h;OK;PRG=IO-05_P2_LINEA1;OP=BISSOLI_M
2026-05-16 23:06:48;CIP01;FASE_START;ACIDO_HNO3_1.5PC;;OK;PRG=IO-05_P2_LINEA1;OP=BISSOLI_M
2026-05-16 23:06:49;CIP01;FASE_END;RISCIACQUO_INT DUR=300s;;OK;PRG=IO-05_P2_LINEA1;OP=BISSOLI_M
2026-05-16 23:11:48;CIP01;COND;45.5;mS/cm;OK;PRG=IO-05_P2_LINEA1;OP=BISSOLI_M
2026-05-16 23:11:51;CIP01;TT_CIP;60.6;C;OK;PRG=IO-05_P2_LINEA1;OP=BISSOLI_M
2026-05-16 23:16:48;CIP01;COND;44.1;mS/cm;OK;PRG=IO-05_P2_LINEA1;OP=BISSOLI_M
2026-05-16 23:16:51;CIP01;TT_CIP;58.7;C;OK;PRG=IO-05_P2_LINEA1;OP=BISSOLI_M
2026-05-16 23:21:48;CIP01;COND;47.3;mS/cm;OK;PRG=IO-05_P2_LINEA1;OP=BISSOLI_M
2026-05-16 23:21:51;CIP01;TT_CIP;58.4;C;OK;PRG=IO-05_P2_LINEA1;OP=BISSOLI_M
2026-05-16 23:21:53;CIP01;FT_CIP;9.3;m3/h;OK;PRG=IO-05_P2_LINEA1;OP=BISSOLI_M
2026-05-16 23:21:56;CIP01;FASE_START;SANIF_PAA;;OK;PRG=IO-05_P2_LINEA1;OP=BISSOLI_M
2026-05-16 23:21:57;CIP01;FASE_END;ACIDO_HNO3_1.5PC DUR=900s;;OK;PRG=IO-05_P2_LINEA1;OP=BISSOLI_M
2026-05-16 23:26:56;CIP01;COND;1.5;mS/cm;OK;PRG=IO-05_P2_LINEA1;OP=BISSOLI_M
2026-05-16 23:26:59;CIP01;TT_CIP;20.6;C;OK;PRG=IO-05_P2_LINEA1;OP=BISSOLI_M
2026-05-16 23:31:56;CIP01;COND;1.7;mS/cm;OK;PRG=IO-05_P2_LINEA1;OP=BISSOLI_M
2026-05-16 23:31:59;CIP01;TT_CIP;23.3;C;OK;PRG=IO-05_P2_LINEA1;OP=BISSOLI_M
2026-05-16 23:32:01;CIP01;FT_CIP;9.0;m3/h;OK;PRG=IO-05_P2_LINEA1;OP=BISSOLI_M
2026-05-16 23:32:04;CIP01;FASE_START;RISCIACQUO_FIN;;OK;PRG=IO-05_P2_LINEA1;OP=BISSOLI_M
2026-05-16 23:32:05;CIP01;FASE_END;SANIF_PAA DUR=600s;;OK;PRG=IO-05_P2_LINEA1;OP=BISSOLI_M
2026-05-16 23:37:04;CIP01;COND;0.5;mS/cm;OK;PRG=IO-05_P2_LINEA1;OP=BISSOLI_M
2026-05-16 23:37:07;CIP01;TT_CIP;16.8;C;OK;PRG=IO-05_P2_LINEA1;OP=BISSOLI_M
2026-05-16 23:42:04;CIP01;COND;0.7;mS/cm;OK;PRG=IO-05_P2_LINEA1;OP=BISSOLI_M
2026-05-16 23:42:07;CIP01;TT_CIP;16.9;C;OK;PRG=IO-05_P2_LINEA1;OP=BISSOLI_M
2026-05-16 23:42:09;CIP01;FT_CIP;9.7;m3/h;OK;PRG=IO-05_P2_LINEA1;OP=BISSOLI_M
2026-05-16 23:42:13;CIP01;FASE_END;RISCIACQUO_FIN DUR=600s;;OK;PRG=IO-05_P2_LINEA1;OP=BISSOLI_M
2026-05-16 23:42:24;CIP01;CYCLE_END;ESITO=PASS;;OK;PRG=IO-05_P2_LINEA1;OP=BISSOLI_M
2026-05-17 22:11:47;CIP01;CYCLE_START;P2_LINEA1;;OK;PRG=IO-05_P2_LINEA1;OP=BISSOLI_M
2026-05-17 22:11:51;CIP01;TANK_LEVEL_SODA;74;%;OK;PRG=IO-05_P2_LINEA1;OP=BISSOLI_M
2026-05-17 22:11:55;CIP01;FASE_START;PRERISCIACQUO;;OK;PRG=IO-05_P2_LINEA1;OP=BISSOLI_M
2026-05-17 22:16:55;CIP01;COND;2.5;mS/cm;OK;PRG=IO-05_P2_LINEA1;OP=BISSOLI_M
2026-05-17 22:16:58;CIP01;TT_CIP;21.7;C;OK;PRG=IO-05_P2_LINEA1;OP=BISSOLI_M
2026-05-17 22:17:00;CIP01;FT_CIP;9.6;m3/h;OK;PRG=IO-05_P2_LINEA1;OP=BISSOLI_M
2026-05-17 22:17:03;CIP01;FASE_START;SODA_2PC;;OK;PRG=IO-05_P2_LINEA1;OP=BISSOLI_M
2026-05-17 22:17:04;CIP01;FASE_END;PRERISCIACQUO DUR=300s;;OK;PRG=IO-05_P2_LINEA1;OP=BISSOLI_M
2026-05-17 22:22:03;CIP01;COND;72.1;mS/cm;OK;PRG=IO-05_P2_LINEA1;OP=BISSOLI_M
2026-05-17 22:22:06;CIP01;TT_CIP;74.5;C;OK;PRG=IO-05_P2_LINEA1;OP=BISSOLI_M
2026-05-17 22:27:03;CIP01;COND;74.9;mS/cm;OK;PRG=IO-05_P2_LINEA1;OP=BISSOLI_M
2026-05-17 22:27:06;CIP01;TT_CIP;75.8;C;OK;PRG=IO-05_P2_LINEA1;OP=BISSOLI_M
2026-05-17 22:32:03;CIP01;COND;73.6;mS/cm;OK;PRG=IO-05_P2_LINEA1;OP=BISSOLI_M
2026-05-17 22:32:06;CIP01;TT_CIP;74.9;C;OK;PRG=IO-05_P2_LINEA1;OP=BISSOLI_M
2026-05-17 22:37:03;CIP01;COND;76.7;mS/cm;OK;PRG=IO-05_P2_LINEA1;OP=BISSOLI_M
2026-05-17 22:37:06;CIP01;TT_CIP;75.0;C;OK;PRG=IO-05_P2_LINEA1;OP=BISSOLI_M
2026-05-17 22:37:08;CIP01;FT_CIP;9.1;m3/h;OK;PRG=IO-05_P2_LINEA1;OP=BISSOLI_M
2026-05-17 22:37:11;CIP01;FASE_START;RISCIACQUO_INT;;OK;PRG=IO-05_P2_LINEA1;OP=BISSOLI_M
2026-05-17 22:37:12;CIP01;FASE_END;SODA_2PC DUR=1200s;;OK;PRG=IO-05_P2_LINEA1;OP=BISSOLI_M
2026-05-17 22:42:11;CIP01;COND;3.1;mS/cm;OK;PRG=IO-05_P2_LINEA1;OP=BISSOLI_M
2026-05-17 22:42:14;CIP01;TT_CIP;39.3;C;OK;PRG=IO-05_P2_LINEA1;OP=BISSOLI_M
2026-05-17 22:42:16;CIP01;FT_CIP;9.5;m3/h;OK;PRG=IO-05_P2_LINEA1;OP=BISSOLI_M
2026-05-17 22:42:19;CIP01;FASE_START;ACIDO_HNO3_1.5PC;;OK;PRG=IO-05_P2_LINEA1;OP=BISSOLI_M
2026-05-17 22:42:20;CIP01;FASE_END;RISCIACQUO_INT DUR=300s;;OK;PRG=IO-05_P2_LINEA1;OP=BISSOLI_M
2026-05-17 22:47:19;CIP01;COND;46.9;mS/cm;OK;PRG=IO-05_P2_LINEA1;OP=BISSOLI_M
2026-05-17 22:47:22;CIP01;TT_CIP;60.7;C;OK;PRG=IO-05_P2_LINEA1;OP=BISSOLI_M
2026-05-17 22:52:19;CIP01;COND;47.8;mS/cm;OK;PRG=IO-05_P2_LINEA1;OP=BISSOLI_M
2026-05-17 22:52:22;CIP01;TT_CIP;57.2;C;OK;PRG=IO-05_P2_LINEA1;OP=BISSOLI_M
2026-05-17 22:57:19;CIP01;COND;47.4;mS/cm;OK;PRG=IO-05_P2_LINEA1;OP=BISSOLI_M
2026-05-17 22:57:22;CIP01;TT_CIP;58.3;C;OK;PRG=IO-05_P2_LINEA1;OP=BISSOLI_M
2026-05-17 22:57:24;CIP01;FT_CIP;8.9;m3/h;OK;PRG=IO-05_P2_LINEA1;OP=BISSOLI_M
2026-05-17 22:57:27;CIP01;FASE_START;SANIF_PAA;;OK;PRG=IO-05_P2_LINEA1;OP=BISSOLI_M
2026-05-17 22:57:28;CIP01;FASE_END;ACIDO_HNO3_1.5PC DUR=900s;;OK;PRG=IO-05_P2_LINEA1;OP=BISSOLI_M
2026-05-17 23:02:27;CIP01;COND;1.4;mS/cm;OK;PRG=IO-05_P2_LINEA1;OP=BISSOLI_M
2026-05-17 23:02:30;CIP01;TT_CIP;20.7;C;OK;PRG=IO-05_P2_LINEA1;OP=BISSOLI_M
2026-05-17 23:07:27;CIP01;COND;1.8;mS/cm;OK;PRG=IO-05_P2_LINEA1;OP=BISSOLI_M
2026-05-17 23:07:30;CIP01;TT_CIP;20.0;C;OK;PRG=IO-05_P2_LINEA1;OP=BISSOLI_M
2026-05-17 23:07:32;CIP01;FT_CIP;9.3;m3/h;OK;PRG=IO-05_P2_LINEA1;OP=BISSOLI_M
2026-05-17 23:07:35;CIP01;FASE_START;RISCIACQUO_FIN;;OK;PRG=IO-05_P2_LINEA1;OP=BISSOLI_M
2026-05-17 23:07:36;CIP01;FASE_END;SANIF_PAA DUR=600s;;OK;PRG=IO-05_P2_LINEA1;OP=BISSOLI_M
2026-05-17 23:12:35;CIP01;COND;0.8;mS/cm;OK;PRG=IO-05_P2_LINEA1;OP=BISSOLI_M
2026-05-17 23:12:38;CIP01;TT_CIP;19.3;C;OK;PRG=IO-05_P2_LINEA1;OP=BISSOLI_M
2026-05-17 23:17:35;CIP01;COND;0.5;mS/cm;OK;PRG=IO-05_P2_LINEA1;OP=BISSOLI_M
2026-05-17 23:17:38;CIP01;TT_CIP;17.7;C;OK;PRG=IO-05_P2_LINEA1;OP=BISSOLI_M
2026-05-17 23:17:40;CIP01;FT_CIP;9.4;m3/h;OK;PRG=IO-05_P2_LINEA1;OP=BISSOLI_M
2026-05-17 23:17:44;CIP01;FASE_END;RISCIACQUO_FIN DUR=600s;;OK;PRG=IO-05_P2_LINEA1;OP=BISSOLI_M
2026-05-17 23:17:55;CIP01;CYCLE_END;ESITO=PASS;;OK;PRG=IO-05_P2_LINEA1;OP=BISSOLI_M
2026-05-18 22:22:22;CIP01;CYCLE_START;P2_LINEA1;;OK;PRG=IO-05_P2_LINEA1;OP=BISSOLI_M
2026-05-18 22:22:26;CIP01;TANK_LEVEL_SODA;88;%;OK;PRG=IO-05_P2_LINEA1;OP=BISSOLI_M
2026-05-18 22:22:30;CIP01;FASE_START;PRERISCIACQUO;;OK;PRG=IO-05_P2_LINEA1;OP=BISSOLI_M
2026-05-18 22:27:30;CIP01;COND;3.9;mS/cm;OK;PRG=IO-05_P2_LINEA1;OP=BISSOLI_M
2026-05-18 22:27:33;CIP01;TT_CIP;18.5;C;OK;PRG=IO-05_P2_LINEA1;OP=BISSOLI_M
2026-05-18 22:27:35;CIP01;FT_CIP;9.9;m3/h;OK;PRG=IO-05_P2_LINEA1;OP=BISSOLI_M
2026-05-18 22:27:38;CIP01;FASE_START;SODA_2PC;;OK;PRG=IO-05_P2_LINEA1;OP=BISSOLI_M
2026-05-18 22:27:39;CIP01;FASE_END;PRERISCIACQUO DUR=300s;;OK;PRG=IO-05_P2_LINEA1;OP=BISSOLI_M
2026-05-18 22:32:38;CIP01;COND;71.3;mS/cm;OK;PRG=IO-05_P2_LINEA1;OP=BISSOLI_M
2026-05-18 22:32:41;CIP01;TT_CIP;74.2;C;OK;PRG=IO-05_P2_LINEA1;OP=BISSOLI_M
2026-05-18 22:37:38;CIP01;COND;75.8;mS/cm;OK;PRG=IO-05_P2_LINEA1;OP=BISSOLI_M
2026-05-18 22:37:41;CIP01;TT_CIP;75.3;C;OK;PRG=IO-05_P2_LINEA1;OP=BISSOLI_M
2026-05-18 22:42:38;CIP01;COND;78.0;mS/cm;OK;PRG=IO-05_P2_LINEA1;OP=BISSOLI_M
2026-05-18 22:42:41;CIP01;TT_CIP;75.2;C;OK;PRG=IO-05_P2_LINEA1;OP=BISSOLI_M
2026-05-18 22:47:38;CIP01;COND;73.9;mS/cm;OK;PRG=IO-05_P2_LINEA1;OP=BISSOLI_M
2026-05-18 22:47:41;CIP01;TT_CIP;76.0;C;OK;PRG=IO-05_P2_LINEA1;OP=BISSOLI_M
2026-05-18 22:47:43;CIP01;FT_CIP;8.8;m3/h;OK;PRG=IO-05_P2_LINEA1;OP=BISSOLI_M
2026-05-18 22:47:46;CIP01;FASE_START;RISCIACQUO_INT;;OK;PRG=IO-05_P2_LINEA1;OP=BISSOLI_M
2026-05-18 22:47:47;CIP01;FASE_END;SODA_2PC DUR=1200s;;OK;PRG=IO-05_P2_LINEA1;OP=BISSOLI_M
2026-05-18 22:52:46;CIP01;COND;4.5;mS/cm;OK;PRG=IO-05_P2_LINEA1;OP=BISSOLI_M
2026-05-18 22:52:49;CIP01;TT_CIP;42.0;C;OK;PRG=IO-05_P2_LINEA1;OP=BISSOLI_M
2026-05-18 22:52:51;CIP01;FT_CIP;9.5;m3/h;OK;PRG=IO-05_P2_LINEA1;OP=BISSOLI_M
2026-05-18 22:52:54;CIP01;FASE_START;ACIDO_HNO3_1.5PC;;OK;PRG=IO-05_P2_LINEA1;OP=BISSOLI_M
2026-05-18 22:52:55;CIP01;FASE_END;RISCIACQUO_INT DUR=300s;;OK;PRG=IO-05_P2_LINEA1;OP=BISSOLI_M
2026-05-18 22:57:54;CIP01;COND;44.4;mS/cm;OK;PRG=IO-05_P2_LINEA1;OP=BISSOLI_M
2026-05-18 22:57:57;CIP01;TT_CIP;57.1;C;OK;PRG=IO-05_P2_LINEA1;OP=BISSOLI_M
2026-05-18 23:02:54;CIP01;COND;47.1;mS/cm;OK;PRG=IO-05_P2_LINEA1;OP=BISSOLI_M
2026-05-18 23:02:57;CIP01;TT_CIP;60.1;C;OK;PRG=IO-05_P2_LINEA1;OP=BISSOLI_M
2026-05-18 23:07:54;CIP01;COND;44.6;mS/cm;OK;PRG=IO-05_P2_LINEA1;OP=BISSOLI_M
2026-05-18 23:07:57;CIP01;TT_CIP;59.6;C;OK;PRG=IO-05_P2_LINEA1;OP=BISSOLI_M
2026-05-18 23:07:59;CIP01;FT_CIP;9.0;m3/h;OK;PRG=IO-05_P2_LINEA1;OP=BISSOLI_M
2026-05-18 23:08:02;CIP01;FASE_START;SANIF_PAA;;OK;PRG=IO-05_P2_LINEA1;OP=BISSOLI_M
2026-05-18 23:08:03;CIP01;FASE_END;ACIDO_HNO3_1.5PC DUR=900s;;OK;PRG=IO-05_P2_LINEA1;OP=BISSOLI_M
2026-05-18 23:13:02;CIP01;COND;1.8;mS/cm;OK;PRG=IO-05_P2_LINEA1;OP=BISSOLI_M
2026-05-18 23:13:05;CIP01;TT_CIP;19.3;C;OK;PRG=IO-05_P2_LINEA1;OP=BISSOLI_M
2026-05-18 23:18:02;CIP01;COND;1.9;mS/cm;OK;PRG=IO-05_P2_LINEA1;OP=BISSOLI_M
2026-05-18 23:18:05;CIP01;TT_CIP;19.8;C;OK;PRG=IO-05_P2_LINEA1;OP=BISSOLI_M
2026-05-18 23:18:07;CIP01;FT_CIP;9.2;m3/h;OK;PRG=IO-05_P2_LINEA1;OP=BISSOLI_M
2026-05-18 23:18:10;CIP01;FASE_START;RISCIACQUO_FIN;;OK;PRG=IO-05_P2_LINEA1;OP=BISSOLI_M
2026-05-18 23:18:11;CIP01;FASE_END;SANIF_PAA DUR=600s;;OK;PRG=IO-05_P2_LINEA1;OP=BISSOLI_M
2026-05-18 23:23:10;CIP01;COND;0.3;mS/cm;OK;PRG=IO-05_P2_LINEA1;OP=BISSOLI_M
2026-05-18 23:23:13;CIP01;TT_CIP;19.2;C;OK;PRG=IO-05_P2_LINEA1;OP=BISSOLI_M
2026-05-18 23:28:10;CIP01;COND;0.5;mS/cm;OK;PRG=IO-05_P2_LINEA1;OP=BISSOLI_M
2026-05-18 23:28:13;CIP01;TT_CIP;18.1;C;OK;PRG=IO-05_P2_LINEA1;OP=BISSOLI_M
2026-05-18 23:28:15;CIP01;FT_CIP;9.9;m3/h;OK;PRG=IO-05_P2_LINEA1;OP=BISSOLI_M
2026-05-18 23:28:19;CIP01;FASE_END;RISCIACQUO_FIN DUR=600s;;OK;PRG=IO-05_P2_LINEA1;OP=BISSOLI_M
2026-05-18 23:28:30;CIP01;CYCLE_END;ESITO=PASS;;OK;PRG=IO-05_P2_LINEA1;OP=BISSOLI_M
2026-05-19 22:33:57;CIP01;CYCLE_START;P2_LINEA1;;OK;PRG=IO-05_P2_LINEA1;OP=BISSOLI_M
2026-05-19 22:34:01;CIP01;TANK_LEVEL_SODA;66;%;OK;PRG=IO-05_P2_LINEA1;OP=BISSOLI_M
2026-05-19 22:34:05;CIP01;FASE_START;PRERISCIACQUO;;OK;PRG=IO-05_P2_LINEA1;OP=BISSOLI_M
2026-05-19 22:39:05;CIP01;COND;3.7;mS/cm;OK;PRG=IO-05_P2_LINEA1;OP=BISSOLI_M
2026-05-19 22:39:08;CIP01;TT_CIP;25.7;C;OK;PRG=IO-05_P2_LINEA1;OP=BISSOLI_M
2026-05-19 22:39:10;CIP01;FT_CIP;9.2;m3/h;OK;PRG=IO-05_P2_LINEA1;OP=BISSOLI_M
2026-05-19 22:39:13;CIP01;FASE_START;SODA_2PC;;OK;PRG=IO-05_P2_LINEA1;OP=BISSOLI_M
2026-05-19 22:39:14;CIP01;FASE_END;PRERISCIACQUO DUR=300s;;OK;PRG=IO-05_P2_LINEA1;OP=BISSOLI_M
2026-05-19 22:44:13;CIP01;COND;73.3;mS/cm;OK;PRG=IO-05_P2_LINEA1;OP=BISSOLI_M
2026-05-19 22:44:16;CIP01;TT_CIP;74.2;C;OK;PRG=IO-05_P2_LINEA1;OP=BISSOLI_M
2026-05-19 22:49:13;CIP01;COND;71.8;mS/cm;OK;PRG=IO-05_P2_LINEA1;OP=BISSOLI_M
2026-05-19 22:49:16;CIP01;TT_CIP;74.2;C;OK;PRG=IO-05_P2_LINEA1;OP=BISSOLI_M
2026-05-19 22:54:13;CIP01;COND;74.7;mS/cm;OK;PRG=IO-05_P2_LINEA1;OP=BISSOLI_M
2026-05-19 22:54:16;CIP01;TT_CIP;74.7;C;OK;PRG=IO-05_P2_LINEA1;OP=BISSOLI_M
2026-05-19 22:59:13;CIP01;COND;76.2;mS/cm;OK;PRG=IO-05_P2_LINEA1;OP=BISSOLI_M
2026-05-19 22:59:16;CIP01;TT_CIP;74.8;C;OK;PRG=IO-05_P2_LINEA1;OP=BISSOLI_M
2026-05-19 22:59:18;CIP01;FT_CIP;9.1;m3/h;OK;PRG=IO-05_P2_LINEA1;OP=BISSOLI_M
2026-05-19 22:59:21;CIP01;FASE_START;RISCIACQUO_INT;;OK;PRG=IO-05_P2_LINEA1;OP=BISSOLI_M
2026-05-19 22:59:22;CIP01;FASE_END;SODA_2PC DUR=1200s;;OK;PRG=IO-05_P2_LINEA1;OP=BISSOLI_M
2026-05-19 23:04:21;CIP01;COND;4.9;mS/cm;OK;PRG=IO-05_P2_LINEA1;OP=BISSOLI_M
2026-05-19 23:04:24;CIP01;TT_CIP;43.6;C;OK;PRG=IO-05_P2_LINEA1;OP=BISSOLI_M
2026-05-19 23:04:26;CIP01;FT_CIP;9.3;m3/h;OK;PRG=IO-05_P2_LINEA1;OP=BISSOLI_M
2026-05-19 23:04:29;CIP01;FASE_START;ACIDO_HNO3_1.5PC;;OK;PRG=IO-05_P2_LINEA1;OP=BISSOLI_M
2026-05-19 23:04:30;CIP01;FASE_END;RISCIACQUO_INT DUR=300s;;OK;PRG=IO-05_P2_LINEA1;OP=BISSOLI_M
2026-05-19 23:09:29;CIP01;COND;47.8;mS/cm;OK;PRG=IO-05_P2_LINEA1;OP=BISSOLI_M
2026-05-19 23:09:32;CIP01;TT_CIP;59.9;C;OK;PRG=IO-05_P2_LINEA1;OP=BISSOLI_M
2026-05-19 23:14:29;CIP01;COND;44.2;mS/cm;OK;PRG=IO-05_P2_LINEA1;OP=BISSOLI_M
2026-05-19 23:14:32;CIP01;TT_CIP;59.3;C;OK;PRG=IO-05_P2_LINEA1;OP=BISSOLI_M
2026-05-19 23:19:29;CIP01;COND;47.9;mS/cm;OK;PRG=IO-05_P2_LINEA1;OP=BISSOLI_M
2026-05-19 23:19:32;CIP01;TT_CIP;59.2;C;OK;PRG=IO-05_P2_LINEA1;OP=BISSOLI_M
2026-05-19 23:19:34;CIP01;FT_CIP;8.8;m3/h;OK;PRG=IO-05_P2_LINEA1;OP=BISSOLI_M
2026-05-19 23:19:37;CIP01;FASE_START;SANIF_PAA;;OK;PRG=IO-05_P2_LINEA1;OP=BISSOLI_M
2026-05-19 23:19:38;CIP01;FASE_END;ACIDO_HNO3_1.5PC DUR=900s;;OK;PRG=IO-05_P2_LINEA1;OP=BISSOLI_M
2026-05-19 23:24:37;CIP01;COND;1.6;mS/cm;OK;PRG=IO-05_P2_LINEA1;OP=BISSOLI_M
2026-05-19 23:24:40;CIP01;TT_CIP;22.4;C;OK;PRG=IO-05_P2_LINEA1;OP=BISSOLI_M
2026-05-19 23:29:37;CIP01;COND;1.9;mS/cm;OK;PRG=IO-05_P2_LINEA1;OP=BISSOLI_M
2026-05-19 23:29:40;CIP01;TT_CIP;19.3;C;OK;PRG=IO-05_P2_LINEA1;OP=BISSOLI_M
2026-05-19 23:29:42;CIP01;FT_CIP;9.3;m3/h;OK;PRG=IO-05_P2_LINEA1;OP=BISSOLI_M
2026-05-19 23:29:45;CIP01;FASE_START;RISCIACQUO_FIN;;OK;PRG=IO-05_P2_LINEA1;OP=BISSOLI_M
2026-05-19 23:29:46;CIP01;FASE_END;SANIF_PAA DUR=600s;;OK;PRG=IO-05_P2_LINEA1;OP=BISSOLI_M
2026-05-19 23:34:45;CIP01;COND;0.9;mS/cm;OK;PRG=IO-05_P2_LINEA1;OP=BISSOLI_M
2026-05-19 23:34:48;CIP01;TT_CIP;16.3;C;OK;PRG=IO-05_P2_LINEA1;OP=BISSOLI_M
2026-05-19 23:39:45;CIP01;COND;0.8;mS/cm;OK;PRG=IO-05_P2_LINEA1;OP=BISSOLI_M
2026-05-19 23:39:48;CIP01;TT_CIP;17.8;C;OK;PRG=IO-05_P2_LINEA1;OP=BISSOLI_M
2026-05-19 23:39:50;CIP01;FT_CIP;10.0;m3/h;OK;PRG=IO-05_P2_LINEA1;OP=BISSOLI_M
2026-05-19 23:39:54;CIP01;FASE_END;RISCIACQUO_FIN DUR=600s;;OK;PRG=IO-05_P2_LINEA1;OP=BISSOLI_M
2026-05-19 23:40:05;CIP01;CYCLE_END;ESITO=PASS;;OK;PRG=IO-05_P2_LINEA1;OP=BISSOLI_M
2026-05-20 22:03:41;CIP01;CYCLE_START;P2_LINEA1;;OK;PRG=IO-05_P2_LINEA1;OP=POPESCU_I
2026-05-20 22:03:45;CIP01;TANK_LEVEL_SODA;62;%;OK;PRG=IO-05_P2_LINEA1;OP=POPESCU_I
2026-05-20 22:03:49;CIP01;FASE_START;PRERISCIACQUO;;OK;PRG=IO-05_P2_LINEA1;OP=POPESCU_I
2026-05-20 22:08:49;CIP01;COND;3.5;mS/cm;OK;PRG=IO-05_P2_LINEA1;OP=POPESCU_I
2026-05-20 22:08:52;CIP01;TT_CIP;22.7;C;OK;PRG=IO-05_P2_LINEA1;OP=POPESCU_I
2026-05-20 22:08:54;CIP01;FT_CIP;9.7;m3/h;OK;PRG=IO-05_P2_LINEA1;OP=POPESCU_I
2026-05-20 22:08:57;CIP01;FASE_START;SODA_2PC;;OK;PRG=IO-05_P2_LINEA1;OP=POPESCU_I
2026-05-20 22:08:58;CIP01;FASE_END;PRERISCIACQUO DUR=300s;;OK;PRG=IO-05_P2_LINEA1;OP=POPESCU_I
2026-05-20 22:13:57;CIP01;COND;76.0;mS/cm;OK;PRG=IO-05_P2_LINEA1;OP=POPESCU_I
2026-05-20 22:14:00;CIP01;TT_CIP;74.2;C;OK;PRG=IO-05_P2_LINEA1;OP=POPESCU_I
2026-05-20 22:18:57;CIP01;COND;72.7;mS/cm;OK;PRG=IO-05_P2_LINEA1;OP=POPESCU_I
2026-05-20 22:19:00;CIP01;TT_CIP;74.7;C;OK;PRG=IO-05_P2_LINEA1;OP=POPESCU_I
2026-05-20 22:23:57;CIP01;COND;71.8;mS/cm;OK;PRG=IO-05_P2_LINEA1;OP=POPESCU_I
2026-05-20 22:24:00;CIP01;TT_CIP;74.8;C;OK;PRG=IO-05_P2_LINEA1;OP=POPESCU_I
2026-05-20 22:28:57;CIP01;COND;74.0;mS/cm;OK;PRG=IO-05_P2_LINEA1;OP=POPESCU_I
2026-05-20 22:29:00;CIP01;TT_CIP;74.2;C;OK;PRG=IO-05_P2_LINEA1;OP=POPESCU_I
2026-05-20 22:29:02;CIP01;FT_CIP;8.6;m3/h;OK;PRG=IO-05_P2_LINEA1;OP=POPESCU_I
2026-05-20 22:29:05;CIP01;FASE_START;RISCIACQUO_INT;;OK;PRG=IO-05_P2_LINEA1;OP=POPESCU_I
2026-05-20 22:29:06;CIP01;FASE_END;SODA_2PC DUR=1200s;;OK;PRG=IO-05_P2_LINEA1;OP=POPESCU_I
2026-05-20 22:34:05;CIP01;COND;4.2;mS/cm;OK;PRG=IO-05_P2_LINEA1;OP=POPESCU_I
2026-05-20 22:34:08;CIP01;TT_CIP;39.7;C;OK;PRG=IO-05_P2_LINEA1;OP=POPESCU_I
2026-05-20 22:34:10;CIP01;FT_CIP;9.6;m3/h;OK;PRG=IO-05_P2_LINEA1;OP=POPESCU_I
2026-05-20 22:34:13;CIP01;FASE_START;ACIDO_HNO3_1.5PC;;OK;PRG=IO-05_P2_LINEA1;OP=POPESCU_I
2026-05-20 22:34:14;CIP01;FASE_END;RISCIACQUO_INT DUR=300s;;OK;PRG=IO-05_P2_LINEA1;OP=POPESCU_I
2026-05-20 22:39:13;CIP01;COND;43.1;mS/cm;OK;PRG=IO-05_P2_LINEA1;OP=POPESCU_I
2026-05-20 22:39:16;CIP01;TT_CIP;59.5;C;OK;PRG=IO-05_P2_LINEA1;OP=POPESCU_I
2026-05-20 22:44:13;CIP01;COND;47.3;mS/cm;OK;PRG=IO-05_P2_LINEA1;OP=POPESCU_I
2026-05-20 22:44:16;CIP01;TT_CIP;60.2;C;OK;PRG=IO-05_P2_LINEA1;OP=POPESCU_I
2026-05-20 22:49:13;CIP01;COND;43.4;mS/cm;OK;PRG=IO-05_P2_LINEA1;OP=POPESCU_I
2026-05-20 22:49:16;CIP01;TT_CIP;57.8;C;OK;PRG=IO-05_P2_LINEA1;OP=POPESCU_I
2026-05-20 22:49:18;CIP01;FT_CIP;9.1;m3/h;OK;PRG=IO-05_P2_LINEA1;OP=POPESCU_I
2026-05-20 22:49:21;CIP01;FASE_START;SANIF_PAA;;OK;PRG=IO-05_P2_LINEA1;OP=POPESCU_I
2026-05-20 22:49:22;CIP01;FASE_END;ACIDO_HNO3_1.5PC DUR=900s;;OK;PRG=IO-05_P2_LINEA1;OP=POPESCU_I
2026-05-20 22:54:21;CIP01;COND;2.1;mS/cm;OK;PRG=IO-05_P2_LINEA1;OP=POPESCU_I
2026-05-20 22:54:24;CIP01;TT_CIP;22.4;C;OK;PRG=IO-05_P2_LINEA1;OP=POPESCU_I
2026-05-20 22:59:21;CIP01;COND;1.9;mS/cm;OK;PRG=IO-05_P2_LINEA1;OP=POPESCU_I
2026-05-20 22:59:24;CIP01;TT_CIP;23.2;C;OK;PRG=IO-05_P2_LINEA1;OP=POPESCU_I
2026-05-20 22:59:26;CIP01;FT_CIP;9.6;m3/h;OK;PRG=IO-05_P2_LINEA1;OP=POPESCU_I
2026-05-20 22:59:29;CIP01;FASE_START;RISCIACQUO_FIN;;OK;PRG=IO-05_P2_LINEA1;OP=POPESCU_I
2026-05-20 22:59:30;CIP01;FASE_END;SANIF_PAA DUR=600s;;OK;PRG=IO-05_P2_LINEA1;OP=POPESCU_I
2026-05-20 23:04:29;CIP01;COND;0.4;mS/cm;OK;PRG=IO-05_P2_LINEA1;OP=POPESCU_I
2026-05-20 23:04:32;CIP01;TT_CIP;17.2;C;OK;PRG=IO-05_P2_LINEA1;OP=POPESCU_I
2026-05-20 23:09:29;CIP01;COND;0.7;mS/cm;OK;PRG=IO-05_P2_LINEA1;OP=POPESCU_I
2026-05-20 23:09:32;CIP01;TT_CIP;17.1;C;OK;PRG=IO-05_P2_LINEA1;OP=POPESCU_I
2026-05-20 23:09:34;CIP01;FT_CIP;10.0;m3/h;OK;PRG=IO-05_P2_LINEA1;OP=POPESCU_I
2026-05-20 23:09:38;CIP01;FASE_END;RISCIACQUO_FIN DUR=600s;;OK;PRG=IO-05_P2_LINEA1;OP=POPESCU_I
2026-05-20 23:09:49;CIP01;CYCLE_END;ESITO=PASS;;OK;PRG=IO-05_P2_LINEA1;OP=POPESCU_I
2026-05-21 22:10:00;CIP01;CYCLE_START;P2_LINEA1;;OK;PRG=IO-05_P2_LINEA1;OP=BISSOLI_M
2026-05-21 22:10:04;CIP01;TANK_LEVEL_SODA;67;%;OK;PRG=IO-05_P2_LINEA1;OP=BISSOLI_M
2026-05-21 22:10:08;CIP01;FASE_START;PRERISCIACQUO;;OK;PRG=IO-05_P2_LINEA1;OP=BISSOLI_M
2026-05-21 22:15:08;CIP01;COND;4.3;mS/cm;OK;PRG=IO-05_P2_LINEA1;OP=BISSOLI_M
2026-05-21 22:15:11;CIP01;TT_CIP;18.7;C;OK;PRG=IO-05_P2_LINEA1;OP=BISSOLI_M
2026-05-21 22:15:13;CIP01;FT_CIP;9.1;m3/h;OK;PRG=IO-05_P2_LINEA1;OP=BISSOLI_M
2026-05-21 22:15:16;CIP01;FASE_START;SODA_2PC;;OK;PRG=IO-05_P2_LINEA1;OP=BISSOLI_M
2026-05-21 22:15:17;CIP01;FASE_END;PRERISCIACQUO DUR=300s;;OK;PRG=IO-05_P2_LINEA1;OP=BISSOLI_M
2026-05-21 22:20:16;CIP01;COND;41.5;mS/cm;WARN;PRG=IO-05_P2_LINEA1;OP=BISSOLI_M
2026-05-21 22:20:19;CIP01;TT_CIP;74.8;C;OK;PRG=IO-05_P2_LINEA1;OP=BISSOLI_M
2026-05-21 22:25:16;CIP01;COND;39.7;mS/cm;WARN;PRG=IO-05_P2_LINEA1;OP=BISSOLI_M
2026-05-21 22:25:19;CIP01;TT_CIP;74.3;C;OK;PRG=IO-05_P2_LINEA1;OP=BISSOLI_M
2026-05-21 22:25:26;CIP01;ALM_LOW_COND;COND<45.0 SODA_2PC;;ALARM;PRG=IO-05_P2_LINEA1;OP=BISSOLI_M
2026-05-21 22:25:30;CIP01;CIP_ABORT;FASE=SODA_2PC;;ALARM;PRG=IO-05_P2_LINEA1;OP=BISSOLI_M
2026-05-21 22:25:34;CIP01;CYCLE_END;ESITO=ABORT;;ALARM;PRG=IO-05_P2_LINEA1;OP=BISSOLI_M
2026-05-21 22:34:16;CIP01;DOSING_SODA;RABBOCCO_MANUALE;;OK;PRG=IO-05_P2_LINEA1;OP=BISSOLI_M
2026-05-21 23:02:16;CIP01;CYCLE_START;P2_LINEA1;;OK;PRG=IO-05_P2_LINEA1;OP=BISSOLI_M
2026-05-21 23:02:20;CIP01;TANK_LEVEL_SODA;63;%;OK;PRG=IO-05_P2_LINEA1;OP=BISSOLI_M
2026-05-21 23:02:24;CIP01;FASE_START;PRERISCIACQUO;;OK;PRG=IO-05_P2_LINEA1;OP=BISSOLI_M
2026-05-21 23:07:24;CIP01;COND;4.6;mS/cm;OK;PRG=IO-05_P2_LINEA1;OP=BISSOLI_M
2026-05-21 23:07:27;CIP01;TT_CIP;20.4;C;OK;PRG=IO-05_P2_LINEA1;OP=BISSOLI_M
2026-05-21 23:07:29;CIP01;FT_CIP;9.8;m3/h;OK;PRG=IO-05_P2_LINEA1;OP=BISSOLI_M
2026-05-21 23:07:32;CIP01;FASE_START;SODA_2PC;;OK;PRG=IO-05_P2_LINEA1;OP=BISSOLI_M
2026-05-21 23:07:33;CIP01;FASE_END;PRERISCIACQUO DUR=300s;;OK;PRG=IO-05_P2_LINEA1;OP=BISSOLI_M
2026-05-21 23:12:32;CIP01;COND;72.4;mS/cm;OK;PRG=IO-05_P2_LINEA1;OP=BISSOLI_M
2026-05-21 23:12:35;CIP01;TT_CIP;75.0;C;OK;PRG=IO-05_P2_LINEA1;OP=BISSOLI_M
2026-05-21 23:17:32;CIP01;COND;73.0;mS/cm;OK;PRG=IO-05_P2_LINEA1;OP=BISSOLI_M
2026-05-21 23:17:35;CIP01;TT_CIP;75.8;C;OK;PRG=IO-05_P2_LINEA1;OP=BISSOLI_M
2026-05-21 23:22:32;CIP01;COND;77.2;mS/cm;OK;PRG=IO-05_P2_LINEA1;OP=BISSOLI_M
2026-05-21 23:22:35;CIP01;TT_CIP;75.8;C;OK;PRG=IO-05_P2_LINEA1;OP=BISSOLI_M
2026-05-21 23:27:32;CIP01;COND;71.5;mS/cm;OK;PRG=IO-05_P2_LINEA1;OP=BISSOLI_M
2026-05-21 23:27:35;CIP01;TT_CIP;75.0;C;OK;PRG=IO-05_P2_LINEA1;OP=BISSOLI_M
2026-05-21 23:27:37;CIP01;FT_CIP;8.6;m3/h;OK;PRG=IO-05_P2_LINEA1;OP=BISSOLI_M
2026-05-21 23:27:40;CIP01;FASE_START;RISCIACQUO_INT;;OK;PRG=IO-05_P2_LINEA1;OP=BISSOLI_M
2026-05-21 23:27:41;CIP01;FASE_END;SODA_2PC DUR=1200s;;OK;PRG=IO-05_P2_LINEA1;OP=BISSOLI_M
2026-05-21 23:32:40;CIP01;COND;1.6;mS/cm;OK;PRG=IO-05_P2_LINEA1;OP=BISSOLI_M
2026-05-21 23:32:43;CIP01;TT_CIP;42.6;C;OK;PRG=IO-05_P2_LINEA1;OP=BISSOLI_M
2026-05-21 23:32:45;CIP01;FT_CIP;9.5;m3/h;OK;PRG=IO-05_P2_LINEA1;OP=BISSOLI_M
2026-05-21 23:32:48;CIP01;FASE_START;ACIDO_HNO3_1.5PC;;OK;PRG=IO-05_P2_LINEA1;OP=BISSOLI_M
2026-05-21 23:32:49;CIP01;FASE_END;RISCIACQUO_INT DUR=300s;;OK;PRG=IO-05_P2_LINEA1;OP=BISSOLI_M
2026-05-21 23:37:48;CIP01;COND;47.1;mS/cm;OK;PRG=IO-05_P2_LINEA1;OP=BISSOLI_M
2026-05-21 23:37:51;CIP01;TT_CIP;58.0;C;OK;PRG=IO-05_P2_LINEA1;OP=BISSOLI_M
2026-05-21 23:42:48;CIP01;COND;44.4;mS/cm;OK;PRG=IO-05_P2_LINEA1;OP=BISSOLI_M
2026-05-21 23:42:51;CIP01;TT_CIP;60.9;C;OK;PRG=IO-05_P2_LINEA1;OP=BISSOLI_M
2026-05-21 23:47:48;CIP01;COND;45.8;mS/cm;OK;PRG=IO-05_P2_LINEA1;OP=BISSOLI_M
2026-05-21 23:47:51;CIP01;TT_CIP;60.7;C;OK;PRG=IO-05_P2_LINEA1;OP=BISSOLI_M
2026-05-21 23:47:53;CIP01;FT_CIP;8.6;m3/h;OK;PRG=IO-05_P2_LINEA1;OP=BISSOLI_M
2026-05-21 23:47:56;CIP01;FASE_START;SANIF_PAA;;OK;PRG=IO-05_P2_LINEA1;OP=BISSOLI_M
2026-05-21 23:47:57;CIP01;FASE_END;ACIDO_HNO3_1.5PC DUR=900s;;OK;PRG=IO-05_P2_LINEA1;OP=BISSOLI_M
2026-05-21 23:52:56;CIP01;COND;1.5;mS/cm;OK;PRG=IO-05_P2_LINEA1;OP=BISSOLI_M
2026-05-21 23:52:59;CIP01;TT_CIP;19.7;C;OK;PRG=IO-05_P2_LINEA1;OP=BISSOLI_M
2026-05-21 23:57:56;CIP01;COND;1.8;mS/cm;OK;PRG=IO-05_P2_LINEA1;OP=BISSOLI_M
2026-05-21 23:57:59;CIP01;TT_CIP;23.8;C;OK;PRG=IO-05_P2_LINEA1;OP=BISSOLI_M
2026-05-21 23:58:01;CIP01;FT_CIP;8.9;m3/h;OK;PRG=IO-05_P2_LINEA1;OP=BISSOLI_M
2026-05-21 23:58:04;CIP01;FASE_START;RISCIACQUO_FIN;;OK;PRG=IO-05_P2_LINEA1;OP=BISSOLI_M
2026-05-21 23:58:05;CIP01;FASE_END;SANIF_PAA DUR=600s;;OK;PRG=IO-05_P2_LINEA1;OP=BISSOLI_M
2026-05-22 00:03:04;CIP01;COND;0.5;mS/cm;OK;PRG=IO-05_P2_LINEA1;OP=BISSOLI_M
2026-05-22 00:03:07;CIP01;TT_CIP;18.0;C;OK;PRG=IO-05_P2_LINEA1;OP=BISSOLI_M
2026-05-22 00:08:04;CIP01;COND;0.8;mS/cm;OK;PRG=IO-05_P2_LINEA1;OP=BISSOLI_M
2026-05-22 00:08:07;CIP01;TT_CIP;19.9;C;OK;PRG=IO-05_P2_LINEA1;OP=BISSOLI_M
2026-05-22 00:08:09;CIP01;FT_CIP;10.0;m3/h;OK;PRG=IO-05_P2_LINEA1;OP=BISSOLI_M
2026-05-22 00:08:13;CIP01;FASE_END;RISCIACQUO_FIN DUR=600s;;OK;PRG=IO-05_P2_LINEA1;OP=BISSOLI_M
2026-05-22 00:08:24;CIP01;CYCLE_END;ESITO=PASS;;OK;PRG=IO-05_P2_LINEA1;OP=BISSOLI_M
2026-05-22 22:06:12;CIP01;CYCLE_START;P2_LINEA1;;OK;PRG=IO-05_P2_LINEA1;OP=POPESCU_I
2026-05-22 22:06:16;CIP01;TANK_LEVEL_SODA;84;%;OK;PRG=IO-05_P2_LINEA1;OP=POPESCU_I
2026-05-22 22:06:20;CIP01;FASE_START;PRERISCIACQUO;;OK;PRG=IO-05_P2_LINEA1;OP=POPESCU_I
2026-05-22 22:11:20;CIP01;COND;3.9;mS/cm;OK;PRG=IO-05_P2_LINEA1;OP=POPESCU_I
2026-05-22 22:11:23;CIP01;TT_CIP;26.0;C;OK;PRG=IO-05_P2_LINEA1;OP=POPESCU_I
2026-05-22 22:11:25;CIP01;FT_CIP;9.3;m3/h;OK;PRG=IO-05_P2_LINEA1;OP=POPESCU_I
2026-05-22 22:11:28;CIP01;FASE_START;SODA_2PC;;OK;PRG=IO-05_P2_LINEA1;OP=POPESCU_I
2026-05-22 22:11:29;CIP01;FASE_END;PRERISCIACQUO DUR=300s;;OK;PRG=IO-05_P2_LINEA1;OP=POPESCU_I
2026-05-22 22:16:28;CIP01;COND;72.2;mS/cm;OK;PRG=IO-05_P2_LINEA1;OP=POPESCU_I
2026-05-22 22:16:31;CIP01;TT_CIP;75.7;C;OK;PRG=IO-05_P2_LINEA1;OP=POPESCU_I
2026-05-22 22:21:28;CIP01;COND;73.8;mS/cm;OK;PRG=IO-05_P2_LINEA1;OP=POPESCU_I
2026-05-22 22:21:31;CIP01;TT_CIP;74.7;C;OK;PRG=IO-05_P2_LINEA1;OP=POPESCU_I
2026-05-22 22:26:28;CIP01;COND;73.5;mS/cm;OK;PRG=IO-05_P2_LINEA1;OP=POPESCU_I
2026-05-22 22:26:31;CIP01;TT_CIP;74.7;C;OK;PRG=IO-05_P2_LINEA1;OP=POPESCU_I
2026-05-22 22:31:28;CIP01;COND;72.9;mS/cm;OK;PRG=IO-05_P2_LINEA1;OP=POPESCU_I
2026-05-22 22:31:31;CIP01;TT_CIP;75.9;C;OK;PRG=IO-05_P2_LINEA1;OP=POPESCU_I
2026-05-22 22:31:33;CIP01;FT_CIP;8.4;m3/h;OK;PRG=IO-05_P2_LINEA1;OP=POPESCU_I
2026-05-22 22:31:36;CIP01;FASE_START;RISCIACQUO_INT;;OK;PRG=IO-05_P2_LINEA1;OP=POPESCU_I
2026-05-22 22:31:37;CIP01;FASE_END;SODA_2PC DUR=1200s;;OK;PRG=IO-05_P2_LINEA1;OP=POPESCU_I
2026-05-22 22:36:36;CIP01;COND;5.9;mS/cm;OK;PRG=IO-05_P2_LINEA1;OP=POPESCU_I
2026-05-22 22:36:39;CIP01;TT_CIP;41.7;C;OK;PRG=IO-05_P2_LINEA1;OP=POPESCU_I
2026-05-22 22:36:41;CIP01;FT_CIP;9.5;m3/h;OK;PRG=IO-05_P2_LINEA1;OP=POPESCU_I
2026-05-22 22:36:44;CIP01;FASE_START;ACIDO_HNO3_1.5PC;;OK;PRG=IO-05_P2_LINEA1;OP=POPESCU_I
2026-05-22 22:36:45;CIP01;FASE_END;RISCIACQUO_INT DUR=300s;;OK;PRG=IO-05_P2_LINEA1;OP=POPESCU_I
2026-05-22 22:41:44;CIP01;COND;47.5;mS/cm;OK;PRG=IO-05_P2_LINEA1;OP=POPESCU_I
2026-05-22 22:41:47;CIP01;TT_CIP;59.2;C;OK;PRG=IO-05_P2_LINEA1;OP=POPESCU_I
2026-05-22 22:46:44;CIP01;COND;44.1;mS/cm;OK;PRG=IO-05_P2_LINEA1;OP=POPESCU_I
2026-05-22 22:46:47;CIP01;TT_CIP;60.5;C;OK;PRG=IO-05_P2_LINEA1;OP=POPESCU_I
2026-05-22 22:51:44;CIP01;COND;45.2;mS/cm;OK;PRG=IO-05_P2_LINEA1;OP=POPESCU_I
2026-05-22 22:51:47;CIP01;TT_CIP;58.7;C;OK;PRG=IO-05_P2_LINEA1;OP=POPESCU_I
2026-05-22 22:51:49;CIP01;FT_CIP;8.9;m3/h;OK;PRG=IO-05_P2_LINEA1;OP=POPESCU_I
2026-05-22 22:51:52;CIP01;FASE_START;SANIF_PAA;;OK;PRG=IO-05_P2_LINEA1;OP=POPESCU_I
2026-05-22 22:51:53;CIP01;FASE_END;ACIDO_HNO3_1.5PC DUR=900s;;OK;PRG=IO-05_P2_LINEA1;OP=POPESCU_I
2026-05-22 22:56:52;CIP01;COND;1.5;mS/cm;OK;PRG=IO-05_P2_LINEA1;OP=POPESCU_I
2026-05-22 22:56:55;CIP01;TT_CIP;22.9;C;OK;PRG=IO-05_P2_LINEA1;OP=POPESCU_I
2026-05-22 23:01:52;CIP01;COND;1.7;mS/cm;OK;PRG=IO-05_P2_LINEA1;OP=POPESCU_I
2026-05-22 23:01:55;CIP01;TT_CIP;22.1;C;OK;PRG=IO-05_P2_LINEA1;OP=POPESCU_I
2026-05-22 23:01:57;CIP01;FT_CIP;9.5;m3/h;OK;PRG=IO-05_P2_LINEA1;OP=POPESCU_I
2026-05-22 23:02:00;CIP01;FASE_START;RISCIACQUO_FIN;;OK;PRG=IO-05_P2_LINEA1;OP=POPESCU_I
2026-05-22 23:02:01;CIP01;FASE_END;SANIF_PAA DUR=600s;;OK;PRG=IO-05_P2_LINEA1;OP=POPESCU_I
2026-05-22 23:07:00;CIP01;COND;0.7;mS/cm;OK;PRG=IO-05_P2_LINEA1;OP=POPESCU_I
2026-05-22 23:07:03;CIP01;TT_CIP;18.0;C;OK;PRG=IO-05_P2_LINEA1;OP=POPESCU_I
2026-05-22 23:12:00;CIP01;COND;0.6;mS/cm;OK;PRG=IO-05_P2_LINEA1;OP=POPESCU_I
2026-05-22 23:12:03;CIP01;TT_CIP;16.4;C;OK;PRG=IO-05_P2_LINEA1;OP=POPESCU_I
2026-05-22 23:12:05;CIP01;FT_CIP;9.4;m3/h;OK;PRG=IO-05_P2_LINEA1;OP=POPESCU_I
2026-05-22 23:12:09;CIP01;FASE_END;RISCIACQUO_FIN DUR=600s;;OK;PRG=IO-05_P2_LINEA1;OP=POPESCU_I
2026-05-22 23:12:20;CIP01;CYCLE_END;ESITO=PASS;;OK;PRG=IO-05_P2_LINEA1;OP=POPESCU_I
2026-05-23 22:39:52;CIP01;CYCLE_START;P2_LINEA1;;OK;PRG=IO-05_P2_LINEA1;OP=BISSOLI_M
2026-05-23 22:39:56;CIP01;TANK_LEVEL_SODA;76;%;OK;PRG=IO-05_P2_LINEA1;OP=BISSOLI_M
2026-05-23 22:40:00;CIP01;FASE_START;PRERISCIACQUO;;OK;PRG=IO-05_P2_LINEA1;OP=BISSOLI_M
2026-05-23 22:45:00;CIP01;COND;3.0;mS/cm;OK;PRG=IO-05_P2_LINEA1;OP=BISSOLI_M
2026-05-23 22:45:03;CIP01;TT_CIP;19.6;C;OK;PRG=IO-05_P2_LINEA1;OP=BISSOLI_M
2026-05-23 22:45:05;CIP01;FT_CIP;9.3;m3/h;OK;PRG=IO-05_P2_LINEA1;OP=BISSOLI_M
2026-05-23 22:45:08;CIP01;FASE_START;SODA_2PC;;OK;PRG=IO-05_P2_LINEA1;OP=BISSOLI_M
2026-05-23 22:45:09;CIP01;FASE_END;PRERISCIACQUO DUR=300s;;OK;PRG=IO-05_P2_LINEA1;OP=BISSOLI_M
2026-05-23 22:50:08;CIP01;COND;75.3;mS/cm;OK;PRG=IO-05_P2_LINEA1;OP=BISSOLI_M
2026-05-23 22:50:11;CIP01;TT_CIP;75.0;C;OK;PRG=IO-05_P2_LINEA1;OP=BISSOLI_M
2026-05-23 22:55:08;CIP01;COND;72.7;mS/cm;OK;PRG=IO-05_P2_LINEA1;OP=BISSOLI_M
2026-05-23 22:55:11;CIP01;TT_CIP;75.7;C;OK;PRG=IO-05_P2_LINEA1;OP=BISSOLI_M
2026-05-23 23:00:08;CIP01;COND;72.2;mS/cm;OK;PRG=IO-05_P2_LINEA1;OP=BISSOLI_M
2026-05-23 23:00:11;CIP01;TT_CIP;74.3;C;OK;PRG=IO-05_P2_LINEA1;OP=BISSOLI_M
2026-05-23 23:05:08;CIP01;COND;72.5;mS/cm;OK;PRG=IO-05_P2_LINEA1;OP=BISSOLI_M
2026-05-23 23:05:11;CIP01;TT_CIP;76.0;C;OK;PRG=IO-05_P2_LINEA1;OP=BISSOLI_M
2026-05-23 23:05:13;CIP01;FT_CIP;8.5;m3/h;OK;PRG=IO-05_P2_LINEA1;OP=BISSOLI_M
2026-05-23 23:05:16;CIP01;FASE_START;RISCIACQUO_INT;;OK;PRG=IO-05_P2_LINEA1;OP=BISSOLI_M
2026-05-23 23:05:17;CIP01;FASE_END;SODA_2PC DUR=1200s;;OK;PRG=IO-05_P2_LINEA1;OP=BISSOLI_M
2026-05-23 23:10:16;CIP01;COND;3.4;mS/cm;OK;PRG=IO-05_P2_LINEA1;OP=BISSOLI_M
2026-05-23 23:10:19;CIP01;TT_CIP;42.2;C;OK;PRG=IO-05_P2_LINEA1;OP=BISSOLI_M
2026-05-23 23:10:21;CIP01;FT_CIP;9.5;m3/h;OK;PRG=IO-05_P2_LINEA1;OP=BISSOLI_M
2026-05-23 23:10:24;CIP01;FASE_START;ACIDO_HNO3_1.5PC;;OK;PRG=IO-05_P2_LINEA1;OP=BISSOLI_M
2026-05-23 23:10:25;CIP01;FASE_END;RISCIACQUO_INT DUR=300s;;OK;PRG=IO-05_P2_LINEA1;OP=BISSOLI_M
2026-05-23 23:15:24;CIP01;COND;46.5;mS/cm;OK;PRG=IO-05_P2_LINEA1;OP=BISSOLI_M
2026-05-23 23:15:27;CIP01;TT_CIP;57.1;C;OK;PRG=IO-05_P2_LINEA1;OP=BISSOLI_M
2026-05-23 23:20:24;CIP01;COND;46.2;mS/cm;OK;PRG=IO-05_P2_LINEA1;OP=BISSOLI_M
2026-05-23 23:20:27;CIP01;TT_CIP;60.0;C;OK;PRG=IO-05_P2_LINEA1;OP=BISSOLI_M
2026-05-23 23:25:24;CIP01;COND;44.2;mS/cm;OK;PRG=IO-05_P2_LINEA1;OP=BISSOLI_M
2026-05-23 23:25:27;CIP01;TT_CIP;56.9;C;OK;PRG=IO-05_P2_LINEA1;OP=BISSOLI_M
2026-05-23 23:25:29;CIP01;FT_CIP;9.0;m3/h;OK;PRG=IO-05_P2_LINEA1;OP=BISSOLI_M
2026-05-23 23:25:32;CIP01;FASE_START;SANIF_PAA;;OK;PRG=IO-05_P2_LINEA1;OP=BISSOLI_M
2026-05-23 23:25:33;CIP01;FASE_END;ACIDO_HNO3_1.5PC DUR=900s;;OK;PRG=IO-05_P2_LINEA1;OP=BISSOLI_M
2026-05-23 23:30:32;CIP01;COND;2.1;mS/cm;OK;PRG=IO-05_P2_LINEA1;OP=BISSOLI_M
2026-05-23 23:30:35;CIP01;TT_CIP;22.3;C;OK;PRG=IO-05_P2_LINEA1;OP=BISSOLI_M
2026-05-23 23:35:32;CIP01;COND;1.8;mS/cm;OK;PRG=IO-05_P2_LINEA1;OP=BISSOLI_M
2026-05-23 23:35:35;CIP01;TT_CIP;22.3;C;OK;PRG=IO-05_P2_LINEA1;OP=BISSOLI_M
2026-05-23 23:35:37;CIP01;FT_CIP;9.3;m3/h;OK;PRG=IO-05_P2_LINEA1;OP=BISSOLI_M
2026-05-23 23:35:40;CIP01;FASE_START;RISCIACQUO_FIN;;OK;PRG=IO-05_P2_LINEA1;OP=BISSOLI_M
2026-05-23 23:35:41;CIP01;FASE_END;SANIF_PAA DUR=600s;;OK;PRG=IO-05_P2_LINEA1;OP=BISSOLI_M
2026-05-23 23:40:40;CIP01;COND;0.4;mS/cm;OK;PRG=IO-05_P2_LINEA1;OP=BISSOLI_M
2026-05-23 23:40:43;CIP01;TT_CIP;18.5;C;OK;PRG=IO-05_P2_LINEA1;OP=BISSOLI_M
2026-05-23 23:45:40;CIP01;COND;0.7;mS/cm;OK;PRG=IO-05_P2_LINEA1;OP=BISSOLI_M
2026-05-23 23:45:43;CIP01;TT_CIP;18.9;C;OK;PRG=IO-05_P2_LINEA1;OP=BISSOLI_M
2026-05-23 23:45:45;CIP01;FT_CIP;9.7;m3/h;OK;PRG=IO-05_P2_LINEA1;OP=BISSOLI_M
2026-05-23 23:45:49;CIP01;FASE_END;RISCIACQUO_FIN DUR=600s;;OK;PRG=IO-05_P2_LINEA1;OP=BISSOLI_M
2026-05-23 23:46:00;CIP01;CYCLE_END;ESITO=PASS;;OK;PRG=IO-05_P2_LINEA1;OP=BISSOLI_M
2026-05-25 22:23:45;CIP01;CYCLE_START;P2_LINEA1;;OK;PRG=IO-05_P2_LINEA1;OP=BISSOLI_M
2026-05-25 22:23:49;CIP01;TANK_LEVEL_SODA;76;%;OK;PRG=IO-05_P2_LINEA1;OP=BISSOLI_M
2026-05-25 22:23:53;CIP01;FASE_START;PRERISCIACQUO;;OK;PRG=IO-05_P2_LINEA1;OP=BISSOLI_M
2026-05-25 22:28:53;CIP01;COND;3.1;mS/cm;OK;PRG=IO-05_P2_LINEA1;OP=BISSOLI_M
2026-05-25 22:28:56;CIP01;TT_CIP;20.9;C;OK;PRG=IO-05_P2_LINEA1;OP=BISSOLI_M
2026-05-25 22:28:58;CIP01;FT_CIP;9.4;m3/h;OK;PRG=IO-05_P2_LINEA1;OP=BISSOLI_M
2026-05-25 22:29:01;CIP01;FASE_START;SODA_2PC;;OK;PRG=IO-05_P2_LINEA1;OP=BISSOLI_M
2026-05-25 22:29:02;CIP01;FASE_END;PRERISCIACQUO DUR=300s;;OK;PRG=IO-05_P2_LINEA1;OP=BISSOLI_M
2026-05-25 22:34:01;CIP01;COND;75.0;mS/cm;OK;PRG=IO-05_P2_LINEA1;OP=BISSOLI_M
2026-05-25 22:34:04;CIP01;TT_CIP;75.2;C;OK;PRG=IO-05_P2_LINEA1;OP=BISSOLI_M
2026-05-25 22:39:01;CIP01;COND;75.9;mS/cm;OK;PRG=IO-05_P2_LINEA1;OP=BISSOLI_M
2026-05-25 22:39:04;CIP01;TT_CIP;74.5;C;OK;PRG=IO-05_P2_LINEA1;OP=BISSOLI_M
2026-05-25 22:44:01;CIP01;COND;73.5;mS/cm;OK;PRG=IO-05_P2_LINEA1;OP=BISSOLI_M
2026-05-25 22:44:04;CIP01;TT_CIP;74.8;C;OK;PRG=IO-05_P2_LINEA1;OP=BISSOLI_M
2026-05-25 22:49:01;CIP01;COND;71.6;mS/cm;OK;PRG=IO-05_P2_LINEA1;OP=BISSOLI_M
2026-05-25 22:49:04;CIP01;TT_CIP;75.2;C;OK;PRG=IO-05_P2_LINEA1;OP=BISSOLI_M
2026-05-25 22:49:06;CIP01;FT_CIP;9.1;m3/h;OK;PRG=IO-05_P2_LINEA1;OP=BISSOLI_M
2026-05-25 22:49:09;CIP01;FASE_START;RISCIACQUO_INT;;OK;PRG=IO-05_P2_LINEA1;OP=BISSOLI_M
2026-05-25 22:49:10;CIP01;FASE_END;SODA_2PC DUR=1200s;;OK;PRG=IO-05_P2_LINEA1;OP=BISSOLI_M
2026-05-25 22:54:09;CIP01;COND;6.5;mS/cm;OK;PRG=IO-05_P2_LINEA1;OP=BISSOLI_M
2026-05-25 22:54:12;CIP01;TT_CIP;42.6;C;OK;PRG=IO-05_P2_LINEA1;OP=BISSOLI_M
2026-05-25 22:54:14;CIP01;FT_CIP;9.5;m3/h;OK;PRG=IO-05_P2_LINEA1;OP=BISSOLI_M
2026-05-25 22:54:17;CIP01;FASE_START;ACIDO_HNO3_1.5PC;;OK;PRG=IO-05_P2_LINEA1;OP=BISSOLI_M
2026-05-25 22:54:18;CIP01;FASE_END;RISCIACQUO_INT DUR=300s;;OK;PRG=IO-05_P2_LINEA1;OP=BISSOLI_M
2026-05-25 22:59:17;CIP01;COND;45.2;mS/cm;OK;PRG=IO-05_P2_LINEA1;OP=BISSOLI_M
2026-05-25 22:59:20;CIP01;TT_CIP;57.5;C;OK;PRG=IO-05_P2_LINEA1;OP=BISSOLI_M
2026-05-25 23:04:17;CIP01;COND;46.4;mS/cm;OK;PRG=IO-05_P2_LINEA1;OP=BISSOLI_M
2026-05-25 23:04:20;CIP01;TT_CIP;56.4;C;OK;PRG=IO-05_P2_LINEA1;OP=BISSOLI_M
2026-05-25 23:09:17;CIP01;COND;44.5;mS/cm;OK;PRG=IO-05_P2_LINEA1;OP=BISSOLI_M
2026-05-25 23:09:20;CIP01;TT_CIP;60.6;C;OK;PRG=IO-05_P2_LINEA1;OP=BISSOLI_M
2026-05-25 23:09:22;CIP01;FT_CIP;9.2;m3/h;OK;PRG=IO-05_P2_LINEA1;OP=BISSOLI_M
2026-05-25 23:09:25;CIP01;FASE_START;SANIF_PAA;;OK;PRG=IO-05_P2_LINEA1;OP=BISSOLI_M
2026-05-25 23:09:26;CIP01;FASE_END;ACIDO_HNO3_1.5PC DUR=900s;;OK;PRG=IO-05_P2_LINEA1;OP=BISSOLI_M
2026-05-25 23:14:25;CIP01;COND;1.8;mS/cm;OK;PRG=IO-05_P2_LINEA1;OP=BISSOLI_M
2026-05-25 23:14:28;CIP01;TT_CIP;22.3;C;OK;PRG=IO-05_P2_LINEA1;OP=BISSOLI_M
2026-05-25 23:19:25;CIP01;COND;1.9;mS/cm;OK;PRG=IO-05_P2_LINEA1;OP=BISSOLI_M
2026-05-25 23:19:28;CIP01;TT_CIP;21.7;C;OK;PRG=IO-05_P2_LINEA1;OP=BISSOLI_M
2026-05-25 23:19:30;CIP01;FT_CIP;9.1;m3/h;OK;PRG=IO-05_P2_LINEA1;OP=BISSOLI_M
2026-05-25 23:19:33;CIP01;FASE_START;RISCIACQUO_FIN;;OK;PRG=IO-05_P2_LINEA1;OP=BISSOLI_M
2026-05-25 23:19:34;CIP01;FASE_END;SANIF_PAA DUR=600s;;OK;PRG=IO-05_P2_LINEA1;OP=BISSOLI_M
2026-05-25 23:24:33;CIP01;COND;0.8;mS/cm;OK;PRG=IO-05_P2_LINEA1;OP=BISSOLI_M
2026-05-25 23:24:36;CIP01;TT_CIP;18.2;C;OK;PRG=IO-05_P2_LINEA1;OP=BISSOLI_M
2026-05-25 23:29:33;CIP01;COND;0.7;mS/cm;OK;PRG=IO-05_P2_LINEA1;OP=BISSOLI_M
2026-05-25 23:29:36;CIP01;TT_CIP;19.0;C;OK;PRG=IO-05_P2_LINEA1;OP=BISSOLI_M
2026-05-25 23:29:38;CIP01;FT_CIP;9.5;m3/h;OK;PRG=IO-05_P2_LINEA1;OP=BISSOLI_M
2026-05-25 23:29:42;CIP01;FASE_END;RISCIACQUO_FIN DUR=600s;;OK;PRG=IO-05_P2_LINEA1;OP=BISSOLI_M
2026-05-25 23:29:53;CIP01;CYCLE_END;ESITO=PASS;;OK;PRG=IO-05_P2_LINEA1;OP=BISSOLI_M
2026-05-26 23:04:24;CIP01;CYCLE_START;P2_LINEA1;;OK;PRG=IO-05_P2_LINEA1;OP=BISSOLI_M
2026-05-26 23:04:28;CIP01;TANK_LEVEL_SODA;68;%;OK;PRG=IO-05_P2_LINEA1;OP=BISSOLI_M
2026-05-26 23:04:32;CIP01;FASE_START;PRERISCIACQUO;;OK;PRG=IO-05_P2_LINEA1;OP=BISSOLI_M
2026-05-26 23:09:32;CIP01;COND;3.0;mS/cm;OK;PRG=IO-05_P2_LINEA1;OP=BISSOLI_M
2026-05-26 23:09:35;CIP01;TT_CIP;21.0;C;OK;PRG=IO-05_P2_LINEA1;OP=BISSOLI_M
2026-05-26 23:09:37;CIP01;FT_CIP;9.2;m3/h;OK;PRG=IO-05_P2_LINEA1;OP=BISSOLI_M
2026-05-26 23:09:40;CIP01;FASE_START;SODA_2PC;;OK;PRG=IO-05_P2_LINEA1;OP=BISSOLI_M
2026-05-26 23:09:41;CIP01;FASE_END;PRERISCIACQUO DUR=300s;;OK;PRG=IO-05_P2_LINEA1;OP=BISSOLI_M
2026-05-26 23:14:40;CIP01;COND;78.2;mS/cm;OK;PRG=IO-05_P2_LINEA1;OP=BISSOLI_M
2026-05-26 23:14:43;CIP01;TT_CIP;75.2;C;OK;PRG=IO-05_P2_LINEA1;OP=BISSOLI_M
2026-05-26 23:19:40;CIP01;COND;78.3;mS/cm;OK;PRG=IO-05_P2_LINEA1;OP=BISSOLI_M
2026-05-26 23:19:43;CIP01;TT_CIP;75.7;C;OK;PRG=IO-05_P2_LINEA1;OP=BISSOLI_M
2026-05-26 23:24:40;CIP01;COND;75.9;mS/cm;OK;PRG=IO-05_P2_LINEA1;OP=BISSOLI_M
2026-05-26 23:24:43;CIP01;TT_CIP;75.4;C;OK;PRG=IO-05_P2_LINEA1;OP=BISSOLI_M
2026-05-26 23:29:40;CIP01;COND;71.5;mS/cm;OK;PRG=IO-05_P2_LINEA1;OP=BISSOLI_M
2026-05-26 23:29:43;CIP01;TT_CIP;74.7;C;OK;PRG=IO-05_P2_LINEA1;OP=BISSOLI_M
2026-05-26 23:29:45;CIP01;FT_CIP;9.2;m3/h;OK;PRG=IO-05_P2_LINEA1;OP=BISSOLI_M
2026-05-26 23:29:48;CIP01;FASE_START;RISCIACQUO_INT;;OK;PRG=IO-05_P2_LINEA1;OP=BISSOLI_M
2026-05-26 23:29:49;CIP01;FASE_END;SODA_2PC DUR=1200s;;OK;PRG=IO-05_P2_LINEA1;OP=BISSOLI_M
2026-05-26 23:34:48;CIP01;COND;3.6;mS/cm;OK;PRG=IO-05_P2_LINEA1;OP=BISSOLI_M
2026-05-26 23:34:51;CIP01;TT_CIP;41.4;C;OK;PRG=IO-05_P2_LINEA1;OP=BISSOLI_M
2026-05-26 23:34:53;CIP01;FT_CIP;9.4;m3/h;OK;PRG=IO-05_P2_LINEA1;OP=BISSOLI_M
2026-05-26 23:34:56;CIP01;FASE_START;ACIDO_HNO3_1.5PC;;OK;PRG=IO-05_P2_LINEA1;OP=BISSOLI_M
2026-05-26 23:34:57;CIP01;FASE_END;RISCIACQUO_INT DUR=300s;;OK;PRG=IO-05_P2_LINEA1;OP=BISSOLI_M
2026-05-26 23:39:56;CIP01;COND;47.1;mS/cm;OK;PRG=IO-05_P2_LINEA1;OP=BISSOLI_M
2026-05-26 23:39:59;CIP01;TT_CIP;58.0;C;OK;PRG=IO-05_P2_LINEA1;OP=BISSOLI_M
2026-05-26 23:44:56;CIP01;COND;44.8;mS/cm;OK;PRG=IO-05_P2_LINEA1;OP=BISSOLI_M
2026-05-26 23:44:59;CIP01;TT_CIP;59.3;C;OK;PRG=IO-05_P2_LINEA1;OP=BISSOLI_M
2026-05-26 23:49:56;CIP01;COND;43.6;mS/cm;OK;PRG=IO-05_P2_LINEA1;OP=BISSOLI_M
2026-05-26 23:49:59;CIP01;TT_CIP;58.7;C;OK;PRG=IO-05_P2_LINEA1;OP=BISSOLI_M
2026-05-26 23:50:01;CIP01;FT_CIP;8.8;m3/h;OK;PRG=IO-05_P2_LINEA1;OP=BISSOLI_M
2026-05-26 23:50:04;CIP01;FASE_START;SANIF_PAA;;OK;PRG=IO-05_P2_LINEA1;OP=BISSOLI_M
2026-05-26 23:50:05;CIP01;FASE_END;ACIDO_HNO3_1.5PC DUR=900s;;OK;PRG=IO-05_P2_LINEA1;OP=BISSOLI_M
2026-05-26 23:55:04;CIP01;COND;1.6;mS/cm;OK;PRG=IO-05_P2_LINEA1;OP=BISSOLI_M
2026-05-26 23:55:07;CIP01;TT_CIP;23.4;C;OK;PRG=IO-05_P2_LINEA1;OP=BISSOLI_M
2026-05-27 00:00:04;CIP01;COND;1.7;mS/cm;OK;PRG=IO-05_P2_LINEA1;OP=BISSOLI_M
2026-05-27 00:00:07;CIP01;TT_CIP;22.5;C;OK;PRG=IO-05_P2_LINEA1;OP=BISSOLI_M
2026-05-27 00:00:09;CIP01;FT_CIP;9.3;m3/h;OK;PRG=IO-05_P2_LINEA1;OP=BISSOLI_M
2026-05-27 00:00:12;CIP01;FASE_START;RISCIACQUO_FIN;;OK;PRG=IO-05_P2_LINEA1;OP=BISSOLI_M
2026-05-27 00:00:13;CIP01;FASE_END;SANIF_PAA DUR=600s;;OK;PRG=IO-05_P2_LINEA1;OP=BISSOLI_M
2026-05-27 00:05:12;CIP01;COND;0.8;mS/cm;OK;PRG=IO-05_P2_LINEA1;OP=BISSOLI_M
2026-05-27 00:05:15;CIP01;TT_CIP;19.7;C;OK;PRG=IO-05_P2_LINEA1;OP=BISSOLI_M
2026-05-27 00:10:12;CIP01;COND;0.7;mS/cm;OK;PRG=IO-05_P2_LINEA1;OP=BISSOLI_M
2026-05-27 00:10:15;CIP01;TT_CIP;16.9;C;OK;PRG=IO-05_P2_LINEA1;OP=BISSOLI_M
2026-05-27 00:10:17;CIP01;FT_CIP;9.8;m3/h;OK;PRG=IO-05_P2_LINEA1;OP=BISSOLI_M
2026-05-27 00:10:21;CIP01;FASE_END;RISCIACQUO_FIN DUR=600s;;OK;PRG=IO-05_P2_LINEA1;OP=BISSOLI_M
2026-05-27 00:10:32;CIP01;CYCLE_END;ESITO=PASS;;OK;PRG=IO-05_P2_LINEA1;OP=BISSOLI_M
2026-05-27 23:13:14;CIP01;CYCLE_START;P2_LINEA1;;OK;PRG=IO-05_P2_LINEA1;OP=BISSOLI_M
2026-05-27 23:13:18;CIP01;TANK_LEVEL_SODA;78;%;OK;PRG=IO-05_P2_LINEA1;OP=BISSOLI_M
2026-05-27 23:13:22;CIP01;FASE_START;PRERISCIACQUO;;OK;PRG=IO-05_P2_LINEA1;OP=BISSOLI_M
2026-05-27 23:18:22;CIP01;COND;4.7;mS/cm;OK;PRG=IO-05_P2_LINEA1;OP=BISSOLI_M
2026-05-27 23:18:25;CIP01;TT_CIP;23.7;C;OK;PRG=IO-05_P2_LINEA1;OP=BISSOLI_M
2026-05-27 23:18:27;CIP01;FT_CIP;9.8;m3/h;OK;PRG=IO-05_P2_LINEA1;OP=BISSOLI_M
2026-05-27 23:18:30;CIP01;FASE_START;SODA_2PC;;OK;PRG=IO-05_P2_LINEA1;OP=BISSOLI_M
2026-05-27 23:18:31;CIP01;FASE_END;PRERISCIACQUO DUR=300s;;OK;PRG=IO-05_P2_LINEA1;OP=BISSOLI_M
2026-05-27 23:23:30;CIP01;COND;71.7;mS/cm;OK;PRG=IO-05_P2_LINEA1;OP=BISSOLI_M
2026-05-27 23:23:33;CIP01;TT_CIP;74.3;C;OK;PRG=IO-05_P2_LINEA1;OP=BISSOLI_M
2026-05-27 23:28:30;CIP01;COND;75.8;mS/cm;OK;PRG=IO-05_P2_LINEA1;OP=BISSOLI_M
2026-05-27 23:28:33;CIP01;TT_CIP;75.9;C;OK;PRG=IO-05_P2_LINEA1;OP=BISSOLI_M
2026-05-27 23:33:30;CIP01;COND;77.6;mS/cm;OK;PRG=IO-05_P2_LINEA1;OP=BISSOLI_M
2026-05-27 23:33:33;CIP01;TT_CIP;74.0;C;OK;PRG=IO-05_P2_LINEA1;OP=BISSOLI_M
2026-05-27 23:38:30;CIP01;COND;74.3;mS/cm;OK;PRG=IO-05_P2_LINEA1;OP=BISSOLI_M
2026-05-27 23:38:33;CIP01;TT_CIP;75.3;C;OK;PRG=IO-05_P2_LINEA1;OP=BISSOLI_M
2026-05-27 23:38:35;CIP01;FT_CIP;8.6;m3/h;OK;PRG=IO-05_P2_LINEA1;OP=BISSOLI_M
2026-05-27 23:38:38;CIP01;FASE_START;RISCIACQUO_INT;;OK;PRG=IO-05_P2_LINEA1;OP=BISSOLI_M
2026-05-27 23:38:39;CIP01;FASE_END;SODA_2PC DUR=1200s;;OK;PRG=IO-05_P2_LINEA1;OP=BISSOLI_M
2026-05-27 23:43:38;CIP01;COND;6.5;mS/cm;OK;PRG=IO-05_P2_LINEA1;OP=BISSOLI_M
2026-05-27 23:43:41;CIP01;TT_CIP;38.7;C;OK;PRG=IO-05_P2_LINEA1;OP=BISSOLI_M
2026-05-27 23:43:43;CIP01;FT_CIP;9.6;m3/h;OK;PRG=IO-05_P2_LINEA1;OP=BISSOLI_M
2026-05-27 23:43:46;CIP01;FASE_START;ACIDO_HNO3_1.5PC;;OK;PRG=IO-05_P2_LINEA1;OP=BISSOLI_M
2026-05-27 23:43:47;CIP01;FASE_END;RISCIACQUO_INT DUR=300s;;OK;PRG=IO-05_P2_LINEA1;OP=BISSOLI_M
2026-05-27 23:48:46;CIP01;COND;43.8;mS/cm;OK;PRG=IO-05_P2_LINEA1;OP=BISSOLI_M
2026-05-27 23:48:49;CIP01;TT_CIP;57.1;C;OK;PRG=IO-05_P2_LINEA1;OP=BISSOLI_M
2026-05-27 23:53:46;CIP01;COND;43.0;mS/cm;OK;PRG=IO-05_P2_LINEA1;OP=BISSOLI_M
2026-05-27 23:53:49;CIP01;TT_CIP;58.1;C;OK;PRG=IO-05_P2_LINEA1;OP=BISSOLI_M
2026-05-27 23:58:46;CIP01;COND;47.4;mS/cm;OK;PRG=IO-05_P2_LINEA1;OP=BISSOLI_M
2026-05-27 23:58:49;CIP01;TT_CIP;56.2;C;OK;PRG=IO-05_P2_LINEA1;OP=BISSOLI_M
2026-05-27 23:58:51;CIP01;FT_CIP;9.2;m3/h;OK;PRG=IO-05_P2_LINEA1;OP=BISSOLI_M
2026-05-27 23:58:54;CIP01;FASE_START;SANIF_PAA;;OK;PRG=IO-05_P2_LINEA1;OP=BISSOLI_M
2026-05-27 23:58:55;CIP01;FASE_END;ACIDO_HNO3_1.5PC DUR=900s;;OK;PRG=IO-05_P2_LINEA1;OP=BISSOLI_M
2026-05-28 00:03:54;CIP01;COND;1.5;mS/cm;OK;PRG=IO-05_P2_LINEA1;OP=BISSOLI_M
2026-05-28 00:03:57;CIP01;TT_CIP;20.8;C;OK;PRG=IO-05_P2_LINEA1;OP=BISSOLI_M
2026-05-28 00:08:54;CIP01;COND;2.2;mS/cm;OK;PRG=IO-05_P2_LINEA1;OP=BISSOLI_M
2026-05-28 00:08:57;CIP01;TT_CIP;21.2;C;OK;PRG=IO-05_P2_LINEA1;OP=BISSOLI_M
2026-05-28 00:08:59;CIP01;FT_CIP;9.2;m3/h;OK;PRG=IO-05_P2_LINEA1;OP=BISSOLI_M
2026-05-28 00:09:02;CIP01;FASE_START;RISCIACQUO_FIN;;OK;PRG=IO-05_P2_LINEA1;OP=BISSOLI_M
2026-05-28 00:09:03;CIP01;FASE_END;SANIF_PAA DUR=600s;;OK;PRG=IO-05_P2_LINEA1;OP=BISSOLI_M
2026-05-28 00:14:02;CIP01;COND;-999.9;mS/cm;FAULT;PRG=IO-05_P2_LINEA1;OP=BISSOLI_M
2026-05-28 00:14:05;CIP01;TT_CIP;16.9;C;OK;PRG=IO-05_P2_LINEA1;OP=BISSOLI_M
2026-05-28 00:14:08;CIP01;ALM_COND_PROBE;OPEN_CIRCUIT;;ALARM;PRG=IO-05_P2_LINEA1;OP=BISSOLI_M
2026-05-28 00:19:02;CIP01;COND;0.8;mS/cm;OK;PRG=IO-05_P2_LINEA1;OP=BISSOLI_M
2026-05-28 00:19:05;CIP01;TT_CIP;18.3;C;OK;PRG=IO-05_P2_LINEA1;OP=BISSOLI_M
2026-05-28 00:19:07;CIP01;FT_CIP;9.9;m3/h;OK;PRG=IO-05_P2_LINEA1;OP=BISSOLI_M
2026-05-28 00:19:11;CIP01;FASE_END;RISCIACQUO_FIN DUR=600s;;OK;PRG=IO-05_P2_LINEA1;OP=BISSOLI_M
2026-05-28 00:19:22;CIP01;CYCLE_END;ESITO=PASS;;WARN;PRG=IO-05_P2_LINEA1;OP=BISSOLI_M
2026-05-28 00:19:24;CIP01;NOTE_SYS;WRN=COND_PROBE VERIFICA MANUALE RICHIESTA;;WARN;PRG=IO-05_P2_LINEA1;OP=BISSOLI_M
2026-05-28 22:43:20;CIP01;CYCLE_START;P2_LINEA1;;OK;PRG=IO-05_P2_LINEA1;OP=BISSOLI_M
2026-05-28 22:43:24;CIP01;TANK_LEVEL_SODA;84;%;OK;PRG=IO-05_P2_LINEA1;OP=BISSOLI_M
2026-05-28 22:43:28;CIP01;FASE_START;PRERISCIACQUO;;OK;PRG=IO-05_P2_LINEA1;OP=BISSOLI_M
2026-05-28 22:48:28;CIP01;COND;3.7;mS/cm;OK;PRG=IO-05_P2_LINEA1;OP=BISSOLI_M
2026-05-28 22:48:31;CIP01;TT_CIP;21.8;C;OK;PRG=IO-05_P2_LINEA1;OP=BISSOLI_M
2026-05-28 22:48:33;CIP01;FT_CIP;9.6;m3/h;OK;PRG=IO-05_P2_LINEA1;OP=BISSOLI_M
2026-05-28 22:48:36;CIP01;FASE_START;SODA_2PC;;OK;PRG=IO-05_P2_LINEA1;OP=BISSOLI_M
2026-05-28 22:48:37;CIP01;FASE_END;PRERISCIACQUO DUR=300s;;OK;PRG=IO-05_P2_LINEA1;OP=BISSOLI_M
2026-05-28 22:53:36;CIP01;COND;78.2;mS/cm;OK;PRG=IO-05_P2_LINEA1;OP=BISSOLI_M
2026-05-28 22:53:39;CIP01;TT_CIP;75.9;C;OK;PRG=IO-05_P2_LINEA1;OP=BISSOLI_M
2026-05-28 22:58:36;CIP01;COND;72.3;mS/cm;OK;PRG=IO-05_P2_LINEA1;OP=BISSOLI_M
2026-05-28 22:58:39;CIP01;TT_CIP;75.7;C;OK;PRG=IO-05_P2_LINEA1;OP=BISSOLI_M
2026-05-28 23:03:36;CIP01;COND;75.1;mS/cm;OK;PRG=IO-05_P2_LINEA1;OP=BISSOLI_M
2026-05-28 23:03:39;CIP01;TT_CIP;74.9;C;OK;PRG=IO-05_P2_LINEA1;OP=BISSOLI_M
2026-05-28 23:08:36;CIP01;COND;71.9;mS/cm;OK;PRG=IO-05_P2_LINEA1;OP=BISSOLI_M
2026-05-28 23:08:39;CIP01;TT_CIP;75.0;C;OK;PRG=IO-05_P2_LINEA1;OP=BISSOLI_M
2026-05-28 23:08:41;CIP01;FT_CIP;9.1;m3/h;OK;PRG=IO-05_P2_LINEA1;OP=BISSOLI_M
2026-05-28 23:08:44;CIP01;FASE_START;RISCIACQUO_INT;;OK;PRG=IO-05_P2_LINEA1;OP=BISSOLI_M
2026-05-28 23:08:45;CIP01;FASE_END;SODA_2PC DUR=1200s;;OK;PRG=IO-05_P2_LINEA1;OP=BISSOLI_M
2026-05-28 23:13:44;CIP01;COND;1.1;mS/cm;OK;PRG=IO-05_P2_LINEA1;OP=BISSOLI_M
2026-05-28 23:13:47;CIP01;TT_CIP;41.6;C;OK;PRG=IO-05_P2_LINEA1;OP=BISSOLI_M
2026-05-28 23:13:49;CIP01;FT_CIP;9.8;m3/h;OK;PRG=IO-05_P2_LINEA1;OP=BISSOLI_M
2026-05-28 23:13:52;CIP01;FASE_START;ACIDO_HNO3_1.5PC;;OK;PRG=IO-05_P2_LINEA1;OP=BISSOLI_M
2026-05-28 23:13:53;CIP01;FASE_END;RISCIACQUO_INT DUR=300s;;OK;PRG=IO-05_P2_LINEA1;OP=BISSOLI_M
2026-05-28 23:18:52;CIP01;COND;44.1;mS/cm;OK;PRG=IO-05_P2_LINEA1;OP=BISSOLI_M
2026-05-28 23:18:55;CIP01;TT_CIP;60.5;C;OK;PRG=IO-05_P2_LINEA1;OP=BISSOLI_M
2026-05-28 23:23:52;CIP01;COND;48.4;mS/cm;OK;PRG=IO-05_P2_LINEA1;OP=BISSOLI_M
2026-05-28 23:23:55;CIP01;TT_CIP;58.5;C;OK;PRG=IO-05_P2_LINEA1;OP=BISSOLI_M
2026-05-28 23:28:52;CIP01;COND;48.1;mS/cm;OK;PRG=IO-05_P2_LINEA1;OP=BISSOLI_M
2026-05-28 23:28:55;CIP01;TT_CIP;57.4;C;OK;PRG=IO-05_P2_LINEA1;OP=BISSOLI_M
2026-05-28 23:28:57;CIP01;FT_CIP;8.8;m3/h;OK;PRG=IO-05_P2_LINEA1;OP=BISSOLI_M
2026-05-28 23:29:00;CIP01;FASE_START;SANIF_PAA;;OK;PRG=IO-05_P2_LINEA1;OP=BISSOLI_M
2026-05-28 23:29:01;CIP01;FASE_END;ACIDO_HNO3_1.5PC DUR=900s;;OK;PRG=IO-05_P2_LINEA1;OP=BISSOLI_M
2026-05-28 23:34:00;CIP01;COND;1.9;mS/cm;OK;PRG=IO-05_P2_LINEA1;OP=BISSOLI_M
2026-05-28 23:34:03;CIP01;TT_CIP;21.5;C;OK;PRG=IO-05_P2_LINEA1;OP=BISSOLI_M
2026-05-28 23:39:00;CIP01;COND;1.8;mS/cm;OK;PRG=IO-05_P2_LINEA1;OP=BISSOLI_M
2026-05-28 23:39:03;CIP01;TT_CIP;23.4;C;OK;PRG=IO-05_P2_LINEA1;OP=BISSOLI_M
2026-05-28 23:39:05;CIP01;FT_CIP;9.2;m3/h;OK;PRG=IO-05_P2_LINEA1;OP=BISSOLI_M
2026-05-28 23:39:08;CIP01;FASE_START;RISCIACQUO_FIN;;OK;PRG=IO-05_P2_LINEA1;OP=BISSOLI_M
2026-05-28 23:39:09;CIP01;FASE_END;SANIF_PAA DUR=600s;;OK;PRG=IO-05_P2_LINEA1;OP=BISSOLI_M
2026-05-28 23:44:08;CIP01;COND;0.3;mS/cm;OK;PRG=IO-05_P2_LINEA1;OP=BISSOLI_M
2026-05-28 23:44:11;CIP01;TT_CIP;18.7;C;OK;PRG=IO-05_P2_LINEA1;OP=BISSOLI_M
2026-05-28 23:49:08;CIP01;COND;0.3;mS/cm;OK;PRG=IO-05_P2_LINEA1;OP=BISSOLI_M
2026-05-28 23:49:11;CIP01;TT_CIP;17.8;C;OK;PRG=IO-05_P2_LINEA1;OP=BISSOLI_M
2026-05-28 23:49:13;CIP01;FT_CIP;9.8;m3/h;OK;PRG=IO-05_P2_LINEA1;OP=BISSOLI_M
2026-05-28 23:49:17;CIP01;FASE_END;RISCIACQUO_FIN DUR=600s;;OK;PRG=IO-05_P2_LINEA1;OP=BISSOLI_M
2026-05-28 23:49:28;CIP01;CYCLE_END;ESITO=PASS;;OK;PRG=IO-05_P2_LINEA1;OP=BISSOLI_M
2026-05-29 23:33:36;CIP01;CYCLE_START;P2_LINEA1;;OK;PRG=IO-05_P2_LINEA1;OP=BISSOLI_M
2026-05-29 23:33:40;CIP01;TANK_LEVEL_SODA;79;%;OK;PRG=IO-05_P2_LINEA1;OP=BISSOLI_M
2026-05-29 23:33:44;CIP01;FASE_START;PRERISCIACQUO;;OK;PRG=IO-05_P2_LINEA1;OP=BISSOLI_M
2026-05-29 23:38:44;CIP01;COND;3.3;mS/cm;OK;PRG=IO-05_P2_LINEA1;OP=BISSOLI_M
2026-05-29 23:38:47;CIP01;TT_CIP;18.9;C;OK;PRG=IO-05_P2_LINEA1;OP=BISSOLI_M
2026-05-29 23:38:49;CIP01;FT_CIP;9.5;m3/h;OK;PRG=IO-05_P2_LINEA1;OP=BISSOLI_M
2026-05-29 23:38:52;CIP01;FASE_START;SODA_2PC;;OK;PRG=IO-05_P2_LINEA1;OP=BISSOLI_M
2026-05-29 23:38:53;CIP01;FASE_END;PRERISCIACQUO DUR=300s;;OK;PRG=IO-05_P2_LINEA1;OP=BISSOLI_M
2026-05-29 23:43:52;CIP01;COND;78.5;mS/cm;OK;PRG=IO-05_P2_LINEA1;OP=BISSOLI_M
2026-05-29 23:43:55;CIP01;TT_CIP;75.8;C;OK;PRG=IO-05_P2_LINEA1;OP=BISSOLI_M
2026-05-29 23:48:52;CIP01;COND;76.4;mS/cm;OK;PRG=IO-05_P2_LINEA1;OP=BISSOLI_M
2026-05-29 23:48:55;CIP01;TT_CIP;75.6;C;OK;PRG=IO-05_P2_LINEA1;OP=BISSOLI_M
2026-05-29 23:53:52;CIP01;COND;74.9;mS/cm;OK;PRG=IO-05_P2_LINEA1;OP=BISSOLI_M
2026-05-29 23:53:55;CIP01;TT_CIP;75.4;C;OK;PRG=IO-05_P2_LINEA1;OP=BISSOLI_M
2026-05-29 23:58:52;CIP01;COND;74.9;mS/cm;OK;PRG=IO-05_P2_LINEA1;OP=BISSOLI_M
2026-05-29 23:58:55;CIP01;TT_CIP;75.5;C;OK;PRG=IO-05_P2_LINEA1;OP=BISSOLI_M
2026-05-29 23:58:57;CIP01;FT_CIP;8.5;m3/h;OK;PRG=IO-05_P2_LINEA1;OP=BISSOLI_M
2026-05-29 23:59:00;CIP01;FASE_START;RISCIACQUO_INT;;OK;PRG=IO-05_P2_LINEA1;OP=BISSOLI_M
2026-05-29 23:59:01;CIP01;FASE_END;SODA_2PC DUR=1200s;;OK;PRG=IO-05_P2_LINEA1;OP=BISSOLI_M
2026-05-30 00:04:00;CIP01;COND;6.2;mS/cm;OK;PRG=IO-05_P2_LINEA1;OP=BISSOLI_M
2026-05-30 00:04:03;CIP01;TT_CIP;38.6;C;OK;PRG=IO-05_P2_LINEA1;OP=BISSOLI_M
2026-05-30 00:04:05;CIP01;FT_CIP;9.6;m3/h;OK;PRG=IO-05_P2_LINEA1;OP=BISSOLI_M
2026-05-30 00:04:08;CIP01;FASE_START;ACIDO_HNO3_1.5PC;;OK;PRG=IO-05_P2_LINEA1;OP=BISSOLI_M
2026-05-30 00:04:09;CIP01;FASE_END;RISCIACQUO_INT DUR=300s;;OK;PRG=IO-05_P2_LINEA1;OP=BISSOLI_M
2026-05-30 00:09:08;CIP01;COND;44.7;mS/cm;OK;PRG=IO-05_P2_LINEA1;OP=BISSOLI_M
2026-05-30 00:09:11;CIP01;TT_CIP;56.4;C;OK;PRG=IO-05_P2_LINEA1;OP=BISSOLI_M
2026-05-30 00:14:08;CIP01;COND;45.5;mS/cm;OK;PRG=IO-05_P2_LINEA1;OP=BISSOLI_M
2026-05-30 00:14:11;CIP01;TT_CIP;59.1;C;OK;PRG=IO-05_P2_LINEA1;OP=BISSOLI_M
2026-05-30 00:19:08;CIP01;COND;47.3;mS/cm;OK;PRG=IO-05_P2_LINEA1;OP=BISSOLI_M
2026-05-30 00:19:11;CIP01;TT_CIP;60.1;C;OK;PRG=IO-05_P2_LINEA1;OP=BISSOLI_M
2026-05-30 00:19:13;CIP01;FT_CIP;8.7;m3/h;OK;PRG=IO-05_P2_LINEA1;OP=BISSOLI_M
2026-05-30 00:19:16;CIP01;FASE_START;SANIF_PAA;;OK;PRG=IO-05_P2_LINEA1;OP=BISSOLI_M
2026-05-30 00:19:17;CIP01;FASE_END;ACIDO_HNO3_1.5PC DUR=900s;;OK;PRG=IO-05_P2_LINEA1;OP=BISSOLI_M
2026-05-30 00:24:16;CIP01;COND;1.5;mS/cm;OK;PRG=IO-05_P2_LINEA1;OP=BISSOLI_M
2026-05-30 00:24:19;CIP01;TT_CIP;19.1;C;OK;PRG=IO-05_P2_LINEA1;OP=BISSOLI_M
2026-05-30 00:29:16;CIP01;COND;1.6;mS/cm;OK;PRG=IO-05_P2_LINEA1;OP=BISSOLI_M
2026-05-30 00:29:19;CIP01;TT_CIP;22.8;C;OK;PRG=IO-05_P2_LINEA1;OP=BISSOLI_M
2026-05-30 00:29:21;CIP01;FT_CIP;9.3;m3/h;OK;PRG=IO-05_P2_LINEA1;OP=BISSOLI_M
2026-05-30 00:29:24;CIP01;FASE_START;RISCIACQUO_FIN;;OK;PRG=IO-05_P2_LINEA1;OP=BISSOLI_M
2026-05-30 00:29:25;CIP01;FASE_END;SANIF_PAA DUR=600s;;OK;PRG=IO-05_P2_LINEA1;OP=BISSOLI_M
2026-05-30 00:34:24;CIP01;COND;0.8;mS/cm;OK;PRG=IO-05_P2_LINEA1;OP=BISSOLI_M
2026-05-30 00:34:27;CIP01;TT_CIP;19.5;C;OK;PRG=IO-05_P2_LINEA1;OP=BISSOLI_M
2026-05-30 00:39:24;CIP01;COND;0.4;mS/cm;OK;PRG=IO-05_P2_LINEA1;OP=BISSOLI_M
2026-05-30 00:39:27;CIP01;TT_CIP;16.1;C;OK;PRG=IO-05_P2_LINEA1;OP=BISSOLI_M
2026-05-30 00:39:29;CIP01;FT_CIP;9.6;m3/h;OK;PRG=IO-05_P2_LINEA1;OP=BISSOLI_M
2026-05-30 00:39:33;CIP01;FASE_END;RISCIACQUO_FIN DUR=600s;;OK;PRG=IO-05_P2_LINEA1;OP=BISSOLI_M
2026-05-30 00:39:44;CIP01;CYCLE_END;ESITO=PASS;;OK;PRG=IO-05_P2_LINEA1;OP=BISSOLI_M
2026-05-30 22:34:49;CIP01;CYCLE_START;P2_LINEA1;;OK;PRG=IO-05_P2_LINEA1;OP=BISSOLI_M
2026-05-30 22:34:53;CIP01;TANK_LEVEL_SODA;81;%;OK;PRG=IO-05_P2_LINEA1;OP=BISSOLI_M
2026-05-30 22:34:57;CIP01;FASE_START;PRERISCIACQUO;;OK;PRG=IO-05_P2_LINEA1;OP=BISSOLI_M
2026-05-30 22:39:57;CIP01;COND;2.7;mS/cm;OK;PRG=IO-05_P2_LINEA1;OP=BISSOLI_M
2026-05-30 22:40:00;CIP01;TT_CIP;20.8;C;OK;PRG=IO-05_P2_LINEA1;OP=BISSOLI_M
2026-05-30 22:40:02;CIP01;FT_CIP;9.3;m3/h;OK;PRG=IO-05_P2_LINEA1;OP=BISSOLI_M
2026-05-30 22:40:05;CIP01;FASE_START;SODA_2PC;;OK;PRG=IO-05_P2_LINEA1;OP=BISSOLI_M
2026-05-30 22:40:06;CIP01;FASE_END;PRERISCIACQUO DUR=300s;;OK;PRG=IO-05_P2_LINEA1;OP=BISSOLI_M
2026-05-30 22:45:05;CIP01;COND;76.7;mS/cm;OK;PRG=IO-05_P2_LINEA1;OP=BISSOLI_M
2026-05-30 22:45:08;CIP01;TT_CIP;74.5;C;OK;PRG=IO-05_P2_LINEA1;OP=BISSOLI_M
2026-05-30 22:50:05;CIP01;COND;71.3;mS/cm;OK;PRG=IO-05_P2_LINEA1;OP=BISSOLI_M
2026-05-30 22:50:08;CIP01;TT_CIP;74.6;C;OK;PRG=IO-05_P2_LINEA1;OP=BISSOLI_M
2026-05-30 22:55:05;CIP01;COND;74.1;mS/cm;OK;PRG=IO-05_P2_LINEA1;OP=BISSOLI_M
2026-05-30 22:55:08;CIP01;TT_CIP;75.4;C;OK;PRG=IO-05_P2_LINEA1;OP=BISSOLI_M
2026-05-30 23:00:05;CIP01;COND;77.3;mS/cm;OK;PRG=IO-05_P2_LINEA1;OP=BISSOLI_M
2026-05-30 23:00:08;CIP01;TT_CIP;75.7;C;OK;PRG=IO-05_P2_LINEA1;OP=BISSOLI_M
2026-05-30 23:00:10;CIP01;FT_CIP;9.1;m3/h;OK;PRG=IO-05_P2_LINEA1;OP=BISSOLI_M
2026-05-30 23:00:13;CIP01;FASE_START;RISCIACQUO_INT;;OK;PRG=IO-05_P2_LINEA1;OP=BISSOLI_M
2026-05-30 23:00:14;CIP01;FASE_END;SODA_2PC DUR=1200s;;OK;PRG=IO-05_P2_LINEA1;OP=BISSOLI_M
2026-05-30 23:05:13;CIP01;COND;4.2;mS/cm;OK;PRG=IO-05_P2_LINEA1;OP=BISSOLI_M
2026-05-30 23:05:16;CIP01;TT_CIP;41.1;C;OK;PRG=IO-05_P2_LINEA1;OP=BISSOLI_M
2026-05-30 23:05:18;CIP01;FT_CIP;9.8;m3/h;OK;PRG=IO-05_P2_LINEA1;OP=BISSOLI_M
2026-05-30 23:05:21;CIP01;FASE_START;ACIDO_HNO3_1.5PC;;OK;PRG=IO-05_P2_LINEA1;OP=BISSOLI_M
2026-05-30 23:05:22;CIP01;FASE_END;RISCIACQUO_INT DUR=300s;;OK;PRG=IO-05_P2_LINEA1;OP=BISSOLI_M
2026-05-30 23:10:21;CIP01;COND;46.6;mS/cm;OK;PRG=IO-05_P2_LINEA1;OP=BISSOLI_M
2026-05-30 23:10:24;CIP01;TT_CIP;60.3;C;OK;PRG=IO-05_P2_LINEA1;OP=BISSOLI_M
2026-05-30 23:15:21;CIP01;COND;43.2;mS/cm;OK;PRG=IO-05_P2_LINEA1;OP=BISSOLI_M
2026-05-30 23:15:24;CIP01;TT_CIP;57.2;C;OK;PRG=IO-05_P2_LINEA1;OP=BISSOLI_M
2026-05-30 23:20:21;CIP01;COND;47.6;mS/cm;OK;PRG=IO-05_P2_LINEA1;OP=BISSOLI_M
2026-05-30 23:20:24;CIP01;TT_CIP;57.8;C;OK;PRG=IO-05_P2_LINEA1;OP=BISSOLI_M
2026-05-30 23:20:26;CIP01;FT_CIP;9.3;m3/h;OK;PRG=IO-05_P2_LINEA1;OP=BISSOLI_M
2026-05-30 23:20:29;CIP01;FASE_START;SANIF_PAA;;OK;PRG=IO-05_P2_LINEA1;OP=BISSOLI_M
2026-05-30 23:20:30;CIP01;FASE_END;ACIDO_HNO3_1.5PC DUR=900s;;OK;PRG=IO-05_P2_LINEA1;OP=BISSOLI_M
2026-05-30 23:25:29;CIP01;COND;1.7;mS/cm;OK;PRG=IO-05_P2_LINEA1;OP=BISSOLI_M
2026-05-30 23:25:32;CIP01;TT_CIP;19.7;C;OK;PRG=IO-05_P2_LINEA1;OP=BISSOLI_M
2026-05-30 23:30:29;CIP01;COND;1.6;mS/cm;OK;PRG=IO-05_P2_LINEA1;OP=BISSOLI_M
2026-05-30 23:30:32;CIP01;TT_CIP;22.1;C;OK;PRG=IO-05_P2_LINEA1;OP=BISSOLI_M
2026-05-30 23:30:34;CIP01;FT_CIP;9.2;m3/h;OK;PRG=IO-05_P2_LINEA1;OP=BISSOLI_M
2026-05-30 23:30:37;CIP01;FASE_START;RISCIACQUO_FIN;;OK;PRG=IO-05_P2_LINEA1;OP=BISSOLI_M
2026-05-30 23:30:38;CIP01;FASE_END;SANIF_PAA DUR=600s;;OK;PRG=IO-05_P2_LINEA1;OP=BISSOLI_M
2026-05-30 23:35:37;CIP01;COND;0.6;mS/cm;OK;PRG=IO-05_P2_LINEA1;OP=BISSOLI_M
2026-05-30 23:35:40;CIP01;TT_CIP;18.1;C;OK;PRG=IO-05_P2_LINEA1;OP=BISSOLI_M
2026-05-30 23:40:37;CIP01;COND;0.4;mS/cm;OK;PRG=IO-05_P2_LINEA1;OP=BISSOLI_M
2026-05-30 23:40:40;CIP01;TT_CIP;17.7;C;OK;PRG=IO-05_P2_LINEA1;OP=BISSOLI_M
2026-05-30 23:40:42;CIP01;FT_CIP;9.5;m3/h;OK;PRG=IO-05_P2_LINEA1;OP=BISSOLI_M
2026-05-30 23:40:46;CIP01;FASE_END;RISCIACQUO_FIN DUR=600s;;OK;PRG=IO-05_P2_LINEA1;OP=BISSOLI_M
2026-05-30 23:40:57;CIP01;CYCLE_END;ESITO=PASS;;OK;PRG=IO-05_P2_LINEA1;OP=BISSOLI_M
