2026-05-10 05:58:01;PT104;SYS;BOOT;;OK;;
2026-05-10 05:58:02;PT104;SYS;FW=TL-4.02.11;;OK;;
2026-05-10 05:58:04;PT104;SYS;PRG_LOAD=PAST_STD_74;;OK;;
2026-05-10 05:58:05;PT104;SYS;SP_TT02=75.0;C;OK;;
2026-05-10 05:58:06;PT104;EVT;MACHINE_RUN;CMD=LOCAL;OK;LOT=L26130-L1-T1;OP=RANZATO_F
2026-05-10 05:58:06;PT104;EVT;BURNER_ON;STAGE=HI;OK;LOT=L26130-L1-T1;OP=RANZATO_F
2026-05-10 05:58:07;PT104;TT_01;21.0;C;OK;LOT=L26130-L1-T1;OP=RANZATO_F
2026-05-10 05:58:07;PT104;TT_02;21.5;C;OK;LOT=L26130-L1-T1;OP=RANZATO_F
2026-05-10 05:58:07;PT104;TT_03;20.0;C;OK;LOT=L26130-L1-T1;OP=RANZATO_F
2026-05-10 05:58:07;PT104;FT_01;13.7;m3/h;OK;LOT=L26130-L1-T1;OP=RANZATO_F
2026-05-10 05:58:07;PT104;SPEED;0.0;m/min;OK;LOT=L26130-L1-T1;OP=RANZATO_F
2026-05-10 05:58:07;PT104;T_CUORE;18.3;C;OK;LOT=L26130-L1-T1;OP=RANZATO_F
2026-05-10 05:58:07;PT104;MODE;HEATING;;OK;LOT=L26130-L1-T1;OP=RANZATO_F
2026-05-10 05:58:37;PT104;TT_01;21.4;C;OK;LOT=L26130-L1-T1;OP=RANZATO_F
2026-05-10 05:58:37;PT104;TT_02;21.8;C;OK;LOT=L26130-L1-T1;OP=RANZATO_F
2026-05-10 05:58:37;PT104;TT_03;20.2;C;OK;LOT=L26130-L1-T1;OP=RANZATO_F
2026-05-10 05:58:37;PT104;FT_01;13.7;m3/h;OK;LOT=L26130-L1-T1;OP=RANZATO_F
2026-05-10 05:58:37;PT104;SPEED;0.0;m/min;OK;LOT=L26130-L1-T1;OP=RANZATO_F
2026-05-10 05:58:37;PT104;T_CUORE;19.6;C;OK;LOT=L26130-L1-T1;OP=RANZATO_F
2026-05-10 05:59:07;PT104;TT_01;21.4;C;OK;LOT=L26130-L1-T1;OP=RANZATO_F
2026-05-10 05:59:07;PT104;TT_02;22.2;C;OK;LOT=L26130-L1-T1;OP=RANZATO_F
2026-05-10 05:59:07;PT104;TT_03;20.5;C;OK;LOT=L26130-L1-T1;OP=RANZATO_F
2026-05-10 05:59:07;PT104;FT_01;13.4;m3/h;OK;LOT=L26130-L1-T1;OP=RANZATO_F
2026-05-10 05:59:07;PT104;SPEED;0.0;m/min;OK;LOT=L26130-L1-T1;OP=RANZATO_F
2026-05-10 05:59:07;PT104;T_CUORE;19.0;C;OK;LOT=L26130-L1-T1;OP=RANZATO_F
2026-05-10 05:59:37;PT104;TT_01;22.3;C;OK;LOT=L26130-L1-T1;OP=RANZATO_F
2026-05-10 05:59:37;PT104;TT_02;22.4;C;OK;LOT=L26130-L1-T1;OP=RANZATO_F
2026-05-10 05:59:37;PT104;TT_03;20.9;C;OK;LOT=L26130-L1-T1;OP=RANZATO_F
2026-05-10 05:59:37;PT104;FT_01;13.4;m3/h;OK;LOT=L26130-L1-T1;OP=RANZATO_F
2026-05-10 05:59:37;PT104;SPEED;0.0;m/min;OK;LOT=L26130-L1-T1;OP=RANZATO_F
2026-05-10 05:59:37;PT104;T_CUORE;19.5;C;OK;LOT=L26130-L1-T1;OP=RANZATO_F
2026-05-10 06:00:07;PT104;FT_01;13.5;m3/h;OK;LOT=L26130-L1-T1;OP=RANZATO_F
2026-05-10 06:00:37;PT104;TT_03;21.8;C;OK;LOT=L26130-L1-T1;OP=RANZATO_F
2026-05-10 06:01:07;PT104;TT_02;24.1;C;OK;LOT=L26130-L1-T1;OP=RANZATO_F
2026-05-10 06:01:37;PT104;TT_01;24.0;C;OK;LOT=L26130-L1-T1;OP=RANZATO_F
2026-05-10 06:01:37;PT104;SPEED;0.0;m/min;OK;LOT=L26130-L1-T1;OP=RANZATO_F
2026-05-10 06:02:07;PT104;FT_01;13.2;m3/h;OK;LOT=L26130-L1-T1;OP=RANZATO_F
2026-05-10 06:02:07;PT104;T_CUORE;22.6;C;OK;LOT=L26130-L1-T1;OP=RANZATO_F
2026-05-10 06:02:37;PT104;TT_03;23.6;C;OK;LOT=L26130-L1-T1;OP=RANZATO_F
2026-05-10 06:03:07;PT104;TT_02;26.4;C;OK;LOT=L26130-L1-T1;OP=RANZATO_F
2026-05-10 06:03:37;PT104;TT_01;26.1;C;OK;LOT=L26130-L1-T1;OP=RANZATO_F
2026-05-10 06:03:37;PT104;SPEED;0.0;m/min;OK;LOT=L26130-L1-T1;OP=RANZATO_F
2026-05-10 06:04:07;PT104;FT_01;13.6;m3/h;OK;LOT=L26130-L1-T1;OP=RANZATO_F
2026-05-10 06:04:37;PT104;TT_03;25.7;C;OK;LOT=L26130-L1-T1;OP=RANZATO_F
2026-05-10 06:04:37;PT104;T_CUORE;24.6;C;OK;LOT=L26130-L1-T1;OP=RANZATO_F
2026-05-10 06:05:07;PT104;TT_02;28.3;C;OK;LOT=L26130-L1-T1;OP=RANZATO_F
2026-05-10 06:05:37;PT104;TT_01;28.2;C;OK;LOT=L26130-L1-T1;OP=RANZATO_F
2026-05-10 06:05:37;PT104;SPEED;0.0;m/min;OK;LOT=L26130-L1-T1;OP=RANZATO_F
2026-05-10 06:06:07;PT104;FT_01;13.3;m3/h;OK;LOT=L26130-L1-T1;OP=RANZATO_F
2026-05-10 06:06:37;PT104;TT_03;28.0;C;OK;LOT=L26130-L1-T1;OP=RANZATO_F
2026-05-10 06:07:07;PT104;TT_02;30.5;C;OK;LOT=L26130-L1-T1;OP=RANZATO_F
2026-05-10 06:07:07;PT104;T_CUORE;27.6;C;OK;LOT=L26130-L1-T1;OP=RANZATO_F
2026-05-10 06:07:37;PT104;TT_01;30.5;C;OK;LOT=L26130-L1-T1;OP=RANZATO_F
2026-05-10 06:07:37;PT104;SPEED;0.0;m/min;OK;LOT=L26130-L1-T1;OP=RANZATO_F
2026-05-10 06:08:07;PT104;FT_01;13.7;m3/h;OK;LOT=L26130-L1-T1;OP=RANZATO_F
2026-05-10 06:08:37;PT104;TT_03;29.9;C;OK;LOT=L26130-L1-T1;OP=RANZATO_F
2026-05-10 06:09:07;PT104;TT_02;32.9;C;OK;LOT=L26130-L1-T1;OP=RANZATO_F
2026-05-10 06:09:37;PT104;TT_01;32.4;C;OK;LOT=L26130-L1-T1;OP=RANZATO_F
2026-05-10 06:09:37;PT104;SPEED;0.0;m/min;OK;LOT=L26130-L1-T1;OP=RANZATO_F
2026-05-10 06:09:37;PT104;T_CUORE;30.2;C;OK;LOT=L26130-L1-T1;OP=RANZATO_F
2026-05-10 06:12:07;PT104;T_CUORE;33.1;C;OK;LOT=L26130-L1-T1;OP=RANZATO_F
2026-05-10 06:13:07;PT104;MODE;HEATING;;OK;LOT=L26130-L1-T1;OP=RANZATO_F
2026-05-10 06:14:37;PT104;T_CUORE;36.0;C;OK;LOT=L26130-L1-T1;OP=RANZATO_F
2026-05-10 06:17:07;PT104;TT_01;41.5;C;OK;LOT=L26130-L1-T1;OP=RANZATO_F
2026-05-10 06:17:07;PT104;T_CUORE;38.3;C;OK;LOT=L26130-L1-T1;OP=RANZATO_F
2026-05-10 06:19:37;PT104;T_CUORE;42.1;C;OK;LOT=L26130-L1-T1;OP=RANZATO_F
2026-05-10 06:20:37;PT104;TT_02;45.6;C;OK;LOT=L26130-L1-T1;OP=RANZATO_F
2026-05-10 06:22:07;PT104;T_CUORE;46.2;C;OK;LOT=L26130-L1-T1;OP=RANZATO_F
2026-05-10 06:24:07;PT104;TT_03;49.0;C;OK;LOT=L26130-L1-T1;OP=RANZATO_F
2026-05-10 06:24:37;PT104;T_CUORE;48.7;C;OK;LOT=L26130-L1-T1;OP=RANZATO_F
2026-05-10 06:27:07;PT104;T_CUORE;51.4;C;OK;LOT=L26130-L1-T1;OP=RANZATO_F
2026-05-10 06:27:37;PT104;FT_01;13.5;m3/h;OK;LOT=L26130-L1-T1;OP=RANZATO_F
2026-05-10 06:29:37;PT104;T_CUORE;55.1;C;OK;LOT=L26130-L1-T1;OP=RANZATO_F
2026-05-10 06:31:07;PT104;FT_01;13.4;m3/h;OK;LOT=L26130-L1-T1;OP=RANZATO_F
2026-05-10 06:32:07;PT104;T_CUORE;58.1;C;OK;LOT=L26130-L1-T1;OP=RANZATO_F
2026-05-10 06:34:37;PT104;SPEED;0.0;m/min;OK;LOT=L26130-L1-T1;OP=RANZATO_F
2026-05-10 06:34:37;PT104;T_CUORE;62.0;C;OK;LOT=L26130-L1-T1;OP=RANZATO_F
2026-05-10 06:37:07;PT104;T_CUORE;65.0;C;OK;LOT=L26130-L1-T1;OP=RANZATO_F
2026-05-10 06:38:37;PT104;TT_01;69.3;C;OK;LOT=L26130-L1-T1;OP=RANZATO_F
2026-05-10 06:39:37;PT104;T_CUORE;68.6;C;OK;LOT=L26130-L1-T1;OP=RANZATO_F
2026-05-10 06:42:07;PT104;TT_02;75.6;C;OK;LOT=L26130-L1-T1;OP=RANZATO_F
2026-05-10 06:42:07;PT104;T_CUORE;74.3;C;OK;LOT=L26130-L1-T1;OP=RANZATO_F
2026-05-10 06:44:37;PT104;T_CUORE;73.8;C;OK;LOT=L26130-L1-T1;OP=RANZATO_F
2026-05-10 06:45:07;PT104;SPEED;4.2;m/min;OK;LOT=L26130-L1-T1;OP=RANZATO_F
2026-05-10 06:47:07;PT104;T_CUORE;73.7;C;OK;LOT=L26130-L1-T1;OP=RANZATO_F
2026-05-10 06:48:37;PT104;T_CUORE;72.9;C;WARN;LOT=L26130-L1-T1;OP=RANZATO_F
2026-05-10 06:49:07;PT104;TT_01;74.3;C;OK;LOT=L26130-L1-T1;OP=RANZATO_F
2026-05-10 06:50:07;PT104;T_CUORE;72.9;C;WARN;LOT=L26130-L1-T1;OP=RANZATO_F
2026-05-10 06:50:37;PT104;T_CUORE;73.0;C;WARN;LOT=L26130-L1-T1;OP=RANZATO_F
2026-05-10 06:51:07;PT104;T_CUORE;73.1;C;OK;LOT=L26130-L1-T1;OP=RANZATO_F
2026-05-10 06:51:37;PT104;T_CUORE;72.9;C;WARN;LOT=L26130-L1-T1;OP=RANZATO_F
2026-05-10 06:52:07;PT104;T_CUORE;73.0;C;WARN;LOT=L26130-L1-T1;OP=RANZATO_F
2026-05-10 06:52:37;PT104;TT_02;73.7;C;OK;LOT=L26130-L1-T1;OP=RANZATO_F
2026-05-10 06:52:37;PT104;T_CUORE;72.8;C;WARN;LOT=L26130-L1-T1;OP=RANZATO_F
2026-05-10 06:53:07;PT104;T_CUORE;72.8;C;WARN;LOT=L26130-L1-T1;OP=RANZATO_F
2026-05-10 06:53:37;PT104;T_CUORE;72.9;C;WARN;LOT=L26130-L1-T1;OP=RANZATO_F
2026-05-10 06:54:37;PT104;T_CUORE;72.6;C;WARN;LOT=L26130-L1-T1;OP=RANZATO_F
2026-05-10 06:55:37;PT104;T_CUORE;72.7;C;WARN;LOT=L26130-L1-T1;OP=RANZATO_F
2026-05-10 06:56:07;PT104;TT_03;72.5;C;OK;LOT=L26130-L1-T1;OP=RANZATO_F
2026-05-10 06:57:07;PT104;T_CUORE;72.6;C;WARN;LOT=L26130-L1-T1;OP=RANZATO_F
2026-05-10 06:57:37;PT104;T_CUORE;73.0;C;WARN;LOT=L26130-L1-T1;OP=RANZATO_F
2026-05-10 06:58:07;PT104;T_CUORE;72.8;C;WARN;LOT=L26130-L1-T1;OP=RANZATO_F
2026-05-10 06:58:37;PT104;T_CUORE;73.0;C;WARN;LOT=L26130-L1-T1;OP=RANZATO_F
2026-05-10 06:59:07;PT104;T_CUORE;73.0;C;OK;LOT=L26130-L1-T1;OP=RANZATO_F
2026-05-10 06:59:37;PT104;TT_03;72.9;C;OK;LOT=L26130-L1-T1;OP=RANZATO_F
2026-05-10 07:00:07;PT104;T_CUORE;72.9;C;WARN;LOT=L26130-L1-T1;OP=RANZATO_F
2026-05-10 07:02:07;PT104;T_CUORE;73.3;C;OK;LOT=L26130-L1-T1;OP=RANZATO_F
2026-05-10 07:03:07;PT104;FT_01;12.3;m3/h;OK;LOT=L26130-L1-T1;OP=RANZATO_F
2026-05-10 07:04:37;PT104;T_CUORE;73.8;C;OK;LOT=L26130-L1-T1;OP=RANZATO_F
2026-05-10 07:06:37;PT104;SPEED;4.2;m/min;OK;LOT=L26130-L1-T1;OP=RANZATO_F
2026-05-10 07:07:07;PT104;T_CUORE;74.0;C;OK;LOT=L26130-L1-T1;OP=RANZATO_F
2026-05-10 07:09:37;PT104;T_CUORE;74.1;C;OK;LOT=L26130-L1-T1;OP=RANZATO_F
2026-05-10 07:10:37;PT104;TT_01;74.7;C;OK;LOT=L26130-L1-T1;OP=RANZATO_F
2026-05-10 07:12:07;PT104;T_CUORE;74.3;C;OK;LOT=L26130-L1-T1;OP=RANZATO_F
2026-05-10 07:14:07;PT104;TT_01;74.5;C;OK;LOT=L26130-L1-T1;OP=RANZATO_F
2026-05-10 07:14:37;PT104;T_CUORE;74.2;C;OK;LOT=L26130-L1-T1;OP=RANZATO_F
2026-05-10 07:17:07;PT104;T_CUORE;73.8;C;OK;LOT=L26130-L1-T1;OP=RANZATO_F
2026-05-10 07:17:37;PT104;TT_02;75.0;C;OK;LOT=L26130-L1-T1;OP=RANZATO_F
2026-05-10 07:19:37;PT104;T_CUORE;73.3;C;OK;LOT=L26130-L1-T1;OP=RANZATO_F
2026-05-10 07:21:07;PT104;TT_03;72.9;C;OK;LOT=L26130-L1-T1;OP=RANZATO_F
2026-05-10 07:22:07;PT104;T_CUORE;72.9;C;WARN;LOT=L26130-L1-T1;OP=RANZATO_F
2026-05-10 07:22:37;PT104;T_CUORE;73.4;C;OK;LOT=L26130-L1-T1;OP=RANZATO_F
2026-05-10 07:24:07;PT104;T_CUORE;72.9;C;WARN;LOT=L26130-L1-T1;OP=RANZATO_F
2026-05-10 07:24:37;PT104;FT_01;12.3;m3/h;OK;LOT=L26130-L1-T1;OP=RANZATO_F
2026-05-10 07:24:37;PT104;T_CUORE;73.0;C;WARN;LOT=L26130-L1-T1;OP=RANZATO_F
2026-05-10 07:25:07;PT104;T_CUORE;72.5;C;WARN;LOT=L26130-L1-T1;OP=RANZATO_F
2026-05-10 07:25:37;PT104;T_CUORE;72.8;C;WARN;LOT=L26130-L1-T1;OP=RANZATO_F
2026-05-10 07:26:07;PT104;T_CUORE;73.0;C;WARN;LOT=L26130-L1-T1;OP=RANZATO_F
2026-05-10 07:26:37;PT104;T_CUORE;72.8;C;WARN;LOT=L26130-L1-T1;OP=RANZATO_F
2026-05-10 07:28:07;PT104;SPEED;4.2;m/min;OK;LOT=L26130-L1-T1;OP=RANZATO_F
2026-05-10 07:28:07;PT104;T_CUORE;72.9;C;WARN;LOT=L26130-L1-T1;OP=RANZATO_F
2026-05-10 07:28:37;PT104;T_CUORE;72.8;C;WARN;LOT=L26130-L1-T1;OP=RANZATO_F
2026-05-10 07:29:07;PT104;T_CUORE;73.1;C;OK;LOT=L26130-L1-T1;OP=RANZATO_F
2026-05-10 07:30:37;PT104;T_CUORE;72.9;C;WARN;LOT=L26130-L1-T1;OP=RANZATO_F
2026-05-10 07:31:07;PT104;T_CUORE;72.9;C;WARN;LOT=L26130-L1-T1;OP=RANZATO_F
2026-05-10 07:31:37;PT104;SPEED;4.2;m/min;OK;LOT=L26130-L1-T1;OP=RANZATO_F
2026-05-10 07:32:37;PT104;T_CUORE;73.3;C;OK;LOT=L26130-L1-T1;OP=RANZATO_F
2026-05-10 07:35:07;PT104;T_CUORE;73.5;C;OK;LOT=L26130-L1-T1;OP=RANZATO_F
2026-05-10 07:35:37;PT104;TT_01;74.8;C;OK;LOT=L26130-L1-T1;OP=RANZATO_F
2026-05-10 07:37:37;PT104;T_CUORE;73.8;C;OK;LOT=L26130-L1-T1;OP=RANZATO_F
2026-05-10 07:39:07;PT104;TT_02;75.7;C;OK;LOT=L26130-L1-T1;OP=RANZATO_F
2026-05-10 07:40:07;PT104;T_CUORE;73.7;C;OK;LOT=L26130-L1-T1;OP=RANZATO_F
2026-05-10 07:42:37;PT104;TT_03;73.7;C;OK;LOT=L26130-L1-T1;OP=RANZATO_F
2026-05-10 07:42:37;PT104;T_CUORE;74.2;C;OK;LOT=L26130-L1-T1;OP=RANZATO_F
2026-05-10 07:45:07;PT104;T_CUORE;74.1;C;OK;LOT=L26130-L1-T1;OP=RANZATO_F
2026-05-10 07:46:07;PT104;TT_03;73.7;C;OK;LOT=L26130-L1-T1;OP=RANZATO_F
2026-05-10 07:47:37;PT104;T_CUORE;73.9;C;OK;LOT=L26130-L1-T1;OP=RANZATO_F
2026-05-10 07:49:37;PT104;FT_01;12.1;m3/h;OK;LOT=L26130-L1-T1;OP=RANZATO_F
2026-05-10 07:50:07;PT104;T_CUORE;73.8;C;OK;LOT=L26130-L1-T1;OP=RANZATO_F
2026-05-10 07:52:37;PT104;T_CUORE;73.4;C;OK;LOT=L26130-L1-T1;OP=RANZATO_F
2026-05-10 07:53:07;PT104;SPEED;4.2;m/min;OK;LOT=L26130-L1-T1;OP=RANZATO_F
2026-05-10 07:53:37;PT104;T_CUORE;72.9;C;WARN;LOT=L26130-L1-T1;OP=RANZATO_F
2026-05-10 07:55:37;PT104;T_CUORE;72.9;C;WARN;LOT=L26130-L1-T1;OP=RANZATO_F
2026-05-10 07:56:07;PT104;T_CUORE;73.2;C;OK;LOT=L26130-L1-T1;OP=RANZATO_F
2026-05-10 07:56:37;PT104;T_CUORE;72.9;C;WARN;LOT=L26130-L1-T1;OP=RANZATO_F
2026-05-10 07:57:07;PT104;TT_01;73.4;C;OK;LOT=L26130-L1-T1;OP=RANZATO_F
2026-05-10 07:57:37;PT104;T_CUORE;72.9;C;WARN;LOT=L26130-L1-T1;OP=RANZATO_F
2026-05-10 07:58:07;PT104;T_CUORE;72.9;C;WARN;LOT=L26130-L1-T1;OP=RANZATO_F
2026-05-10 07:58:37;PT104;T_CUORE;72.7;C;WARN;LOT=L26130-L1-T1;OP=RANZATO_F
2026-05-10 07:59:07;PT104;T_CUORE;73.0;C;WARN;LOT=L26130-L1-T1;OP=RANZATO_F
2026-05-10 08:00:37;PT104;TT_01;73.2;C;OK;LOT=L26130-L1-T1;OP=RANZATO_F
2026-05-10 08:01:07;PT104;T_CUORE;73.1;C;OK;LOT=L26130-L1-T1;OP=RANZATO_F
2026-05-10 08:01:37;PT104;T_CUORE;72.9;C;WARN;LOT=L26130-L1-T1;OP=RANZATO_F
2026-05-10 08:02:37;PT104;T_CUORE;72.7;C;WARN;LOT=L26130-L1-T1;OP=RANZATO_F
2026-05-10 08:04:07;PT104;TT_02;74.9;C;OK;LOT=L26130-L1-T1;OP=RANZATO_F
2026-05-10 08:04:37;PT104;T_CUORE;72.9;C;WARN;LOT=L26130-L1-T1;OP=RANZATO_F
2026-05-10 08:05:07;PT104;T_CUORE;73.0;C;OK;LOT=L26130-L1-T1;OP=RANZATO_F
2026-05-10 08:07:37;PT104;TT_03;73.4;C;OK;LOT=L26130-L1-T1;OP=RANZATO_F
2026-05-10 08:07:37;PT104;T_CUORE;73.3;C;OK;LOT=L26130-L1-T1;OP=RANZATO_F
2026-05-10 08:10:07;PT104;T_CUORE;73.8;C;OK;LOT=L26130-L1-T1;OP=RANZATO_F
2026-05-10 08:11:07;PT104;FT_01;12.4;m3/h;OK;LOT=L26130-L1-T1;OP=RANZATO_F
2026-05-10 08:12:37;PT104;T_CUORE;74.2;C;OK;LOT=L26130-L1-T1;OP=RANZATO_F
2026-05-10 08:14:37;PT104;FT_01;12.2;m3/h;OK;LOT=L26130-L1-T1;OP=RANZATO_F
2026-05-10 08:15:07;PT104;T_CUORE;74.3;C;OK;LOT=L26130-L1-T1;OP=RANZATO_F
2026-05-10 08:17:37;PT104;T_CUORE;74.4;C;OK;LOT=L26130-L1-T1;OP=RANZATO_F
2026-05-10 08:18:07;PT104;SPEED;4.2;m/min;OK;LOT=L26130-L1-T1;OP=RANZATO_F
2026-05-10 08:20:07;PT104;T_CUORE;73.9;C;OK;LOT=L26130-L1-T1;OP=RANZATO_F
2026-05-10 08:22:07;PT104;TT_01;74.9;C;OK;LOT=L26130-L1-T1;OP=RANZATO_F
2026-05-10 08:22:37;PT104;T_CUORE;74.0;C;OK;LOT=L26130-L1-T1;OP=RANZATO_F
2026-05-10 08:25:07;PT104;T_CUORE;73.5;C;OK;LOT=L26130-L1-T1;OP=RANZATO_F
2026-05-10 08:25:37;PT104;TT_02;74.4;C;OK;LOT=L26130-L1-T1;OP=RANZATO_F
2026-05-10 08:26:37;PT104;T_CUORE;73.0;C;WARN;LOT=L26130-L1-T1;OP=RANZATO_F
2026-05-10 08:28:07;PT104;T_CUORE;73.0;C;OK;LOT=L26130-L1-T1;OP=RANZATO_F
2026-05-10 08:29:07;PT104;TT_02;74.3;C;OK;LOT=L26130-L1-T1;OP=RANZATO_F
2026-05-10 08:30:07;PT104;T_CUORE;72.7;C;WARN;LOT=L26130-L1-T1;OP=RANZATO_F
2026-05-10 08:30:37;PT104;T_CUORE;72.9;C;WARN;LOT=L26130-L1-T1;OP=RANZATO_F
2026-05-10 08:31:37;PT104;T_CUORE;72.9;C;WARN;LOT=L26130-L1-T1;OP=RANZATO_F
2026-05-10 08:32:07;PT104;T_CUORE;72.6;C;WARN;LOT=L26130-L1-T1;OP=RANZATO_F
2026-05-10 08:32:37;PT104;TT_03;72.3;C;OK;LOT=L26130-L1-T1;OP=RANZATO_F
2026-05-10 08:32:37;PT104;T_CUORE;72.5;C;WARN;LOT=L26130-L1-T1;OP=RANZATO_F
2026-05-10 08:33:07;PT104;T_CUORE;72.9;C;WARN;LOT=L26130-L1-T1;OP=RANZATO_F
2026-05-10 08:33:37;PT104;T_CUORE;73.2;C;OK;LOT=L26130-L1-T1;OP=RANZATO_F
2026-05-10 08:34:37;PT104;T_CUORE;72.8;C;WARN;LOT=L26130-L1-T1;OP=RANZATO_F
2026-05-10 08:35:07;PT104;T_CUORE;73.0;C;WARN;LOT=L26130-L1-T1;OP=RANZATO_F
2026-05-10 08:36:07;PT104;FT_01;12.4;m3/h;OK;LOT=L26130-L1-T1;OP=RANZATO_F
2026-05-10 08:36:07;PT104;T_CUORE;72.9;C;WARN;LOT=L26130-L1-T1;OP=RANZATO_F
2026-05-10 08:37:37;PT104;T_CUORE;73.2;C;OK;LOT=L26130-L1-T1;OP=RANZATO_F
2026-05-10 08:39:37;PT104;SPEED;4.2;m/min;OK;LOT=L26130-L1-T1;OP=RANZATO_F
2026-05-10 08:40:07;PT104;T_CUORE;73.5;C;OK;LOT=L26130-L1-T1;OP=RANZATO_F
2026-05-10 08:42:37;PT104;T_CUORE;73.9;C;OK;LOT=L26130-L1-T1;OP=RANZATO_F
2026-05-10 08:43:07;PT104;MODE;PROD;;OK;LOT=L26130-L1-T1;OP=RANZATO_F
2026-05-10 08:45:07;PT104;T_CUORE;74.1;C;OK;LOT=L26130-L1-T1;OP=RANZATO_F
2026-05-10 08:47:07;PT104;TT_01;75.1;C;OK;LOT=L26130-L1-T1;OP=RANZATO_F
2026-05-10 08:47:37;PT104;T_CUORE;74.1;C;OK;LOT=L26130-L1-T1;OP=RANZATO_F
2026-05-10 08:50:07;PT104;T_CUORE;74.0;C;OK;LOT=L26130-L1-T1;OP=RANZATO_F
2026-05-10 08:50:37;PT104;TT_02;75.2;C;OK;LOT=L26130-L1-T1;OP=RANZATO_F
2026-05-10 08:52:37;PT104;T_CUORE;73.9;C;OK;LOT=L26130-L1-T1;OP=RANZATO_F
2026-05-10 08:54:07;PT104;TT_03;73.6;C;OK;LOT=L26130-L1-T1;OP=RANZATO_F
2026-05-10 08:55:07;PT104;T_CUORE;73.5;C;OK;LOT=L26130-L1-T1;OP=RANZATO_F
2026-05-10 08:57:37;PT104;FT_01;12.6;m3/h;OK;LOT=L26130-L1-T1;OP=RANZATO_F
2026-05-10 08:57:37;PT104;T_CUORE;73.6;C;OK;LOT=L26130-L1-T1;OP=RANZATO_F
2026-05-10 09:00:07;PT104;T_CUORE;73.5;C;OK;LOT=L26130-L1-T1;OP=RANZATO_F
2026-05-10 09:01:07;PT104;FT_01;12.4;m3/h;OK;LOT=L26130-L1-T1;OP=RANZATO_F
2026-05-10 09:01:37;PT104;T_CUORE;72.9;C;WARN;LOT=L26130-L1-T1;OP=RANZATO_F
2026-05-10 09:02:07;PT104;T_CUORE;73.0;C;WARN;LOT=L26130-L1-T1;OP=RANZATO_F
2026-05-10 09:02:37;PT104;T_CUORE;72.9;C;WARN;LOT=L26130-L1-T1;OP=RANZATO_F
2026-05-10 09:03:37;PT104;T_CUORE;72.8;C;WARN;LOT=L26130-L1-T1;OP=RANZATO_F
2026-05-10 09:04:07;PT104;T_CUORE;72.9;C;WARN;LOT=L26130-L1-T1;OP=RANZATO_F
2026-05-10 09:04:37;PT104;SPEED;4.2;m/min;OK;LOT=L26130-L1-T1;OP=RANZATO_F
2026-05-10 09:05:07;PT104;T_CUORE;72.7;C;WARN;LOT=L26130-L1-T1;OP=RANZATO_F
2026-05-10 09:05:37;PT104;T_CUORE;72.8;C;WARN;LOT=L26130-L1-T1;OP=RANZATO_F
2026-05-10 09:06:07;PT104;T_CUORE;73.2;C;OK;LOT=L26130-L1-T1;OP=RANZATO_F
2026-05-10 09:07:07;PT104;T_CUORE;72.8;C;WARN;LOT=L26130-L1-T1;OP=RANZATO_F
2026-05-10 09:07:37;PT104;T_CUORE;73.0;C;WARN;LOT=L26130-L1-T1;OP=RANZATO_F
2026-05-10 09:08:37;PT104;TT_01;74.1;C;OK;LOT=L26130-L1-T1;OP=RANZATO_F
2026-05-10 09:08:37;PT104;T_CUORE;72.9;C;WARN;LOT=L26130-L1-T1;OP=RANZATO_F
2026-05-10 09:09:07;PT104;T_CUORE;72.9;C;WARN;LOT=L26130-L1-T1;OP=RANZATO_F
2026-05-10 09:10:07;PT104;T_CUORE;73.0;C;WARN;LOT=L26130-L1-T1;OP=RANZATO_F
2026-05-10 09:11:07;PT104;T_CUORE;73.0;C;OK;LOT=L26130-L1-T1;OP=RANZATO_F
2026-05-10 09:12:07;PT104;TT_02;75.4;C;OK;LOT=L26130-L1-T1;OP=RANZATO_F
2026-05-10 09:13:37;PT104;T_CUORE;73.7;C;OK;LOT=L26130-L1-T1;OP=RANZATO_F
2026-05-10 09:15:37;PT104;TT_02;75.4;C;OK;LOT=L26130-L1-T1;OP=RANZATO_F
2026-05-10 09:16:07;PT104;T_CUORE;74.0;C;OK;LOT=L26130-L1-T1;OP=RANZATO_F
2026-05-10 09:18:37;PT104;T_CUORE;74.4;C;OK;LOT=L26130-L1-T1;OP=RANZATO_F
2026-05-10 09:19:07;PT104;TT_03;73.8;C;OK;LOT=L26130-L1-T1;OP=RANZATO_F
2026-05-10 09:21:07;PT104;T_CUORE;74.8;C;OK;LOT=L26130-L1-T1;OP=RANZATO_F
2026-05-10 09:22:37;PT104;FT_01;12.6;m3/h;OK;LOT=L26130-L1-T1;OP=RANZATO_F
2026-05-10 09:23:37;PT104;T_CUORE;74.5;C;OK;LOT=L26130-L1-T1;OP=RANZATO_F
2026-05-10 09:26:07;PT104;SPEED;4.2;m/min;OK;LOT=L26130-L1-T1;OP=RANZATO_F
2026-05-10 09:26:07;PT104;T_CUORE;74.0;C;OK;LOT=L26130-L1-T1;OP=RANZATO_F
2026-05-10 09:28:37;PT104;T_CUORE;74.1;C;OK;LOT=L26130-L1-T1;OP=RANZATO_F
2026-05-10 09:29:37;PT104;SPEED;4.2;m/min;OK;LOT=L26130-L1-T1;OP=RANZATO_F
2026-05-10 09:31:07;PT104;T_CUORE;73.1;C;OK;LOT=L26130-L1-T1;OP=RANZATO_F
2026-05-10 09:32:37;PT104;T_CUORE;72.8;C;WARN;LOT=L26130-L1-T1;OP=RANZATO_F
2026-05-10 09:33:37;PT104;TT_01;74.1;C;OK;LOT=L26130-L1-T1;OP=RANZATO_F
2026-05-10 09:33:37;PT104;T_CUORE;72.9;C;WARN;LOT=L26130-L1-T1;OP=RANZATO_F
2026-05-10 09:34:37;PT104;T_CUORE;73.0;C;WARN;LOT=L26130-L1-T1;OP=RANZATO_F
2026-05-10 09:35:07;PT104;T_CUORE;73.1;C;OK;LOT=L26130-L1-T1;OP=RANZATO_F
2026-05-10 09:35:37;PT104;T_CUORE;72.8;C;WARN;LOT=L26130-L1-T1;OP=RANZATO_F
2026-05-10 09:36:07;PT104;T_CUORE;72.7;C;WARN;LOT=L26130-L1-T1;OP=RANZATO_F
2026-05-10 09:36:37;PT104;T_CUORE;72.7;C;WARN;LOT=L26130-L1-T1;OP=RANZATO_F
2026-05-10 09:37:07;PT104;TT_02;74.7;C;OK;LOT=L26130-L1-T1;OP=RANZATO_F
2026-05-10 09:37:07;PT104;T_CUORE;72.9;C;WARN;LOT=L26130-L1-T1;OP=RANZATO_F
2026-05-10 09:37:37;PT104;T_CUORE;72.8;C;WARN;LOT=L26130-L1-T1;OP=RANZATO_F
2026-05-10 09:38:07;PT104;T_CUORE;72.6;C;WARN;LOT=L26130-L1-T1;OP=RANZATO_F
2026-05-10 09:39:07;PT104;T_CUORE;72.9;C;WARN;LOT=L26130-L1-T1;OP=RANZATO_F
2026-05-10 09:39:37;PT104;T_CUORE;73.0;C;WARN;LOT=L26130-L1-T1;OP=RANZATO_F
2026-05-10 09:40:07;PT104;T_CUORE;72.9;C;WARN;LOT=L26130-L1-T1;OP=RANZATO_F
2026-05-10 09:40:37;PT104;TT_03;72.5;C;OK;LOT=L26130-L1-T1;OP=RANZATO_F
2026-05-10 09:42:07;PT104;T_CUORE;73.1;C;OK;LOT=L26130-L1-T1;OP=RANZATO_F
2026-05-10 09:44:07;PT104;TT_03;72.9;C;OK;LOT=L26130-L1-T1;OP=RANZATO_F
2026-05-10 09:44:37;PT104;T_CUORE;73.4;C;OK;LOT=L26130-L1-T1;OP=RANZATO_F
2026-05-10 09:47:07;PT104;T_CUORE;73.9;C;OK;LOT=L26130-L1-T1;OP=RANZATO_F
2026-05-10 09:47:37;PT104;FT_01;12.7;m3/h;OK;LOT=L26130-L1-T1;OP=RANZATO_F
2026-05-10 09:49:37;PT104;T_CUORE;74.2;C;OK;LOT=L26130-L1-T1;OP=RANZATO_F
2026-05-10 09:51:07;PT104;SPEED;4.2;m/min;OK;LOT=L26130-L1-T1;OP=RANZATO_F
2026-05-10 09:52:07;PT104;T_CUORE;74.4;C;OK;LOT=L26130-L1-T1;OP=RANZATO_F
2026-05-10 09:54:37;PT104;T_CUORE;74.1;C;OK;LOT=L26130-L1-T1;OP=RANZATO_F
2026-05-10 09:55:07;PT104;TT_01;75.1;C;OK;LOT=L26130-L1-T1;OP=RANZATO_F
2026-05-10 09:57:07;PT104;T_CUORE;74.4;C;OK;LOT=L26130-L1-T1;OP=RANZATO_F
2026-05-10 09:58:37;PT104;TT_01;74.6;C;OK;LOT=L26130-L1-T1;OP=RANZATO_F
2026-05-10 09:59:37;PT104;T_CUORE;74.3;C;OK;LOT=L26130-L1-T1;OP=RANZATO_F
2026-05-10 10:02:07;PT104;TT_02;75.3;C;OK;LOT=L26130-L1-T1;OP=RANZATO_F
2026-05-10 10:02:07;PT104;T_CUORE;73.6;C;OK;LOT=L26130-L1-T1;OP=RANZATO_F
2026-05-10 10:04:37;PT104;T_CUORE;73.2;C;OK;LOT=L26130-L1-T1;OP=RANZATO_F
2026-05-10 10:05:37;PT104;TT_03;72.7;C;OK;LOT=L26130-L1-T1;OP=RANZATO_F
2026-05-10 10:07:07;PT104;T_CUORE;73.0;C;OK;LOT=L26130-L1-T1;OP=RANZATO_F
2026-05-10 10:08:07;PT104;T_CUORE;72.5;C;WARN;LOT=L26130-L1-T1;OP=RANZATO_F
2026-05-10 10:08:37;PT104;T_CUORE;72.6;C;WARN;LOT=L26130-L1-T1;OP=RANZATO_F
2026-05-10 10:09:07;PT104;FT_01;12.6;m3/h;OK;LOT=L26130-L1-T1;OP=RANZATO_F
2026-05-10 10:09:07;PT104;T_CUORE;72.8;C;WARN;LOT=L26130-L1-T1;OP=RANZATO_F
2026-05-10 10:10:07;PT104;T_CUORE;73.0;C;WARN;LOT=L26130-L1-T1;OP=RANZATO_F
2026-05-10 10:10:37;PT104;T_CUORE;72.7;C;WARN;LOT=L26130-L1-T1;OP=RANZATO_F
2026-05-10 10:11:07;PT104;T_CUORE;72.6;C;WARN;LOT=L26130-L1-T1;OP=RANZATO_F
2026-05-10 10:12:07;PT104;T_CUORE;72.9;C;WARN;LOT=L26130-L1-T1;OP=RANZATO_F
2026-05-10 10:12:37;PT104;SPEED;4.2;m/min;OK;LOT=L26130-L1-T1;OP=RANZATO_F
2026-05-10 10:13:07;PT104;T_CUORE;72.8;C;WARN;LOT=L26130-L1-T1;OP=RANZATO_F
2026-05-10 10:13:37;PT104;T_CUORE;73.3;C;OK;LOT=L26130-L1-T1;OP=RANZATO_F
2026-05-10 10:16:07;PT104;SPEED;4.2;m/min;OK;LOT=L26130-L1-T1;OP=RANZATO_F
2026-05-10 10:16:07;PT104;T_CUORE;73.6;C;OK;LOT=L26130-L1-T1;OP=RANZATO_F
2026-05-10 10:18:37;PT104;T_CUORE;74.1;C;OK;LOT=L26130-L1-T1;OP=RANZATO_F
2026-05-10 10:20:07;PT104;TT_01;74.9;C;OK;LOT=L26130-L1-T1;OP=RANZATO_F
2026-05-10 10:21:07;PT104;T_CUORE;74.0;C;OK;LOT=L26130-L1-T1;OP=RANZATO_F
2026-05-10 10:23:37;PT104;TT_02;75.2;C;OK;LOT=L26130-L1-T1;OP=RANZATO_F
2026-05-10 10:23:37;PT104;T_CUORE;74.0;C;OK;LOT=L26130-L1-T1;OP=RANZATO_F
2026-05-10 10:26:07;PT104;T_CUORE;74.6;C;OK;LOT=L26130-L1-T1;OP=RANZATO_F
2026-05-10 10:27:07;PT104;TT_03;73.8;C;OK;LOT=L26130-L1-T1;OP=RANZATO_F
2026-05-10 10:28:37;PT104;T_CUORE;74.2;C;OK;LOT=L26130-L1-T1;OP=RANZATO_F
2026-05-10 10:30:37;PT104;TT_03;73.5;C;OK;LOT=L26130-L1-T1;OP=RANZATO_F
2026-05-10 10:31:07;PT104;T_CUORE;74.0;C;OK;LOT=L26130-L1-T1;OP=RANZATO_F
2026-05-10 10:33:37;PT104;T_CUORE;73.3;C;OK;LOT=L26130-L1-T1;OP=RANZATO_F
2026-05-10 10:34:07;PT104;FT_01;12.3;m3/h;OK;LOT=L26130-L1-T1;OP=RANZATO_F
2026-05-10 10:36:07;PT104;T_CUORE;73.1;C;OK;LOT=L26130-L1-T1;OP=RANZATO_F
2026-05-10 10:37:37;PT104;SPEED;4.2;m/min;OK;LOT=L26130-L1-T1;OP=RANZATO_F
2026-05-10 10:38:37;PT104;T_CUORE;72.8;C;WARN;LOT=L26130-L1-T1;OP=RANZATO_F
2026-05-10 10:39:07;PT104;T_CUORE;73.1;C;OK;LOT=L26130-L1-T1;OP=RANZATO_F
2026-05-10 10:39:37;PT104;T_CUORE;72.7;C;WARN;LOT=L26130-L1-T1;OP=RANZATO_F
2026-05-10 10:40:07;PT104;T_CUORE;72.6;C;WARN;LOT=L26130-L1-T1;OP=RANZATO_F
2026-05-10 10:40:37;PT104;T_CUORE;72.8;C;WARN;LOT=L26130-L1-T1;OP=RANZATO_F
2026-05-10 10:41:37;PT104;TT_01;73.4;C;OK;LOT=L26130-L1-T1;OP=RANZATO_F
2026-05-10 10:41:37;PT104;T_CUORE;72.8;C;WARN;LOT=L26130-L1-T1;OP=RANZATO_F
2026-05-10 10:42:07;PT104;T_CUORE;73.0;C;WARN;LOT=L26130-L1-T1;OP=RANZATO_F
2026-05-10 10:43:07;PT104;T_CUORE;72.7;C;WARN;LOT=L26130-L1-T1;OP=RANZATO_F
2026-05-10 10:43:37;PT104;T_CUORE;72.7;C;WARN;LOT=L26130-L1-T1;OP=RANZATO_F
2026-05-10 10:45:07;PT104;TT_01;73.3;C;OK;LOT=L26130-L1-T1;OP=RANZATO_F
2026-05-10 10:45:07;PT104;T_CUORE;73.0;C;OK;LOT=L26130-L1-T1;OP=RANZATO_F
2026-05-10 10:45:37;PT104;T_CUORE;72.9;C;WARN;LOT=L26130-L1-T1;OP=RANZATO_F
2026-05-10 10:46:37;PT104;T_CUORE;72.8;C;WARN;LOT=L26130-L1-T1;OP=RANZATO_F
2026-05-10 10:47:07;PT104;T_CUORE;73.0;C;WARN;LOT=L26130-L1-T1;OP=RANZATO_F
2026-05-10 10:48:37;PT104;TT_02;74.8;C;OK;LOT=L26130-L1-T1;OP=RANZATO_F
2026-05-10 10:49:07;PT104;T_CUORE;73.7;C;OK;LOT=L26130-L1-T1;OP=RANZATO_F
2026-05-10 10:51:37;PT104;T_CUORE;73.8;C;OK;LOT=L26130-L1-T1;OP=RANZATO_F
2026-05-10 10:52:07;PT104;TT_03;73.2;C;OK;LOT=L26130-L1-T1;OP=RANZATO_F
2026-05-10 10:54:07;PT104;T_CUORE;74.0;C;OK;LOT=L26130-L1-T1;OP=RANZATO_F
2026-05-10 10:55:37;PT104;FT_01;12.1;m3/h;OK;LOT=L26130-L1-T1;OP=RANZATO_F
2026-05-10 10:56:37;PT104;T_CUORE;74.2;C;OK;LOT=L26130-L1-T1;OP=RANZATO_F
2026-05-10 10:59:07;PT104;FT_01;12.4;m3/h;OK;LOT=L26130-L1-T1;OP=RANZATO_F
2026-05-10 10:59:07;PT104;T_CUORE;74.4;C;OK;LOT=L26130-L1-T1;OP=RANZATO_F
2026-05-10 11:01:37;PT104;T_CUORE;74.1;C;OK;LOT=L26130-L1-T1;OP=RANZATO_F
2026-05-10 11:02:37;PT104;SPEED;4.2;m/min;OK;LOT=L26130-L1-T1;OP=RANZATO_F
2026-05-10 11:04:07;PT104;T_CUORE;73.4;C;OK;LOT=L26130-L1-T1;OP=RANZATO_F
2026-05-10 11:06:37;PT104;TT_01;74.8;C;OK;LOT=L26130-L1-T1;OP=RANZATO_F
2026-05-10 11:06:37;PT104;T_CUORE;73.6;C;OK;LOT=L26130-L1-T1;OP=RANZATO_F
2026-05-10 11:09:07;PT104;T_CUORE;72.9;C;WARN;LOT=L26130-L1-T1;OP=RANZATO_F
2026-05-10 11:09:37;PT104;T_CUORE;73.2;C;OK;LOT=L26130-L1-T1;OP=RANZATO_F
2026-05-10 11:10:07;PT104;TT_02;74.9;C;OK;LOT=L26130-L1-T1;OP=RANZATO_F
2026-05-10 11:11:07;PT104;T_CUORE;72.9;C;WARN;LOT=L26130-L1-T1;OP=RANZATO_F
2026-05-10 11:11:37;PT104;T_CUORE;72.8;C;WARN;LOT=L26130-L1-T1;OP=RANZATO_F
2026-05-10 11:12:37;PT104;T_CUORE;72.9;C;WARN;LOT=L26130-L1-T1;OP=RANZATO_F
2026-05-10 11:13:07;PT104;T_CUORE;72.7;C;WARN;LOT=L26130-L1-T1;OP=RANZATO_F
2026-05-10 11:13:37;PT104;TT_02;74.6;C;OK;LOT=L26130-L1-T1;OP=RANZATO_F
2026-05-10 11:14:07;PT104;T_CUORE;73.4;C;OK;LOT=L26130-L1-T1;OP=RANZATO_F
2026-05-10 11:15:07;PT104;T_CUORE;72.8;C;WARN;LOT=L26130-L1-T1;OP=RANZATO_F
2026-05-10 11:15:37;PT104;T_CUORE;72.8;C;WARN;LOT=L26130-L1-T1;OP=RANZATO_F
2026-05-10 11:16:07;PT104;T_CUORE;72.9;C;WARN;LOT=L26130-L1-T1;OP=RANZATO_F
2026-05-10 11:17:07;PT104;TT_03;72.6;C;OK;LOT=L26130-L1-T1;OP=RANZATO_F
2026-05-10 11:18:07;PT104;T_CUORE;73.1;C;OK;LOT=L26130-L1-T1;OP=RANZATO_F
2026-05-10 11:18:37;PT104;T_CUORE;72.8;C;WARN;LOT=L26130-L1-T1;OP=RANZATO_F
2026-05-10 11:20:37;PT104;FT_01;12.2;m3/h;OK;LOT=L26130-L1-T1;OP=RANZATO_F
2026-05-10 11:21:07;PT104;T_CUORE;73.4;C;OK;LOT=L26130-L1-T1;OP=RANZATO_F
2026-05-10 11:23:37;PT104;T_CUORE;73.7;C;OK;LOT=L26130-L1-T1;OP=RANZATO_F
2026-05-10 11:24:07;PT104;SPEED;4.2;m/min;OK;LOT=L26130-L1-T1;OP=RANZATO_F
2026-05-10 11:26:07;PT104;T_CUORE;74.2;C;OK;LOT=L26130-L1-T1;OP=RANZATO_F
2026-05-10 11:28:07;PT104;TT_01;74.9;C;OK;LOT=L26130-L1-T1;OP=RANZATO_F
2026-05-10 11:28:37;PT104;T_CUORE;74.1;C;OK;LOT=L26130-L1-T1;OP=RANZATO_F
2026-05-10 11:31:07;PT104;T_CUORE;74.5;C;OK;LOT=L26130-L1-T1;OP=RANZATO_F
2026-05-10 11:31:37;PT104;TT_01;74.7;C;OK;LOT=L26130-L1-T1;OP=RANZATO_F
2026-05-10 11:33:37;PT104;T_CUORE;74.2;C;OK;LOT=L26130-L1-T1;OP=RANZATO_F
2026-05-10 11:35:07;PT104;TT_02;75.8;C;OK;LOT=L26130-L1-T1;OP=RANZATO_F
2026-05-10 11:36:07;PT104;T_CUORE;74.2;C;OK;LOT=L26130-L1-T1;OP=RANZATO_F
2026-05-10 11:38:37;PT104;TT_03;73.2;C;OK;LOT=L26130-L1-T1;OP=RANZATO_F
2026-05-10 11:38:37;PT104;T_CUORE;74.0;C;OK;LOT=L26130-L1-T1;OP=RANZATO_F
2026-05-10 11:41:07;PT104;T_CUORE;73.1;C;OK;LOT=L26130-L1-T1;OP=RANZATO_F
2026-05-10 11:41:37;PT104;T_CUORE;72.9;C;WARN;LOT=L26130-L1-T1;OP=RANZATO_F
2026-05-10 11:42:07;PT104;FT_01;12.4;m3/h;OK;LOT=L26130-L1-T1;OP=RANZATO_F
2026-05-10 11:44:07;PT104;T_CUORE;72.9;C;WARN;LOT=L26130-L1-T1;OP=RANZATO_F
2026-05-10 11:44:37;PT104;T_CUORE;72.7;C;WARN;LOT=L26130-L1-T1;OP=RANZATO_F
2026-05-10 11:45:07;PT104;T_CUORE;73.0;C;OK;LOT=L26130-L1-T1;OP=RANZATO_F
2026-05-10 11:45:37;PT104;FT_01;12.7;m3/h;OK;LOT=L26130-L1-T1;OP=RANZATO_F
2026-05-10 11:45:37;PT104;T_CUORE;72.9;C;WARN;LOT=L26130-L1-T1;OP=RANZATO_F
2026-05-10 11:46:07;PT104;T_CUORE;72.8;C;WARN;LOT=L26130-L1-T1;OP=RANZATO_F
2026-05-10 11:46:37;PT104;T_CUORE;72.8;C;WARN;LOT=L26130-L1-T1;OP=RANZATO_F
2026-05-10 11:47:37;PT104;T_CUORE;72.8;C;WARN;LOT=L26130-L1-T1;OP=RANZATO_F
2026-05-10 11:48:37;PT104;T_CUORE;73.0;C;WARN;LOT=L26130-L1-T1;OP=RANZATO_F
2026-05-10 11:49:07;PT104;SPEED;4.2;m/min;OK;LOT=L26130-L1-T1;OP=RANZATO_F
2026-05-10 11:49:37;PT104;T_CUORE;72.7;C;WARN;LOT=L26130-L1-T1;OP=RANZATO_F
2026-05-10 11:50:07;PT104;T_CUORE;72.9;C;WARN;LOT=L26130-L1-T1;OP=RANZATO_F
2026-05-10 11:50:37;PT104;T_CUORE;72.8;C;WARN;LOT=L26130-L1-T1;OP=RANZATO_F
2026-05-10 11:51:37;PT104;T_CUORE;73.1;C;OK;LOT=L26130-L1-T1;OP=RANZATO_F
2026-05-10 11:53:07;PT104;TT_01;74.8;C;OK;LOT=L26130-L1-T1;OP=RANZATO_F
2026-05-10 11:54:07;PT104;T_CUORE;73.6;C;OK;LOT=L26130-L1-T1;OP=RANZATO_F
2026-05-10 11:56:37;PT104;TT_02;74.7;C;OK;LOT=L26130-L1-T1;OP=RANZATO_F
2026-05-10 11:56:37;PT104;T_CUORE;73.7;C;OK;LOT=L26130-L1-T1;OP=RANZATO_F
2026-05-10 11:59:07;PT104;T_CUORE;73.8;C;OK;LOT=L26130-L1-T1;OP=RANZATO_F
2026-05-10 12:00:07;PT104;TT_02;75.4;C;OK;LOT=L26130-L1-T1;OP=RANZATO_F
2026-05-10 12:01:37;PT104;T_CUORE;74.5;C;OK;LOT=L26130-L1-T1;OP=RANZATO_F
2026-05-10 12:03:37;PT104;TT_03;73.9;C;OK;LOT=L26130-L1-T1;OP=RANZATO_F
2026-05-10 12:04:07;PT104;T_CUORE;74.2;C;OK;LOT=L26130-L1-T1;OP=RANZATO_F
2026-05-10 12:06:37;PT104;T_CUORE;74.3;C;OK;LOT=L26130-L1-T1;OP=RANZATO_F
2026-05-10 12:07:07;PT104;FT_01;12.5;m3/h;OK;LOT=L26130-L1-T1;OP=RANZATO_F
2026-05-10 12:09:07;PT104;T_CUORE;73.7;C;OK;LOT=L26130-L1-T1;OP=RANZATO_F
2026-05-10 12:10:37;PT104;SPEED;4.2;m/min;OK;LOT=L26130-L1-T1;OP=RANZATO_F
2026-05-10 12:11:37;PT104;T_CUORE;73.8;C;OK;LOT=L26130-L1-T1;OP=RANZATO_F
2026-05-10 12:14:07;PT104;SPEED;4.2;m/min;OK;LOT=L26130-L1-T1;OP=RANZATO_F
2026-05-10 12:14:07;PT104;T_CUORE;73.7;C;OK;LOT=L26130-L1-T1;OP=RANZATO_F
2026-05-10 12:14:37;PT104;T_CUORE;73.0;C;WARN;LOT=L26130-L1-T1;OP=RANZATO_F
2026-05-10 12:15:37;PT104;T_CUORE;73.0;C;WARN;LOT=L26130-L1-T1;OP=RANZATO_F
2026-05-10 12:16:07;PT104;T_CUORE;72.8;C;WARN;LOT=L26130-L1-T1;OP=RANZATO_F
2026-05-10 12:17:37;PT104;T_CUORE;72.9;C;WARN;LOT=L26130-L1-T1;OP=RANZATO_F
2026-05-10 12:18:07;PT104;TT_01;73.5;C;OK;LOT=L26130-L1-T1;OP=RANZATO_F
2026-05-10 12:18:07;PT104;T_CUORE;72.9;C;WARN;LOT=L26130-L1-T1;OP=RANZATO_F
2026-05-10 12:19:07;PT104;T_CUORE;72.8;C;WARN;LOT=L26130-L1-T1;OP=RANZATO_F
2026-05-10 12:19:37;PT104;T_CUORE;73.0;C;WARN;LOT=L26130-L1-T1;OP=RANZATO_F
2026-05-10 12:20:07;PT104;T_CUORE;73.0;C;WARN;LOT=L26130-L1-T1;OP=RANZATO_F
2026-05-10 12:20:37;PT104;T_CUORE;72.7;C;WARN;LOT=L26130-L1-T1;OP=RANZATO_F
2026-05-10 12:21:07;PT104;T_CUORE;72.8;C;WARN;LOT=L26130-L1-T1;OP=RANZATO_F
2026-05-10 12:21:37;PT104;TT_02;73.8;C;OK;LOT=L26130-L1-T1;OP=RANZATO_F
2026-05-10 12:21:37;PT104;T_CUORE;73.2;C;OK;LOT=L26130-L1-T1;OP=RANZATO_F
2026-05-10 12:22:07;PT104;T_CUORE;72.8;C;WARN;LOT=L26130-L1-T1;OP=RANZATO_F
2026-05-10 12:23:37;PT104;T_CUORE;72.9;C;WARN;LOT=L26130-L1-T1;OP=RANZATO_F
2026-05-10 12:24:37;PT104;T_CUORE;72.8;C;WARN;LOT=L26130-L1-T1;OP=RANZATO_F
2026-05-10 12:25:07;PT104;TT_03;73.1;C;OK;LOT=L26130-L1-T1;OP=RANZATO_F
2026-05-10 12:25:37;PT104;T_CUORE;73.6;C;OK;LOT=L26130-L1-T1;OP=RANZATO_F
2026-05-10 12:28:07;PT104;T_CUORE;73.6;C;OK;LOT=L26130-L1-T1;OP=RANZATO_F
2026-05-10 12:28:37;PT104;TT_03;73.3;C;OK;LOT=L26130-L1-T1;OP=RANZATO_F
2026-05-10 12:30:37;PT104;T_CUORE;73.8;C;OK;LOT=L26130-L1-T1;OP=RANZATO_F
2026-05-10 12:32:07;PT104;FT_01;12.1;m3/h;OK;LOT=L26130-L1-T1;OP=RANZATO_F
2026-05-10 12:33:07;PT104;T_CUORE;74.4;C;OK;LOT=L26130-L1-T1;OP=RANZATO_F
2026-05-10 12:35:37;PT104;SPEED;4.2;m/min;OK;LOT=L26130-L1-T1;OP=RANZATO_F
2026-05-10 12:35:37;PT104;T_CUORE;74.6;C;OK;LOT=L26130-L1-T1;OP=RANZATO_F
2026-05-10 12:38:07;PT104;T_CUORE;74.3;C;OK;LOT=L26130-L1-T1;OP=RANZATO_F
2026-05-10 12:39:37;PT104;TT_01;75.4;C;OK;LOT=L26130-L1-T1;OP=RANZATO_F
2026-05-10 12:40:37;PT104;T_CUORE;74.3;C;OK;LOT=L26130-L1-T1;OP=RANZATO_F
2026-05-10 12:43:07;PT104;TT_02;75.5;C;OK;LOT=L26130-L1-T1;OP=RANZATO_F
2026-05-10 12:43:07;PT104;T_CUORE;73.6;C;OK;LOT=L26130-L1-T1;OP=RANZATO_F
2026-05-10 12:45:37;PT104;T_CUORE;73.3;C;OK;LOT=L26130-L1-T1;OP=RANZATO_F
2026-05-10 12:46:37;PT104;TT_02;74.9;C;OK;LOT=L26130-L1-T1;OP=RANZATO_F
2026-05-10 12:47:37;PT104;T_CUORE;72.9;C;WARN;LOT=L26130-L1-T1;OP=RANZATO_F
2026-05-10 12:48:37;PT104;T_CUORE;73.3;C;OK;LOT=L26130-L1-T1;OP=RANZATO_F
2026-05-10 12:49:07;PT104;T_CUORE;72.8;C;WARN;LOT=L26130-L1-T1;OP=RANZATO_F
2026-05-10 12:49:37;PT104;T_CUORE;72.9;C;WARN;LOT=L26130-L1-T1;OP=RANZATO_F
2026-05-10 12:50:07;PT104;TT_03;72.6;C;OK;LOT=L26130-L1-T1;OP=RANZATO_F
2026-05-10 12:50:37;PT104;T_CUORE;73.0;C;WARN;LOT=L26130-L1-T1;OP=RANZATO_F
2026-05-10 12:51:07;PT104;T_CUORE;72.7;C;WARN;LOT=L26130-L1-T1;OP=RANZATO_F
2026-05-10 12:51:37;PT104;T_CUORE;72.9;C;WARN;LOT=L26130-L1-T1;OP=RANZATO_F
2026-05-10 12:52:07;PT104;T_CUORE;72.8;C;WARN;LOT=L26130-L1-T1;OP=RANZATO_F
2026-05-10 12:52:37;PT104;T_CUORE;72.7;C;WARN;LOT=L26130-L1-T1;OP=RANZATO_F
2026-05-10 12:53:37;PT104;FT_01;12.3;m3/h;OK;LOT=L26130-L1-T1;OP=RANZATO_F
2026-05-10 12:54:07;PT104;T_CUORE;72.9;C;WARN;LOT=L26130-L1-T1;OP=RANZATO_F
2026-05-10 12:54:37;PT104;T_CUORE;73.0;C;WARN;LOT=L26130-L1-T1;OP=RANZATO_F
2026-05-10 12:55:07;PT104;T_CUORE;72.8;C;WARN;LOT=L26130-L1-T1;OP=RANZATO_F
2026-05-10 12:56:07;PT104;T_CUORE;72.8;C;WARN;LOT=L26130-L1-T1;OP=RANZATO_F
2026-05-10 12:56:37;PT104;T_CUORE;73.2;C;OK;LOT=L26130-L1-T1;OP=RANZATO_F
2026-05-10 12:57:07;PT104;SPEED;4.2;m/min;OK;LOT=L26130-L1-T1;OP=RANZATO_F
2026-05-10 12:58:37;PT104;T_CUORE;72.9;C;WARN;LOT=L26130-L1-T1;OP=RANZATO_F
2026-05-10 12:59:37;PT104;T_CUORE;73.3;C;OK;LOT=L26130-L1-T1;OP=RANZATO_F
2026-05-10 13:00:37;PT104;SPEED;4.2;m/min;OK;LOT=L26130-L1-T1;OP=RANZATO_F
2026-05-10 13:02:07;PT104;T_CUORE;73.8;C;OK;LOT=L26130-L1-T1;OP=RANZATO_F
2026-05-10 13:04:37;PT104;TT_01;74.8;C;OK;LOT=L26130-L1-T1;OP=RANZATO_F
2026-05-10 13:04:37;PT104;T_CUORE;74.3;C;OK;LOT=L26130-L1-T1;OP=RANZATO_F
2026-05-10 13:07:07;PT104;T_CUORE;74.6;C;OK;LOT=L26130-L1-T1;OP=RANZATO_F
2026-05-10 13:08:07;PT104;TT_02;76.2;C;OK;LOT=L26130-L1-T1;OP=RANZATO_F
2026-05-10 13:09:37;PT104;T_CUORE;74.2;C;OK;LOT=L26130-L1-T1;OP=RANZATO_F
2026-05-10 13:11:37;PT104;TT_03;73.8;C;OK;LOT=L26130-L1-T1;OP=RANZATO_F
2026-05-10 13:12:07;PT104;T_CUORE;73.8;C;OK;LOT=L26130-L1-T1;OP=RANZATO_F
2026-05-10 13:14:37;PT104;T_CUORE;73.8;C;OK;LOT=L26130-L1-T1;OP=RANZATO_F
2026-05-10 13:15:07;PT104;TT_03;73.3;C;OK;LOT=L26130-L1-T1;OP=RANZATO_F
2026-05-10 13:17:07;PT104;T_CUORE;73.2;C;OK;LOT=L26130-L1-T1;OP=RANZATO_F
2026-05-10 13:18:37;PT104;FT_01;12.1;m3/h;OK;LOT=L26130-L1-T1;OP=RANZATO_F
2026-05-10 13:19:07;PT104;T_CUORE;73.0;C;WARN;LOT=L26130-L1-T1;OP=RANZATO_F
2026-05-10 13:20:07;PT104;T_CUORE;73.0;C;WARN;LOT=L26130-L1-T1;OP=RANZATO_F
2026-05-10 13:20:37;PT104;T_CUORE;73.0;C;OK;LOT=L26130-L1-T1;OP=RANZATO_F
2026-05-10 13:21:07;PT104;T_CUORE;72.9;C;WARN;LOT=L26130-L1-T1;OP=RANZATO_F
2026-05-10 13:22:07;PT104;SPEED;4.2;m/min;OK;LOT=L26130-L1-T1;OP=RANZATO_F
2026-05-10 13:22:07;PT104;T_CUORE;72.9;C;WARN;LOT=L26130-L1-T1;OP=RANZATO_F
2026-05-10 13:22:37;PT104;T_CUORE;72.9;C;WARN;LOT=L26130-L1-T1;OP=RANZATO_F
2026-05-10 13:24:07;PT104;T_CUORE;72.8;C;WARN;LOT=L26130-L1-T1;OP=RANZATO_F
2026-05-10 13:24:37;PT104;T_CUORE;72.8;C;WARN;LOT=L26130-L1-T1;OP=RANZATO_F
2026-05-10 13:25:07;PT104;T_CUORE;72.8;C;WARN;LOT=L26130-L1-T1;OP=RANZATO_F
2026-05-10 13:26:07;PT104;TT_01;73.8;C;OK;LOT=L26130-L1-T1;OP=RANZATO_F
2026-05-10 13:26:07;PT104;T_CUORE;72.7;C;WARN;LOT=L26130-L1-T1;OP=RANZATO_F
2026-05-10 13:26:37;PT104;T_CUORE;72.9;C;WARN;LOT=L26130-L1-T1;OP=RANZATO_F
2026-05-10 13:27:07;PT104;T_CUORE;73.0;C;WARN;LOT=L26130-L1-T1;OP=RANZATO_F
2026-05-10 13:27:37;PT104;T_CUORE;73.1;C;OK;LOT=L26130-L1-T1;OP=RANZATO_F
2026-05-10 13:28:07;PT104;T_CUORE;72.6;C;WARN;LOT=L26130-L1-T1;OP=RANZATO_F
2026-05-10 13:29:37;PT104;TT_01;74.1;C;OK;LOT=L26130-L1-T1;OP=RANZATO_F
2026-05-10 13:30:37;PT104;T_CUORE;73.3;C;OK;LOT=L26130-L1-T1;OP=RANZATO_F
2026-05-10 13:33:07;PT104;TT_02;75.1;C;OK;LOT=L26130-L1-T1;OP=RANZATO_F
2026-05-10 13:33:07;PT104;T_CUORE;73.4;C;OK;LOT=L26130-L1-T1;OP=RANZATO_F
2026-05-10 13:35:37;PT104;T_CUORE;74.2;C;OK;LOT=L26130-L1-T1;OP=RANZATO_F
2026-05-10 13:36:37;PT104;TT_03;73.8;C;OK;LOT=L26130-L1-T1;OP=RANZATO_F
2026-05-10 13:38:07;PT104;T_CUORE;73.9;C;OK;LOT=L26130-L1-T1;OP=RANZATO_F
2026-05-10 13:40:07;PT104;FT_01;13.0;m3/h;OK;LOT=L26130-L1-T1;OP=RANZATO_F
2026-05-10 13:40:37;PT104;T_CUORE;74.4;C;OK;LOT=L26130-L1-T1;OP=RANZATO_F
2026-05-10 13:43:07;PT104;T_CUORE;74.3;C;OK;LOT=L26130-L1-T1;OP=RANZATO_F
2026-05-10 13:43:37;PT104;FT_01;12.5;m3/h;OK;LOT=L26130-L1-T1;OP=RANZATO_F
2026-05-10 13:45:37;PT104;T_CUORE;73.8;C;OK;LOT=L26130-L1-T1;OP=RANZATO_F
2026-05-10 13:47:07;PT104;SPEED;4.2;m/min;OK;LOT=L26130-L1-T1;OP=RANZATO_F
2026-05-10 13:48:07;PT104;T_CUORE;73.9;C;OK;LOT=L26130-L1-T1;OP=RANZATO_F
2026-05-10 13:50:37;PT104;T_CUORE;73.5;C;OK;LOT=L26130-L1-T1;OP=RANZATO_F
2026-05-10 13:51:07;PT104;TT_01;74.3;C;OK;LOT=L26130-L1-T1;OP=RANZATO_F
2026-05-10 13:51:37;PT104;T_CUORE;72.8;C;WARN;LOT=L26130-L1-T1;OP=RANZATO_F
2026-05-10 13:52:37;PT104;T_CUORE;72.8;C;WARN;LOT=L26130-L1-T1;OP=RANZATO_F
2026-05-10 13:54:07;PT104;T_CUORE;72.9;C;WARN;LOT=L26130-L1-T1;OP=RANZATO_F
2026-05-10 13:54:37;PT104;TT_02;73.9;C;OK;LOT=L26130-L1-T1;OP=RANZATO_F
2026-05-10 13:54:37;PT104;T_CUORE;73.0;C;OK;LOT=L26130-L1-T1;OP=RANZATO_F
2026-05-10 13:55:07;PT104;T_CUORE;72.9;C;WARN;LOT=L26130-L1-T1;OP=RANZATO_F
2026-05-10 13:55:37;PT104;T_CUORE;72.9;C;WARN;LOT=L26130-L1-T1;OP=RANZATO_F
2026-05-10 13:56:37;PT104;T_CUORE;72.8;C;WARN;LOT=L26130-L1-T1;OP=RANZATO_F
2026-05-10 13:57:07;PT104;T_CUORE;73.0;C;WARN;LOT=L26130-L1-T1;OP=RANZATO_F
2026-05-10 13:58:07;PT104;TT_03;72.4;C;OK;LOT=L26130-L1-T1;OP=RANZATO_F
2026-05-10 13:58:07;PT104;T_CUORE;72.7;C;WARN;LOT=L26130-L1-T1;OP=RANZATO_F
2026-05-10 13:58:37;PT104;T_CUORE;72.4;C;WARN;LOT=L26130-L1-T1;OP=RANZATO_F
2026-05-10 13:59:07;PT104;T_CUORE;72.8;C;WARN;LOT=L26130-L1-T1;OP=RANZATO_F
2026-05-10 13:59:37;PT104;T_CUORE;72.8;C;WARN;LOT=L26130-L1-T1;OP=RANZATO_F
2026-05-10 14:00:07;PT104;TT_01;74.3;C;OK;LOT=L26130-L1-T2;OP=POPESCU_I
2026-05-10 14:00:07;PT104;SPEED;4.2;m/min;OK;LOT=L26130-L1-T2;OP=POPESCU_I
2026-05-10 14:00:07;PT104;T_CUORE;73.0;C;WARN;LOT=L26130-L1-T2;OP=POPESCU_I
2026-05-10 14:00:37;PT104;FT_01;12.6;m3/h;OK;LOT=L26130-L1-T2;OP=POPESCU_I
2026-05-10 14:00:37;PT104;T_CUORE;72.8;C;WARN;LOT=L26130-L1-T2;OP=POPESCU_I
2026-05-10 14:01:07;PT104;TT_03;72.7;C;OK;LOT=L26130-L1-T2;OP=POPESCU_I
2026-05-10 14:01:37;PT104;TT_02;74.3;C;OK;LOT=L26130-L1-T2;OP=POPESCU_I
2026-05-10 14:02:07;PT104;TT_01;74.5;C;OK;LOT=L26130-L1-T2;OP=POPESCU_I
2026-05-10 14:02:07;PT104;SPEED;4.2;m/min;OK;LOT=L26130-L1-T2;OP=POPESCU_I
2026-05-10 14:02:07;PT104;T_CUORE;73.0;C;OK;LOT=L26130-L1-T2;OP=POPESCU_I
2026-05-10 14:02:37;PT104;FT_01;12.6;m3/h;OK;LOT=L26130-L1-T2;OP=POPESCU_I
2026-05-10 14:03:07;PT104;TT_03;72.8;C;OK;LOT=L26130-L1-T2;OP=POPESCU_I
2026-05-10 14:03:37;PT104;TT_02;74.7;C;OK;LOT=L26130-L1-T2;OP=POPESCU_I
2026-05-10 14:04:07;PT104;TT_01;74.6;C;OK;LOT=L26130-L1-T2;OP=POPESCU_I
2026-05-10 14:04:07;PT104;SPEED;4.2;m/min;OK;LOT=L26130-L1-T2;OP=POPESCU_I
2026-05-10 14:04:37;PT104;FT_01;12.4;m3/h;OK;LOT=L26130-L1-T2;OP=POPESCU_I
2026-05-10 14:04:37;PT104;T_CUORE;73.4;C;OK;LOT=L26130-L1-T2;OP=POPESCU_I
2026-05-10 14:05:07;PT104;TT_03;73.4;C;OK;LOT=L26130-L1-T2;OP=POPESCU_I
2026-05-10 14:05:37;PT104;TT_02;75.4;C;OK;LOT=L26130-L1-T2;OP=POPESCU_I
2026-05-10 14:06:07;PT104;TT_01;74.7;C;OK;LOT=L26130-L1-T2;OP=POPESCU_I
2026-05-10 14:06:07;PT104;SPEED;4.1;m/min;OK;LOT=L26130-L1-T2;OP=POPESCU_I
2026-05-10 14:06:37;PT104;FT_01;12.2;m3/h;OK;LOT=L26130-L1-T2;OP=POPESCU_I
2026-05-10 14:07:07;PT104;TT_03;73.6;C;OK;LOT=L26130-L1-T2;OP=POPESCU_I
2026-05-10 14:07:07;PT104;T_CUORE;73.6;C;OK;LOT=L26130-L1-T2;OP=POPESCU_I
2026-05-10 14:07:37;PT104;TT_02;75.8;C;OK;LOT=L26130-L1-T2;OP=POPESCU_I
2026-05-10 14:08:07;PT104;TT_01;74.8;C;OK;LOT=L26130-L1-T2;OP=POPESCU_I
2026-05-10 14:08:07;PT104;SPEED;4.2;m/min;OK;LOT=L26130-L1-T2;OP=POPESCU_I
2026-05-10 14:08:37;PT104;FT_01;12.6;m3/h;OK;LOT=L26130-L1-T2;OP=POPESCU_I
2026-05-10 14:09:07;PT104;TT_03;73.4;C;OK;LOT=L26130-L1-T2;OP=POPESCU_I
2026-05-10 14:09:37;PT104;TT_02;76.1;C;OK;LOT=L26130-L1-T2;OP=POPESCU_I
2026-05-10 14:09:37;PT104;T_CUORE;74.1;C;OK;LOT=L26130-L1-T2;OP=POPESCU_I
2026-05-10 14:10:07;PT104;TT_01;74.9;C;OK;LOT=L26130-L1-T2;OP=POPESCU_I
2026-05-10 14:10:07;PT104;TT_02;76.0;C;OK;LOT=L26130-L1-T2;OP=POPESCU_I
2026-05-10 14:10:07;PT104;TT_03;73.7;C;OK;LOT=L26130-L1-T2;OP=POPESCU_I
2026-05-10 14:10:07;PT104;FT_01;12.6;m3/h;OK;LOT=L26130-L1-T2;OP=POPESCU_I
2026-05-10 14:10:07;PT104;SPEED;4.2;m/min;OK;LOT=L26130-L1-T2;OP=POPESCU_I
2026-05-10 14:10:07;PT104;T_CUORE;74.3;C;OK;LOT=L26130-L1-T2;OP=POPESCU_I
2026-05-10 14:10:37;PT104;TT_01;75.2;C;OK;LOT=L26130-L1-T2;OP=POPESCU_I
2026-05-10 14:10:37;PT104;TT_02;76.1;C;OK;LOT=L26130-L1-T2;OP=POPESCU_I
2026-05-10 14:10:37;PT104;TT_03;74.0;C;OK;LOT=L26130-L1-T2;OP=POPESCU_I
2026-05-10 14:10:37;PT104;FT_01;12.7;m3/h;OK;LOT=L26130-L1-T2;OP=POPESCU_I
2026-05-10 14:10:37;PT104;SPEED;4.2;m/min;OK;LOT=L26130-L1-T2;OP=POPESCU_I
2026-05-10 14:10:37;PT104;T_CUORE;74.1;C;OK;LOT=L26130-L1-T2;OP=POPESCU_I
2026-05-10 14:11:07;PT104;TT_01;74.7;C;OK;LOT=L26130-L1-T2;OP=POPESCU_I
2026-05-10 14:11:07;PT104;TT_02;76.1;C;OK;LOT=L26130-L1-T2;OP=POPESCU_I
2026-05-10 14:11:07;PT104;TT_03;73.9;C;OK;LOT=L26130-L1-T2;OP=POPESCU_I
2026-05-10 14:11:07;PT104;FT_01;12.2;m3/h;OK;LOT=L26130-L1-T2;OP=POPESCU_I
2026-05-10 14:11:07;PT104;SPEED;4.2;m/min;OK;LOT=L26130-L1-T2;OP=POPESCU_I
2026-05-10 14:11:07;PT104;T_CUORE;74.1;C;OK;LOT=L26130-L1-T2;OP=POPESCU_I
2026-05-10 14:11:37;PT104;TT_01;75.1;C;OK;LOT=L26130-L1-T2;OP=POPESCU_I
2026-05-10 14:11:37;PT104;TT_02;76.2;C;OK;LOT=L26130-L1-T2;OP=POPESCU_I
2026-05-10 14:11:37;PT104;TT_03;73.7;C;OK;LOT=L26130-L1-T2;OP=POPESCU_I
2026-05-10 14:11:37;PT104;FT_01;12.6;m3/h;OK;LOT=L26130-L1-T2;OP=POPESCU_I
2026-05-10 14:11:37;PT104;SPEED;4.2;m/min;OK;LOT=L26130-L1-T2;OP=POPESCU_I
2026-05-10 14:11:37;PT104;T_CUORE;74.0;C;OK;LOT=L26130-L1-T2;OP=POPESCU_I
2026-05-10 14:12:07;PT104;TT_01;75.1;C;OK;LOT=L26130-L1-T2;OP=POPESCU_I
2026-05-10 14:12:07;PT104;TT_02;76.2;C;OK;LOT=L26130-L1-T2;OP=POPESCU_I
2026-05-10 14:12:07;PT104;TT_03;74.1;C;OK;LOT=L26130-L1-T2;OP=POPESCU_I
2026-05-10 14:12:07;PT104;FT_01;12.5;m3/h;OK;LOT=L26130-L1-T2;OP=POPESCU_I
2026-05-10 14:12:07;PT104;SPEED;4.2;m/min;OK;LOT=L26130-L1-T2;OP=POPESCU_I
2026-05-10 14:12:07;PT104;T_CUORE;74.1;C;OK;LOT=L26130-L1-T2;OP=POPESCU_I
2026-05-10 14:12:37;PT104;TT_01;75.1;C;OK;LOT=L26130-L1-T2;OP=POPESCU_I
2026-05-10 14:12:37;PT104;TT_02;76.3;C;OK;LOT=L26130-L1-T2;OP=POPESCU_I
2026-05-10 14:12:37;PT104;TT_03;73.8;C;OK;LOT=L26130-L1-T2;OP=POPESCU_I
2026-05-10 14:12:37;PT104;FT_01;12.5;m3/h;OK;LOT=L26130-L1-T2;OP=POPESCU_I
2026-05-10 14:12:37;PT104;SPEED;4.2;m/min;OK;LOT=L26130-L1-T2;OP=POPESCU_I
2026-05-10 14:12:37;PT104;T_CUORE;74.4;C;OK;LOT=L26130-L1-T2;OP=POPESCU_I
2026-05-10 14:13:07;PT104;TT_01;75.0;C;OK;LOT=L26130-L1-T2;OP=POPESCU_I
2026-05-10 14:13:07;PT104;TT_02;76.1;C;OK;LOT=L26130-L1-T2;OP=POPESCU_I
2026-05-10 14:13:07;PT104;TT_03;74.0;C;OK;LOT=L26130-L1-T2;OP=POPESCU_I
2026-05-10 14:13:07;PT104;FT_01;12.4;m3/h;OK;LOT=L26130-L1-T2;OP=POPESCU_I
2026-05-10 14:13:07;PT104;SPEED;4.2;m/min;OK;LOT=L26130-L1-T2;OP=POPESCU_I
2026-05-10 14:13:07;PT104;T_CUORE;74.3;C;OK;LOT=L26130-L1-T2;OP=POPESCU_I
2026-05-10 14:13:07;PT104;MODE;PROD;;OK;LOT=L26130-L1-T2;OP=POPESCU_I
2026-05-10 14:13:37;PT104;TT_01;75.1;C;OK;LOT=L26130-L1-T2;OP=POPESCU_I
2026-05-10 14:13:37;PT104;TT_02;76.1;C;OK;LOT=L26130-L1-T2;OP=POPESCU_I
2026-05-10 14:13:37;PT104;TT_03;73.9;C;OK;LOT=L26130-L1-T2;OP=POPESCU_I
2026-05-10 14:13:37;PT104;FT_01;12.5;m3/h;OK;LOT=L26130-L1-T2;OP=POPESCU_I
2026-05-10 14:13:37;PT104;SPEED;4.2;m/min;OK;LOT=L26130-L1-T2;OP=POPESCU_I
2026-05-10 14:13:37;PT104;T_CUORE;74.5;C;OK;LOT=L26130-L1-T2;OP=POPESCU_I
2026-05-10 14:14:07;PT104;TT_01;75.1;C;OK;LOT=L26130-L1-T2;OP=POPESCU_I
2026-05-10 14:14:07;PT104;TT_02;76.3;C;OK;LOT=L26130-L1-T2;OP=POPESCU_I
2026-05-10 14:14:07;PT104;TT_03;73.9;C;OK;LOT=L26130-L1-T2;OP=POPESCU_I
2026-05-10 14:14:07;PT104;FT_01;12.5;m3/h;OK;LOT=L26130-L1-T2;OP=POPESCU_I
2026-05-10 14:14:07;PT104;SPEED;4.2;m/min;OK;LOT=L26130-L1-T2;OP=POPESCU_I
2026-05-10 14:14:07;PT104;T_CUORE;74.4;C;OK;LOT=L26130-L1-T2;OP=POPESCU_I
2026-05-10 14:14:37;PT104;TT_01;74.8;C;OK;LOT=L26130-L1-T2;OP=POPESCU_I
2026-05-10 14:14:37;PT104;TT_02;76.1;C;OK;LOT=L26130-L1-T2;OP=POPESCU_I
2026-05-10 14:14:37;PT104;TT_03;73.8;C;OK;LOT=L26130-L1-T2;OP=POPESCU_I
2026-05-10 14:14:37;PT104;FT_01;12.5;m3/h;OK;LOT=L26130-L1-T2;OP=POPESCU_I
2026-05-10 14:14:37;PT104;SPEED;4.2;m/min;OK;LOT=L26130-L1-T2;OP=POPESCU_I
2026-05-10 14:14:37;PT104;T_CUORE;74.3;C;OK;LOT=L26130-L1-T2;OP=POPESCU_I
2026-05-10 14:15:07;PT104;TT_01;74.9;C;OK;LOT=L26130-L1-T2;OP=POPESCU_I
2026-05-10 14:15:07;PT104;TT_02;76.0;C;OK;LOT=L26130-L1-T2;OP=POPESCU_I
2026-05-10 14:15:07;PT104;TT_03;74.0;C;OK;LOT=L26130-L1-T2;OP=POPESCU_I
2026-05-10 14:15:07;PT104;FT_01;12.2;m3/h;OK;LOT=L26130-L1-T2;OP=POPESCU_I
2026-05-10 14:15:07;PT104;SPEED;4.2;m/min;OK;LOT=L26130-L1-T2;OP=POPESCU_I
2026-05-10 14:15:07;PT104;T_CUORE;74.2;C;OK;LOT=L26130-L1-T2;OP=POPESCU_I
2026-05-10 14:15:37;PT104;TT_01;74.7;C;OK;LOT=L26130-L1-T2;OP=POPESCU_I
2026-05-10 14:15:37;PT104;TT_02;76.1;C;OK;LOT=L26130-L1-T2;OP=POPESCU_I
2026-05-10 14:15:37;PT104;TT_03;73.8;C;OK;LOT=L26130-L1-T2;OP=POPESCU_I
2026-05-10 14:15:37;PT104;FT_01;12.6;m3/h;OK;LOT=L26130-L1-T2;OP=POPESCU_I
2026-05-10 14:15:37;PT104;SPEED;4.2;m/min;OK;LOT=L26130-L1-T2;OP=POPESCU_I
2026-05-10 14:15:37;PT104;T_CUORE;74.4;C;OK;LOT=L26130-L1-T2;OP=POPESCU_I
2026-05-10 14:16:07;PT104;TT_01;74.7;C;OK;LOT=L26130-L1-T2;OP=POPESCU_I
2026-05-10 14:16:07;PT104;TT_02;75.9;C;OK;LOT=L26130-L1-T2;OP=POPESCU_I
2026-05-10 14:16:07;PT104;TT_03;73.8;C;OK;LOT=L26130-L1-T2;OP=POPESCU_I
2026-05-10 14:16:07;PT104;FT_01;8.6;m3/h;OK;LOT=L26130-L1-T2;OP=POPESCU_I
2026-05-10 14:16:07;PT104;SPEED;4.2;m/min;OK;LOT=L26130-L1-T2;OP=POPESCU_I
2026-05-10 14:16:07;PT104;T_CUORE;73.8;C;OK;LOT=L26130-L1-T2;OP=POPESCU_I
2026-05-10 14:16:37;PT104;TT_01;74.6;C;OK;LOT=L26130-L1-T2;OP=POPESCU_I
2026-05-10 14:16:37;PT104;TT_02;75.9;C;OK;LOT=L26130-L1-T2;OP=POPESCU_I
2026-05-10 14:16:37;PT104;TT_03;73.8;C;OK;LOT=L26130-L1-T2;OP=POPESCU_I
2026-05-10 14:16:37;PT104;FT_01;8.4;m3/h;OK;LOT=L26130-L1-T2;OP=POPESCU_I
2026-05-10 14:16:37;PT104;SPEED;4.2;m/min;OK;LOT=L26130-L1-T2;OP=POPESCU_I
2026-05-10 14:16:37;PT104;T_CUORE;74.0;C;OK;LOT=L26130-L1-T2;OP=POPESCU_I
2026-05-10 14:17:07;PT104;TT_01;74.7;C;OK;LOT=L26130-L1-T2;OP=POPESCU_I
2026-05-10 14:17:07;PT104;TT_02;75.8;C;OK;LOT=L26130-L1-T2;OP=POPESCU_I
2026-05-10 14:17:07;PT104;TT_03;73.6;C;OK;LOT=L26130-L1-T2;OP=POPESCU_I
2026-05-10 14:17:07;PT104;FT_01;8.3;m3/h;OK;LOT=L26130-L1-T2;OP=POPESCU_I
2026-05-10 14:17:07;PT104;SPEED;4.2;m/min;OK;LOT=L26130-L1-T2;OP=POPESCU_I
2026-05-10 14:17:07;PT104;T_CUORE;74.2;C;OK;LOT=L26130-L1-T2;OP=POPESCU_I
2026-05-10 14:17:37;PT104;TT_01;74.8;C;OK;LOT=L26130-L1-T2;OP=POPESCU_I
2026-05-10 14:17:37;PT104;TT_02;75.8;C;OK;LOT=L26130-L1-T2;OP=POPESCU_I
2026-05-10 14:17:37;PT104;TT_03;73.4;C;OK;LOT=L26130-L1-T2;OP=POPESCU_I
2026-05-10 14:17:37;PT104;FT_01;8.0;m3/h;OK;LOT=L26130-L1-T2;OP=POPESCU_I
2026-05-10 14:17:37;PT104;SPEED;4.2;m/min;OK;LOT=L26130-L1-T2;OP=POPESCU_I
2026-05-10 14:17:37;PT104;T_CUORE;74.5;C;OK;LOT=L26130-L1-T2;OP=POPESCU_I
2026-05-10 14:18:07;PT104;TT_01;73.5;C;OK;LOT=L26130-L1-T2;OP=POPESCU_I
2026-05-10 14:18:07;PT104;TT_02;74.6;C;OK;LOT=L26130-L1-T2;OP=POPESCU_I
2026-05-10 14:18:07;PT104;TT_03;73.0;C;OK;LOT=L26130-L1-T2;OP=POPESCU_I
2026-05-10 14:18:07;PT104;FT_01;8.2;m3/h;OK;LOT=L26130-L1-T2;OP=POPESCU_I
2026-05-10 14:18:07;PT104;SPEED;4.2;m/min;OK;LOT=L26130-L1-T2;OP=POPESCU_I
2026-05-10 14:18:07;PT104;T_CUORE;72.9;C;WARN;LOT=L26130-L1-T2;OP=POPESCU_I
2026-05-10 14:18:37;PT104;TT_01;73.2;C;OK;LOT=L26130-L1-T2;OP=POPESCU_I
2026-05-10 14:18:37;PT104;TT_02;74.4;C;OK;LOT=L26130-L1-T2;OP=POPESCU_I
2026-05-10 14:18:37;PT104;TT_03;72.4;C;OK;LOT=L26130-L1-T2;OP=POPESCU_I
2026-05-10 14:18:37;PT104;FT_01;8.4;m3/h;OK;LOT=L26130-L1-T2;OP=POPESCU_I
2026-05-10 14:18:37;PT104;SPEED;4.2;m/min;OK;LOT=L26130-L1-T2;OP=POPESCU_I
2026-05-10 14:18:37;PT104;T_CUORE;72.9;C;WARN;LOT=L26130-L1-T2;OP=POPESCU_I
2026-05-10 14:19:07;PT104;TT_01;72.9;C;OK;LOT=L26130-L1-T2;OP=POPESCU_I
2026-05-10 14:19:07;PT104;TT_02;74.0;C;OK;LOT=L26130-L1-T2;OP=POPESCU_I
2026-05-10 14:19:07;PT104;TT_03;72.1;C;OK;LOT=L26130-L1-T2;OP=POPESCU_I
2026-05-10 14:19:07;PT104;FT_01;8.1;m3/h;OK;LOT=L26130-L1-T2;OP=POPESCU_I
2026-05-10 14:19:07;PT104;SPEED;4.2;m/min;OK;LOT=L26130-L1-T2;OP=POPESCU_I
2026-05-10 14:19:07;PT104;T_CUORE;72.6;C;WARN;LOT=L26130-L1-T2;OP=POPESCU_I
2026-05-10 14:19:37;PT104;TT_01;72.8;C;OK;LOT=L26130-L1-T2;OP=POPESCU_I
2026-05-10 14:19:37;PT104;TT_02;73.8;C;OK;LOT=L26130-L1-T2;OP=POPESCU_I
2026-05-10 14:19:37;PT104;TT_03;71.7;C;OK;LOT=L26130-L1-T2;OP=POPESCU_I
2026-05-10 14:19:37;PT104;FT_01;7.8;m3/h;OK;LOT=L26130-L1-T2;OP=POPESCU_I
2026-05-10 14:19:37;PT104;SPEED;4.2;m/min;OK;LOT=L26130-L1-T2;OP=POPESCU_I
2026-05-10 14:19:37;PT104;T_CUORE;72.4;C;WARN;LOT=L26130-L1-T2;OP=POPESCU_I
2026-05-10 14:20:07;PT104;TT_01;72.5;C;OK;LOT=L26130-L1-T2;OP=POPESCU_I
2026-05-10 14:20:07;PT104;TT_02;73.5;C;OK;LOT=L26130-L1-T2;OP=POPESCU_I
2026-05-10 14:20:07;PT104;TT_03;71.9;C;OK;LOT=L26130-L1-T2;OP=POPESCU_I
2026-05-10 14:20:07;PT104;FT_01;8.3;m3/h;OK;LOT=L26130-L1-T2;OP=POPESCU_I
2026-05-10 14:20:07;PT104;SPEED;4.2;m/min;OK;LOT=L26130-L1-T2;OP=POPESCU_I
2026-05-10 14:20:07;PT104;T_CUORE;69.0;C;WARN;LOT=L26130-L1-T2;OP=POPESCU_I
2026-05-10 14:20:37;PT104;TT_01;72.2;C;OK;LOT=L26130-L1-T2;OP=POPESCU_I
2026-05-10 14:20:37;PT104;TT_02;73.2;C;OK;LOT=L26130-L1-T2;OP=POPESCU_I
2026-05-10 14:20:37;PT104;TT_03;71.8;C;OK;LOT=L26130-L1-T2;OP=POPESCU_I
2026-05-10 14:20:37;PT104;FT_01;8.9;m3/h;OK;LOT=L26130-L1-T2;OP=POPESCU_I
2026-05-10 14:20:37;PT104;SPEED;4.2;m/min;OK;LOT=L26130-L1-T2;OP=POPESCU_I
2026-05-10 14:20:37;PT104;T_CUORE;69.1;C;ALARM;LOT=L26130-L1-T2;OP=POPESCU_I
2026-05-10 14:21:07;PT104;EVT;WRN_LOW_TEMP;TT_02=72.8;WARN;LOT=L26130-L1-T2;OP=POPESCU_I
2026-05-10 14:21:07;PT104;TT_01;72.0;C;OK;LOT=L26130-L1-T2;OP=POPESCU_I
2026-05-10 14:21:07;PT104;TT_02;73.1;C;OK;LOT=L26130-L1-T2;OP=POPESCU_I
2026-05-10 14:21:07;PT104;TT_03;71.2;C;OK;LOT=L26130-L1-T2;OP=POPESCU_I
2026-05-10 14:21:07;PT104;FT_01;8.0;m3/h;OK;LOT=L26130-L1-T2;OP=POPESCU_I
2026-05-10 14:21:07;PT104;SPEED;4.2;m/min;OK;LOT=L26130-L1-T2;OP=POPESCU_I
2026-05-10 14:21:07;PT104;T_CUORE;68.9;C;ALARM;LOT=L26130-L1-T2;OP=POPESCU_I
2026-05-10 14:21:37;PT104;TT_01;72.1;C;OK;LOT=L26130-L1-T2;OP=POPESCU_I
2026-05-10 14:21:37;PT104;TT_02;72.7;C;WARN;LOT=L26130-L1-T2;OP=POPESCU_I
2026-05-10 14:21:37;PT104;TT_03;71.1;C;OK;LOT=L26130-L1-T2;OP=POPESCU_I
2026-05-10 14:21:37;PT104;FT_01;8.5;m3/h;OK;LOT=L26130-L1-T2;OP=POPESCU_I
2026-05-10 14:21:37;PT104;SPEED;4.2;m/min;OK;LOT=L26130-L1-T2;OP=POPESCU_I
2026-05-10 14:21:37;PT104;T_CUORE;69.1;C;ALARM;LOT=L26130-L1-T2;OP=POPESCU_I
2026-05-10 14:22:07;PT104;TT_01;71.7;C;OK;LOT=L26130-L1-T2;OP=POPESCU_I
2026-05-10 14:22:07;PT104;TT_02;72.6;C;WARN;LOT=L26130-L1-T2;OP=POPESCU_I
2026-05-10 14:22:07;PT104;TT_03;71.4;C;OK;LOT=L26130-L1-T2;OP=POPESCU_I
2026-05-10 14:22:07;PT104;FT_01;8.2;m3/h;OK;LOT=L26130-L1-T2;OP=POPESCU_I
2026-05-10 14:22:07;PT104;SPEED;4.2;m/min;OK;LOT=L26130-L1-T2;OP=POPESCU_I
2026-05-10 14:22:07;PT104;T_CUORE;69.3;C;ALARM;LOT=L26130-L1-T2;OP=POPESCU_I
2026-05-10 14:22:37;PT104;TT_01;71.4;C;OK;LOT=L26130-L1-T2;OP=POPESCU_I
2026-05-10 14:22:37;PT104;TT_02;72.2;C;WARN;LOT=L26130-L1-T2;OP=POPESCU_I
2026-05-10 14:22:37;PT104;TT_03;70.8;C;OK;LOT=L26130-L1-T2;OP=POPESCU_I
2026-05-10 14:22:37;PT104;FT_01;8.6;m3/h;OK;LOT=L26130-L1-T2;OP=POPESCU_I
2026-05-10 14:22:37;PT104;SPEED;4.2;m/min;OK;LOT=L26130-L1-T2;OP=POPESCU_I
2026-05-10 14:22:37;PT104;T_CUORE;69.1;C;ALARM;LOT=L26130-L1-T2;OP=POPESCU_I
2026-05-10 14:23:07;PT104;TT_01;71.6;C;OK;LOT=L26130-L1-T2;OP=POPESCU_I
2026-05-10 14:23:07;PT104;TT_02;71.9;C;ALARM;LOT=L26130-L1-T2;OP=POPESCU_I
2026-05-10 14:23:07;PT104;TT_03;70.4;C;OK;LOT=L26130-L1-T2;OP=POPESCU_I
2026-05-10 14:23:07;PT104;FT_01;8.3;m3/h;OK;LOT=L26130-L1-T2;OP=POPESCU_I
2026-05-10 14:23:07;PT104;SPEED;4.2;m/min;OK;LOT=L26130-L1-T2;OP=POPESCU_I
2026-05-10 14:23:07;PT104;T_CUORE;69.0;C;ALARM;LOT=L26130-L1-T2;OP=POPESCU_I
2026-05-10 14:23:37;PT104;EVT;ALM_LOW_TEMP;TT_02=71.9;ALARM;LOT=L26130-L1-T2;OP=POPESCU_I
2026-05-10 14:23:37;PT104;TT_01;71.3;C;OK;LOT=L26130-L1-T2;OP=POPESCU_I
2026-05-10 14:23:37;PT104;TT_02;71.8;C;ALARM;LOT=L26130-L1-T2;OP=POPESCU_I
2026-05-10 14:23:37;PT104;TT_03;70.3;C;OK;LOT=L26130-L1-T2;OP=POPESCU_I
2026-05-10 14:23:37;PT104;FT_01;8.4;m3/h;OK;LOT=L26130-L1-T2;OP=POPESCU_I
2026-05-10 14:23:37;PT104;SPEED;4.2;m/min;OK;LOT=L26130-L1-T2;OP=POPESCU_I
2026-05-10 14:23:37;PT104;T_CUORE;69.0;C;ALARM;LOT=L26130-L1-T2;OP=POPESCU_I
2026-05-10 14:24:07;PT104;EVT;DEV_CCP2;T_CUORE<72.0 LIM=72.0;ALARM;LOT=L26130-L1-T2;OP=POPESCU_I
2026-05-10 14:24:07;PT104;TT_01;71.5;C;OK;LOT=L26130-L1-T2;OP=POPESCU_I
2026-05-10 14:24:07;PT104;TT_02;71.4;C;ALARM;LOT=L26130-L1-T2;OP=POPESCU_I
2026-05-10 14:24:07;PT104;TT_03;70.1;C;OK;LOT=L26130-L1-T2;OP=POPESCU_I
2026-05-10 14:24:07;PT104;FT_01;8.0;m3/h;OK;LOT=L26130-L1-T2;OP=POPESCU_I
2026-05-10 14:24:07;PT104;SPEED;4.2;m/min;OK;LOT=L26130-L1-T2;OP=POPESCU_I
2026-05-10 14:24:07;PT104;T_CUORE;69.0;C;ALARM;LOT=L26130-L1-T2;OP=POPESCU_I
2026-05-10 14:24:37;PT104;TT_01;71.1;C;OK;LOT=L26130-L1-T2;OP=POPESCU_I
2026-05-10 14:24:37;PT104;TT_02;71.3;C;ALARM;LOT=L26130-L1-T2;OP=POPESCU_I
2026-05-10 14:24:37;PT104;TT_03;69.7;C;OK;LOT=L26130-L1-T2;OP=POPESCU_I
2026-05-10 14:24:37;PT104;FT_01;8.5;m3/h;OK;LOT=L26130-L1-T2;OP=POPESCU_I
2026-05-10 14:24:37;PT104;SPEED;4.2;m/min;OK;LOT=L26130-L1-T2;OP=POPESCU_I
2026-05-10 14:24:37;PT104;T_CUORE;69.0;C;ALARM;LOT=L26130-L1-T2;OP=POPESCU_I
2026-05-10 14:25:07;PT104;TT_01;71.3;C;OK;LOT=L26130-L1-T2;OP=POPESCU_I
2026-05-10 14:25:07;PT104;TT_02;70.9;C;ALARM;LOT=L26130-L1-T2;OP=POPESCU_I
2026-05-10 14:25:07;PT104;TT_03;69.7;C;OK;LOT=L26130-L1-T2;OP=POPESCU_I
2026-05-10 14:25:07;PT104;FT_01;8.1;m3/h;OK;LOT=L26130-L1-T2;OP=POPESCU_I
2026-05-10 14:25:07;PT104;SPEED;4.2;m/min;OK;LOT=L26130-L1-T2;OP=POPESCU_I
2026-05-10 14:25:07;PT104;T_CUORE;69.1;C;ALARM;LOT=L26130-L1-T2;OP=POPESCU_I
2026-05-10 14:25:37;PT104;TT_01;71.1;C;OK;LOT=L26130-L1-T2;OP=POPESCU_I
2026-05-10 14:25:37;PT104;TT_02;70.9;C;ALARM;LOT=L26130-L1-T2;OP=POPESCU_I
2026-05-10 14:25:37;PT104;TT_03;69.1;C;OK;LOT=L26130-L1-T2;OP=POPESCU_I
2026-05-10 14:25:37;PT104;FT_01;8.6;m3/h;OK;LOT=L26130-L1-T2;OP=POPESCU_I
2026-05-10 14:25:37;PT104;SPEED;4.2;m/min;OK;LOT=L26130-L1-T2;OP=POPESCU_I
2026-05-10 14:25:37;PT104;T_CUORE;69.1;C;ALARM;LOT=L26130-L1-T2;OP=POPESCU_I
2026-05-10 14:26:07;PT104;TT_01;71.7;C;OK;LOT=L26130-L1-T2;OP=POPESCU_I
2026-05-10 14:26:07;PT104;TT_02;70.7;C;ALARM;LOT=L26130-L1-T2;OP=POPESCU_I
2026-05-10 14:26:07;PT104;TT_03;69.3;C;OK;LOT=L26130-L1-T2;OP=POPESCU_I
2026-05-10 14:26:07;PT104;FT_01;8.0;m3/h;OK;LOT=L26130-L1-T2;OP=POPESCU_I
2026-05-10 14:26:07;PT104;SPEED;4.2;m/min;OK;LOT=L26130-L1-T2;OP=POPESCU_I
2026-05-10 14:26:07;PT104;T_CUORE;68.9;C;ALARM;LOT=L26130-L1-T2;OP=POPESCU_I
2026-05-10 14:26:37;PT104;TT_01;71.1;C;OK;LOT=L26130-L1-T2;OP=POPESCU_I
2026-05-10 14:26:37;PT104;TT_02;70.6;C;ALARM;LOT=L26130-L1-T2;OP=POPESCU_I
2026-05-10 14:26:37;PT104;TT_03;68.9;C;OK;LOT=L26130-L1-T2;OP=POPESCU_I
2026-05-10 14:26:37;PT104;FT_01;7.9;m3/h;OK;LOT=L26130-L1-T2;OP=POPESCU_I
2026-05-10 14:26:37;PT104;SPEED;4.2;m/min;OK;LOT=L26130-L1-T2;OP=POPESCU_I
2026-05-10 14:26:37;PT104;T_CUORE;69.5;C;ALARM;LOT=L26130-L1-T2;OP=POPESCU_I
2026-05-10 14:27:07;PT104;TT_01;71.5;C;OK;LOT=L26130-L1-T2;OP=POPESCU_I
2026-05-10 14:27:07;PT104;TT_02;70.1;C;ALARM;LOT=L26130-L1-T2;OP=POPESCU_I
2026-05-10 14:27:07;PT104;TT_03;68.9;C;OK;LOT=L26130-L1-T2;OP=POPESCU_I
2026-05-10 14:27:07;PT104;FT_01;8.7;m3/h;OK;LOT=L26130-L1-T2;OP=POPESCU_I
2026-05-10 14:27:07;PT104;SPEED;4.2;m/min;OK;LOT=L26130-L1-T2;OP=POPESCU_I
2026-05-10 14:27:07;PT104;T_CUORE;69.1;C;ALARM;LOT=L26130-L1-T2;OP=POPESCU_I
2026-05-10 14:27:37;PT104;TT_01;71.3;C;OK;LOT=L26130-L1-T2;OP=POPESCU_I
2026-05-10 14:27:37;PT104;TT_02;69.9;C;ALARM;LOT=L26130-L1-T2;OP=POPESCU_I
2026-05-10 14:27:37;PT104;TT_03;68.6;C;OK;LOT=L26130-L1-T2;OP=POPESCU_I
2026-05-10 14:27:37;PT104;FT_01;8.2;m3/h;OK;LOT=L26130-L1-T2;OP=POPESCU_I
2026-05-10 14:27:37;PT104;SPEED;4.2;m/min;OK;LOT=L26130-L1-T2;OP=POPESCU_I
2026-05-10 14:27:37;PT104;T_CUORE;69.1;C;ALARM;LOT=L26130-L1-T2;OP=POPESCU_I
2026-05-10 14:28:07;PT104;TT_01;71.4;C;OK;LOT=L26130-L1-T2;OP=POPESCU_I
2026-05-10 14:28:07;PT104;TT_02;69.8;C;ALARM;LOT=L26130-L1-T2;OP=POPESCU_I
2026-05-10 14:28:07;PT104;TT_03;68.3;C;OK;LOT=L26130-L1-T2;OP=POPESCU_I
2026-05-10 14:28:07;PT104;FT_01;8.7;m3/h;OK;LOT=L26130-L1-T2;OP=POPESCU_I
2026-05-10 14:28:07;PT104;SPEED;4.2;m/min;OK;LOT=L26130-L1-T2;OP=POPESCU_I
2026-05-10 14:28:07;PT104;T_CUORE;69.1;C;ALARM;LOT=L26130-L1-T2;OP=POPESCU_I
2026-05-10 14:28:07;PT104;MODE;PROD;;OK;LOT=L26130-L1-T2;OP=POPESCU_I
2026-05-10 14:28:37;PT104;TT_01;71.2;C;OK;LOT=L26130-L1-T2;OP=POPESCU_I
2026-05-10 14:28:37;PT104;TT_02;69.5;C;ALARM;LOT=L26130-L1-T2;OP=POPESCU_I
2026-05-10 14:28:37;PT104;TT_03;68.2;C;OK;LOT=L26130-L1-T2;OP=POPESCU_I
2026-05-10 14:28:37;PT104;FT_01;8.4;m3/h;OK;LOT=L26130-L1-T2;OP=POPESCU_I
2026-05-10 14:28:37;PT104;SPEED;4.2;m/min;OK;LOT=L26130-L1-T2;OP=POPESCU_I
2026-05-10 14:28:37;PT104;T_CUORE;68.9;C;ALARM;LOT=L26130-L1-T2;OP=POPESCU_I
2026-05-10 14:29:07;PT104;TT_01;72.1;C;OK;LOT=L26130-L1-T2;OP=POPESCU_I
2026-05-10 14:29:07;PT104;TT_02;69.3;C;ALARM;LOT=L26130-L1-T2;OP=POPESCU_I
2026-05-10 14:29:07;PT104;TT_03;67.8;C;OK;LOT=L26130-L1-T2;OP=POPESCU_I
2026-05-10 14:29:07;PT104;FT_01;8.1;m3/h;OK;LOT=L26130-L1-T2;OP=POPESCU_I
2026-05-10 14:29:07;PT104;SPEED;4.2;m/min;OK;LOT=L26130-L1-T2;OP=POPESCU_I
2026-05-10 14:29:07;PT104;T_CUORE;69.2;C;ALARM;LOT=L26130-L1-T2;OP=POPESCU_I
2026-05-10 14:29:37;PT104;TT_01;71.4;C;OK;LOT=L26130-L1-T2;OP=POPESCU_I
2026-05-10 14:29:37;PT104;TT_02;69.2;C;ALARM;LOT=L26130-L1-T2;OP=POPESCU_I
2026-05-10 14:29:37;PT104;TT_03;67.8;C;OK;LOT=L26130-L1-T2;OP=POPESCU_I
2026-05-10 14:29:37;PT104;FT_01;8.3;m3/h;OK;LOT=L26130-L1-T2;OP=POPESCU_I
2026-05-10 14:29:37;PT104;SPEED;4.2;m/min;OK;LOT=L26130-L1-T2;OP=POPESCU_I
2026-05-10 14:29:37;PT104;T_CUORE;69.0;C;ALARM;LOT=L26130-L1-T2;OP=POPESCU_I
2026-05-10 14:30:07;PT104;TT_01;71.4;C;OK;LOT=L26130-L1-T2;OP=POPESCU_I
2026-05-10 14:30:07;PT104;TT_02;68.8;C;ALARM;LOT=L26130-L1-T2;OP=POPESCU_I
2026-05-10 14:30:07;PT104;TT_03;67.5;C;OK;LOT=L26130-L1-T2;OP=POPESCU_I
2026-05-10 14:30:07;PT104;FT_01;12.7;m3/h;OK;LOT=L26130-L1-T2;OP=POPESCU_I
2026-05-10 14:30:07;PT104;SPEED;4.2;m/min;OK;LOT=L26130-L1-T2;OP=POPESCU_I
2026-05-10 14:30:07;PT104;T_CUORE;68.9;C;ALARM;LOT=L26130-L1-T2;OP=POPESCU_I
2026-05-10 14:30:37;PT104;TT_01;71.0;C;OK;LOT=L26130-L1-T2;OP=POPESCU_I
2026-05-10 14:30:37;PT104;TT_02;68.6;C;ALARM;LOT=L26130-L1-T2;OP=POPESCU_I
2026-05-10 14:30:37;PT104;TT_03;67.2;C;OK;LOT=L26130-L1-T2;OP=POPESCU_I
2026-05-10 14:30:37;PT104;FT_01;12.3;m3/h;OK;LOT=L26130-L1-T2;OP=POPESCU_I
2026-05-10 14:30:37;PT104;SPEED;4.2;m/min;OK;LOT=L26130-L1-T2;OP=POPESCU_I
2026-05-10 14:30:37;PT104;T_CUORE;69.0;C;ALARM;LOT=L26130-L1-T2;OP=POPESCU_I
2026-05-10 14:31:07;PT104;TT_01;71.6;C;OK;LOT=L26130-L1-T2;OP=POPESCU_I
2026-05-10 14:31:07;PT104;TT_02;68.9;C;ALARM;LOT=L26130-L1-T2;OP=POPESCU_I
2026-05-10 14:31:07;PT104;TT_03;67.1;C;OK;LOT=L26130-L1-T2;OP=POPESCU_I
2026-05-10 14:31:07;PT104;FT_01;12.3;m3/h;OK;LOT=L26130-L1-T2;OP=POPESCU_I
2026-05-10 14:31:07;PT104;SPEED;4.2;m/min;OK;LOT=L26130-L1-T2;OP=POPESCU_I
2026-05-10 14:31:07;PT104;T_CUORE;68.9;C;ALARM;LOT=L26130-L1-T2;OP=POPESCU_I
2026-05-10 14:31:37;PT104;TT_01;71.3;C;OK;LOT=L26130-L1-T2;OP=POPESCU_I
2026-05-10 14:31:37;PT104;TT_02;69.0;C;ALARM;LOT=L26130-L1-T2;OP=POPESCU_I
2026-05-10 14:31:37;PT104;TT_03;67.5;C;OK;LOT=L26130-L1-T2;OP=POPESCU_I
2026-05-10 14:31:37;PT104;FT_01;12.4;m3/h;OK;LOT=L26130-L1-T2;OP=POPESCU_I
2026-05-10 14:31:37;PT104;SPEED;4.2;m/min;OK;LOT=L26130-L1-T2;OP=POPESCU_I
2026-05-10 14:31:37;PT104;T_CUORE;69.0;C;ALARM;LOT=L26130-L1-T2;OP=POPESCU_I
2026-05-10 14:32:07;PT104;TT_01;70.9;C;OK;LOT=L26130-L1-T2;OP=POPESCU_I
2026-05-10 14:32:07;PT104;TT_02;68.9;C;ALARM;LOT=L26130-L1-T2;OP=POPESCU_I
2026-05-10 14:32:07;PT104;TT_03;67.5;C;OK;LOT=L26130-L1-T2;OP=POPESCU_I
2026-05-10 14:32:07;PT104;FT_01;12.4;m3/h;OK;LOT=L26130-L1-T2;OP=POPESCU_I
2026-05-10 14:32:07;PT104;SPEED;4.2;m/min;OK;LOT=L26130-L1-T2;OP=POPESCU_I
2026-05-10 14:32:07;PT104;T_CUORE;69.0;C;ALARM;LOT=L26130-L1-T2;OP=POPESCU_I
2026-05-10 14:32:37;PT104;TT_01;71.1;C;OK;LOT=L26130-L1-T2;OP=POPESCU_I
2026-05-10 14:32:37;PT104;TT_02;69.1;C;ALARM;LOT=L26130-L1-T2;OP=POPESCU_I
2026-05-10 14:32:37;PT104;TT_03;67.5;C;OK;LOT=L26130-L1-T2;OP=POPESCU_I
2026-05-10 14:32:37;PT104;FT_01;12.2;m3/h;OK;LOT=L26130-L1-T2;OP=POPESCU_I
2026-05-10 14:32:37;PT104;SPEED;4.2;m/min;OK;LOT=L26130-L1-T2;OP=POPESCU_I
2026-05-10 14:32:37;PT104;T_CUORE;69.0;C;ALARM;LOT=L26130-L1-T2;OP=POPESCU_I
2026-05-10 14:33:07;PT104;TT_01;71.1;C;OK;LOT=L26130-L1-T2;OP=POPESCU_I
2026-05-10 14:33:07;PT104;TT_02;69.6;C;ALARM;LOT=L26130-L1-T2;OP=POPESCU_I
2026-05-10 14:33:07;PT104;TT_03;67.7;C;OK;LOT=L26130-L1-T2;OP=POPESCU_I
2026-05-10 14:33:07;PT104;FT_01;12.1;m3/h;OK;LOT=L26130-L1-T2;OP=POPESCU_I
2026-05-10 14:33:07;PT104;SPEED;4.2;m/min;OK;LOT=L26130-L1-T2;OP=POPESCU_I
2026-05-10 14:33:07;PT104;T_CUORE;69.2;C;ALARM;LOT=L26130-L1-T2;OP=POPESCU_I
2026-05-10 14:33:37;PT104;TT_01;71.5;C;OK;LOT=L26130-L1-T2;OP=POPESCU_I
2026-05-10 14:33:37;PT104;TT_02;69.7;C;ALARM;LOT=L26130-L1-T2;OP=POPESCU_I
2026-05-10 14:33:37;PT104;TT_03;68.1;C;OK;LOT=L26130-L1-T2;OP=POPESCU_I
2026-05-10 14:33:37;PT104;FT_01;12.6;m3/h;OK;LOT=L26130-L1-T2;OP=POPESCU_I
2026-05-10 14:33:37;PT104;SPEED;4.2;m/min;OK;LOT=L26130-L1-T2;OP=POPESCU_I
2026-05-10 14:33:37;PT104;T_CUORE;69.0;C;ALARM;LOT=L26130-L1-T2;OP=POPESCU_I
2026-05-10 14:34:07;PT104;TT_01;71.0;C;OK;LOT=L26130-L1-T2;OP=POPESCU_I
2026-05-10 14:34:07;PT104;TT_02;69.8;C;ALARM;LOT=L26130-L1-T2;OP=POPESCU_I
2026-05-10 14:34:07;PT104;TT_03;68.1;C;OK;LOT=L26130-L1-T2;OP=POPESCU_I
2026-05-10 14:34:07;PT104;FT_01;12.6;m3/h;OK;LOT=L26130-L1-T2;OP=POPESCU_I
2026-05-10 14:34:07;PT104;SPEED;4.2;m/min;OK;LOT=L26130-L1-T2;OP=POPESCU_I
2026-05-10 14:34:07;PT104;T_CUORE;69.2;C;ALARM;LOT=L26130-L1-T2;OP=POPESCU_I
2026-05-10 14:34:37;PT104;TT_01;71.6;C;OK;LOT=L26130-L1-T2;OP=POPESCU_I
2026-05-10 14:34:37;PT104;TT_02;70.4;C;ALARM;LOT=L26130-L1-T2;OP=POPESCU_I
2026-05-10 14:34:37;PT104;TT_03;68.3;C;OK;LOT=L26130-L1-T2;OP=POPESCU_I
2026-05-10 14:34:37;PT104;FT_01;12.6;m3/h;OK;LOT=L26130-L1-T2;OP=POPESCU_I
2026-05-10 14:34:37;PT104;SPEED;4.2;m/min;OK;LOT=L26130-L1-T2;OP=POPESCU_I
2026-05-10 14:34:37;PT104;T_CUORE;69.0;C;ALARM;LOT=L26130-L1-T2;OP=POPESCU_I
2026-05-10 14:35:07;PT104;TT_01;71.3;C;OK;LOT=L26130-L1-T2;OP=POPESCU_I
2026-05-10 14:35:07;PT104;TT_02;70.6;C;ALARM;LOT=L26130-L1-T2;OP=POPESCU_I
2026-05-10 14:35:07;PT104;TT_03;68.6;C;OK;LOT=L26130-L1-T2;OP=POPESCU_I
2026-05-10 14:35:07;PT104;FT_01;12.6;m3/h;OK;LOT=L26130-L1-T2;OP=POPESCU_I
2026-05-10 14:35:07;PT104;SPEED;4.2;m/min;OK;LOT=L26130-L1-T2;OP=POPESCU_I
2026-05-10 14:35:07;PT104;T_CUORE;69.0;C;ALARM;LOT=L26130-L1-T2;OP=POPESCU_I
2026-05-10 14:35:37;PT104;TT_01;71.3;C;OK;LOT=L26130-L1-T2;OP=POPESCU_I
2026-05-10 14:35:37;PT104;TT_02;70.4;C;ALARM;LOT=L26130-L1-T2;OP=POPESCU_I
2026-05-10 14:35:37;PT104;TT_03;68.7;C;OK;LOT=L26130-L1-T2;OP=POPESCU_I
2026-05-10 14:35:37;PT104;FT_01;12.3;m3/h;OK;LOT=L26130-L1-T2;OP=POPESCU_I
2026-05-10 14:35:37;PT104;SPEED;4.2;m/min;OK;LOT=L26130-L1-T2;OP=POPESCU_I
2026-05-10 14:35:37;PT104;T_CUORE;69.1;C;ALARM;LOT=L26130-L1-T2;OP=POPESCU_I
2026-05-10 14:36:07;PT104;TT_01;70.9;C;OK;LOT=L26130-L1-T2;OP=POPESCU_I
2026-05-10 14:36:07;PT104;TT_02;71.0;C;ALARM;LOT=L26130-L1-T2;OP=POPESCU_I
2026-05-10 14:36:07;PT104;TT_03;68.9;C;OK;LOT=L26130-L1-T2;OP=POPESCU_I
2026-05-10 14:36:07;PT104;FT_01;12.8;m3/h;OK;LOT=L26130-L1-T2;OP=POPESCU_I
2026-05-10 14:36:07;PT104;SPEED;4.2;m/min;OK;LOT=L26130-L1-T2;OP=POPESCU_I
2026-05-10 14:36:07;PT104;T_CUORE;69.0;C;ALARM;LOT=L26130-L1-T2;OP=POPESCU_I
2026-05-10 14:36:37;PT104;TT_01;71.3;C;OK;LOT=L26130-L1-T2;OP=POPESCU_I
2026-05-10 14:36:37;PT104;TT_02;71.0;C;ALARM;LOT=L26130-L1-T2;OP=POPESCU_I
2026-05-10 14:36:37;PT104;TT_03;69.1;C;OK;LOT=L26130-L1-T2;OP=POPESCU_I
2026-05-10 14:36:37;PT104;FT_01;12.6;m3/h;OK;LOT=L26130-L1-T2;OP=POPESCU_I
2026-05-10 14:36:37;PT104;SPEED;4.2;m/min;OK;LOT=L26130-L1-T2;OP=POPESCU_I
2026-05-10 14:36:37;PT104;T_CUORE;69.0;C;ALARM;LOT=L26130-L1-T2;OP=POPESCU_I
2026-05-10 14:37:07;PT104;TT_01;71.4;C;OK;LOT=L26130-L1-T2;OP=POPESCU_I
2026-05-10 14:37:07;PT104;TT_02;71.1;C;ALARM;LOT=L26130-L1-T2;OP=POPESCU_I
2026-05-10 14:37:07;PT104;TT_03;69.2;C;OK;LOT=L26130-L1-T2;OP=POPESCU_I
2026-05-10 14:37:07;PT104;FT_01;12.6;m3/h;OK;LOT=L26130-L1-T2;OP=POPESCU_I
2026-05-10 14:37:07;PT104;SPEED;4.2;m/min;OK;LOT=L26130-L1-T2;OP=POPESCU_I
2026-05-10 14:37:07;PT104;T_CUORE;68.9;C;ALARM;LOT=L26130-L1-T2;OP=POPESCU_I
2026-05-10 14:37:37;PT104;TT_01;71.2;C;OK;LOT=L26130-L1-T2;OP=POPESCU_I
2026-05-10 14:37:37;PT104;TT_02;71.3;C;ALARM;LOT=L26130-L1-T2;OP=POPESCU_I
2026-05-10 14:37:37;PT104;TT_03;69.4;C;OK;LOT=L26130-L1-T2;OP=POPESCU_I
2026-05-10 14:37:37;PT104;FT_01;12.4;m3/h;OK;LOT=L26130-L1-T2;OP=POPESCU_I
2026-05-10 14:37:37;PT104;SPEED;4.2;m/min;OK;LOT=L26130-L1-T2;OP=POPESCU_I
2026-05-10 14:37:37;PT104;T_CUORE;69.0;C;ALARM;LOT=L26130-L1-T2;OP=POPESCU_I
2026-05-10 14:38:07;PT104;TT_01;71.3;C;OK;LOT=L26130-L1-T2;OP=POPESCU_I
2026-05-10 14:38:07;PT104;TT_02;71.6;C;ALARM;LOT=L26130-L1-T2;OP=POPESCU_I
2026-05-10 14:38:07;PT104;TT_03;69.5;C;OK;LOT=L26130-L1-T2;OP=POPESCU_I
2026-05-10 14:38:07;PT104;FT_01;12.6;m3/h;OK;LOT=L26130-L1-T2;OP=POPESCU_I
2026-05-10 14:38:07;PT104;SPEED;4.2;m/min;OK;LOT=L26130-L1-T2;OP=POPESCU_I
2026-05-10 14:38:07;PT104;T_CUORE;68.9;C;ALARM;LOT=L26130-L1-T2;OP=POPESCU_I
2026-05-10 14:38:37;PT104;TT_01;71.2;C;OK;LOT=L26130-L1-T2;OP=POPESCU_I
2026-05-10 14:38:37;PT104;TT_02;72.1;C;WARN;LOT=L26130-L1-T2;OP=POPESCU_I
2026-05-10 14:38:37;PT104;TT_03;69.7;C;OK;LOT=L26130-L1-T2;OP=POPESCU_I
2026-05-10 14:38:37;PT104;FT_01;12.8;m3/h;OK;LOT=L26130-L1-T2;OP=POPESCU_I
2026-05-10 14:38:37;PT104;SPEED;4.2;m/min;OK;LOT=L26130-L1-T2;OP=POPESCU_I
2026-05-10 14:38:37;PT104;T_CUORE;69.0;C;ALARM;LOT=L26130-L1-T2;OP=POPESCU_I
2026-05-10 14:39:07;PT104;TT_01;71.3;C;OK;LOT=L26130-L1-T2;OP=POPESCU_I
2026-05-10 14:39:07;PT104;TT_02;72.0;C;WARN;LOT=L26130-L1-T2;OP=POPESCU_I
2026-05-10 14:39:07;PT104;TT_03;70.0;C;OK;LOT=L26130-L1-T2;OP=POPESCU_I
2026-05-10 14:39:07;PT104;FT_01;12.4;m3/h;OK;LOT=L26130-L1-T2;OP=POPESCU_I
2026-05-10 14:39:07;PT104;SPEED;4.2;m/min;OK;LOT=L26130-L1-T2;OP=POPESCU_I
2026-05-10 14:39:07;PT104;T_CUORE;69.3;C;ALARM;LOT=L26130-L1-T2;OP=POPESCU_I
2026-05-10 14:39:37;PT104;TT_01;71.4;C;OK;LOT=L26130-L1-T2;OP=POPESCU_I
2026-05-10 14:39:37;PT104;TT_02;72.0;C;ALARM;LOT=L26130-L1-T2;OP=POPESCU_I
2026-05-10 14:39:37;PT104;TT_03;69.8;C;OK;LOT=L26130-L1-T2;OP=POPESCU_I
2026-05-10 14:39:37;PT104;FT_01;12.5;m3/h;OK;LOT=L26130-L1-T2;OP=POPESCU_I
2026-05-10 14:39:37;PT104;SPEED;4.2;m/min;OK;LOT=L26130-L1-T2;OP=POPESCU_I
2026-05-10 14:39:37;PT104;T_CUORE;69.3;C;ALARM;LOT=L26130-L1-T2;OP=POPESCU_I
2026-05-10 14:40:07;PT104;TT_01;71.7;C;OK;LOT=L26130-L1-T2;OP=POPESCU_I
2026-05-10 14:40:07;PT104;TT_02;72.4;C;WARN;LOT=L26130-L1-T2;OP=POPESCU_I
2026-05-10 14:40:07;PT104;TT_03;70.3;C;OK;LOT=L26130-L1-T2;OP=POPESCU_I
2026-05-10 14:40:07;PT104;FT_01;12.8;m3/h;OK;LOT=L26130-L1-T2;OP=POPESCU_I
2026-05-10 14:40:07;PT104;SPEED;4.1;m/min;OK;LOT=L26130-L1-T2;OP=POPESCU_I
2026-05-10 14:40:07;PT104;T_CUORE;69.2;C;ALARM;LOT=L26130-L1-T2;OP=POPESCU_I
2026-05-10 14:40:37;PT104;TT_01;71.7;C;OK;LOT=L26130-L1-T2;OP=POPESCU_I
2026-05-10 14:40:37;PT104;TT_02;72.6;C;WARN;LOT=L26130-L1-T2;OP=POPESCU_I
2026-05-10 14:40:37;PT104;TT_03;70.2;C;OK;LOT=L26130-L1-T2;OP=POPESCU_I
2026-05-10 14:40:37;PT104;FT_01;12.4;m3/h;OK;LOT=L26130-L1-T2;OP=POPESCU_I
2026-05-10 14:40:37;PT104;SPEED;4.2;m/min;OK;LOT=L26130-L1-T2;OP=POPESCU_I
2026-05-10 14:40:37;PT104;T_CUORE;69.2;C;ALARM;LOT=L26130-L1-T2;OP=POPESCU_I
2026-05-10 14:41:07;PT104;TT_01;72.1;C;OK;LOT=L26130-L1-T2;OP=POPESCU_I
2026-05-10 14:41:07;PT104;TT_02;72.9;C;WARN;LOT=L26130-L1-T2;OP=POPESCU_I
2026-05-10 14:41:07;PT104;TT_03;70.4;C;OK;LOT=L26130-L1-T2;OP=POPESCU_I
2026-05-10 14:41:07;PT104;FT_01;12.5;m3/h;OK;LOT=L26130-L1-T2;OP=POPESCU_I
2026-05-10 14:41:07;PT104;SPEED;4.2;m/min;OK;LOT=L26130-L1-T2;OP=POPESCU_I
2026-05-10 14:41:07;PT104;T_CUORE;69.2;C;ALARM;LOT=L26130-L1-T2;OP=POPESCU_I
2026-05-10 14:41:37;PT104;TT_01;72.2;C;OK;LOT=L26130-L1-T2;OP=POPESCU_I
2026-05-10 14:41:37;PT104;TT_02;73.1;C;OK;LOT=L26130-L1-T2;OP=POPESCU_I
2026-05-10 14:41:37;PT104;TT_03;70.7;C;OK;LOT=L26130-L1-T2;OP=POPESCU_I
2026-05-10 14:41:37;PT104;FT_01;12.6;m3/h;OK;LOT=L26130-L1-T2;OP=POPESCU_I
2026-05-10 14:41:37;PT104;SPEED;4.2;m/min;OK;LOT=L26130-L1-T2;OP=POPESCU_I
2026-05-10 14:41:37;PT104;T_CUORE;69.1;C;ALARM;LOT=L26130-L1-T2;OP=POPESCU_I
2026-05-10 14:42:07;PT104;TT_01;72.4;C;OK;LOT=L26130-L1-T2;OP=POPESCU_I
2026-05-10 14:42:07;PT104;TT_02;73.1;C;OK;LOT=L26130-L1-T2;OP=POPESCU_I
2026-05-10 14:42:07;PT104;TT_03;70.7;C;OK;LOT=L26130-L1-T2;OP=POPESCU_I
2026-05-10 14:42:07;PT104;FT_01;12.7;m3/h;OK;LOT=L26130-L1-T2;OP=POPESCU_I
2026-05-10 14:42:07;PT104;SPEED;4.2;m/min;OK;LOT=L26130-L1-T2;OP=POPESCU_I
2026-05-10 14:42:07;PT104;T_CUORE;69.2;C;ALARM;LOT=L26130-L1-T2;OP=POPESCU_I
2026-05-10 14:42:37;PT104;TT_01;72.5;C;OK;LOT=L26130-L1-T2;OP=POPESCU_I
2026-05-10 14:42:37;PT104;TT_02;73.3;C;OK;LOT=L26130-L1-T2;OP=POPESCU_I
2026-05-10 14:42:37;PT104;TT_03;71.1;C;OK;LOT=L26130-L1-T2;OP=POPESCU_I
2026-05-10 14:42:37;PT104;FT_01;12.4;m3/h;OK;LOT=L26130-L1-T2;OP=POPESCU_I
2026-05-10 14:42:37;PT104;SPEED;4.2;m/min;OK;LOT=L26130-L1-T2;OP=POPESCU_I
2026-05-10 14:42:37;PT104;T_CUORE;68.9;C;ALARM;LOT=L26130-L1-T2;OP=POPESCU_I
2026-05-10 14:43:07;PT104;EVT;TEMP_IN_RANGE;TT_02=72.4;OK;LOT=L26130-L1-T2;OP=POPESCU_I
2026-05-10 14:43:07;PT104;TT_01;72.9;C;OK;LOT=L26130-L1-T2;OP=POPESCU_I
2026-05-10 14:43:07;PT104;TT_02;73.5;C;OK;LOT=L26130-L1-T2;OP=POPESCU_I
2026-05-10 14:43:07;PT104;TT_03;71.2;C;OK;LOT=L26130-L1-T2;OP=POPESCU_I
2026-05-10 14:43:07;PT104;FT_01;12.1;m3/h;OK;LOT=L26130-L1-T2;OP=POPESCU_I
2026-05-10 14:43:07;PT104;SPEED;4.2;m/min;OK;LOT=L26130-L1-T2;OP=POPESCU_I
2026-05-10 14:43:07;PT104;T_CUORE;69.2;C;ALARM;LOT=L26130-L1-T2;OP=POPESCU_I
2026-05-10 14:43:07;PT104;MODE;PROD;;OK;LOT=L26130-L1-T2;OP=POPESCU_I
2026-05-10 14:43:37;PT104;TT_01;73.1;C;OK;LOT=L26130-L1-T2;OP=POPESCU_I
2026-05-10 14:43:37;PT104;TT_02;73.7;C;OK;LOT=L26130-L1-T2;OP=POPESCU_I
2026-05-10 14:43:37;PT104;TT_03;71.5;C;OK;LOT=L26130-L1-T2;OP=POPESCU_I
2026-05-10 14:43:37;PT104;FT_01;12.0;m3/h;OK;LOT=L26130-L1-T2;OP=POPESCU_I
2026-05-10 14:43:37;PT104;SPEED;4.2;m/min;OK;LOT=L26130-L1-T2;OP=POPESCU_I
2026-05-10 14:43:37;PT104;T_CUORE;69.0;C;ALARM;LOT=L26130-L1-T2;OP=POPESCU_I
2026-05-10 14:44:07;PT104;TT_01;73.2;C;OK;LOT=L26130-L1-T2;OP=POPESCU_I
2026-05-10 14:44:07;PT104;TT_02;73.9;C;OK;LOT=L26130-L1-T2;OP=POPESCU_I
2026-05-10 14:44:07;PT104;TT_03;71.5;C;OK;LOT=L26130-L1-T2;OP=POPESCU_I
2026-05-10 14:44:07;PT104;FT_01;12.6;m3/h;OK;LOT=L26130-L1-T2;OP=POPESCU_I
2026-05-10 14:44:07;PT104;SPEED;4.2;m/min;OK;LOT=L26130-L1-T2;OP=POPESCU_I
2026-05-10 14:44:07;PT104;T_CUORE;69.1;C;ALARM;LOT=L26130-L1-T2;OP=POPESCU_I
2026-05-10 14:44:37;PT104;TT_01;73.2;C;OK;LOT=L26130-L1-T2;OP=POPESCU_I
2026-05-10 14:44:37;PT104;TT_02;73.9;C;OK;LOT=L26130-L1-T2;OP=POPESCU_I
2026-05-10 14:44:37;PT104;TT_03;71.6;C;OK;LOT=L26130-L1-T2;OP=POPESCU_I
2026-05-10 14:44:37;PT104;FT_01;12.9;m3/h;OK;LOT=L26130-L1-T2;OP=POPESCU_I
2026-05-10 14:44:37;PT104;SPEED;4.2;m/min;OK;LOT=L26130-L1-T2;OP=POPESCU_I
2026-05-10 14:44:37;PT104;T_CUORE;69.2;C;ALARM;LOT=L26130-L1-T2;OP=POPESCU_I
2026-05-10 14:45:07;PT104;TT_01;73.4;C;OK;LOT=L26130-L1-T2;OP=POPESCU_I
2026-05-10 14:45:07;PT104;TT_02;74.0;C;OK;LOT=L26130-L1-T2;OP=POPESCU_I
2026-05-10 14:45:07;PT104;TT_03;71.9;C;OK;LOT=L26130-L1-T2;OP=POPESCU_I
2026-05-10 14:45:07;PT104;FT_01;12.3;m3/h;OK;LOT=L26130-L1-T2;OP=POPESCU_I
2026-05-10 14:45:07;PT104;SPEED;4.2;m/min;OK;LOT=L26130-L1-T2;OP=POPESCU_I
2026-05-10 14:45:07;PT104;T_CUORE;72.3;C;WARN;LOT=L26130-L1-T2;OP=POPESCU_I
2026-05-10 14:45:37;PT104;TT_01;73.7;C;OK;LOT=L26130-L1-T2;OP=POPESCU_I
2026-05-10 14:45:37;PT104;TT_02;74.3;C;OK;LOT=L26130-L1-T2;OP=POPESCU_I
2026-05-10 14:45:37;PT104;TT_03;71.9;C;OK;LOT=L26130-L1-T2;OP=POPESCU_I
2026-05-10 14:45:37;PT104;FT_01;12.6;m3/h;OK;LOT=L26130-L1-T2;OP=POPESCU_I
2026-05-10 14:45:37;PT104;SPEED;4.2;m/min;OK;LOT=L26130-L1-T2;OP=POPESCU_I
2026-05-10 14:45:37;PT104;T_CUORE;72.4;C;WARN;LOT=L26130-L1-T2;OP=POPESCU_I
2026-05-10 14:46:07;PT104;TT_01;73.8;C;OK;LOT=L26130-L1-T2;OP=POPESCU_I
2026-05-10 14:46:07;PT104;TT_02;74.3;C;OK;LOT=L26130-L1-T2;OP=POPESCU_I
2026-05-10 14:46:07;PT104;TT_03;72.3;C;OK;LOT=L26130-L1-T2;OP=POPESCU_I
2026-05-10 14:46:07;PT104;FT_01;12.1;m3/h;OK;LOT=L26130-L1-T2;OP=POPESCU_I
2026-05-10 14:46:07;PT104;SPEED;4.2;m/min;OK;LOT=L26130-L1-T2;OP=POPESCU_I
2026-05-10 14:46:07;PT104;T_CUORE;72.3;C;WARN;LOT=L26130-L1-T2;OP=POPESCU_I
2026-05-10 14:46:37;PT104;TT_01;73.8;C;OK;LOT=L26130-L1-T2;OP=POPESCU_I
2026-05-10 14:46:37;PT104;TT_02;74.5;C;OK;LOT=L26130-L1-T2;OP=POPESCU_I
2026-05-10 14:46:37;PT104;TT_03;72.4;C;OK;LOT=L26130-L1-T2;OP=POPESCU_I
2026-05-10 14:46:37;PT104;FT_01;12.3;m3/h;OK;LOT=L26130-L1-T2;OP=POPESCU_I
2026-05-10 14:46:37;PT104;SPEED;4.2;m/min;OK;LOT=L26130-L1-T2;OP=POPESCU_I
2026-05-10 14:46:37;PT104;T_CUORE;73.0;C;WARN;LOT=L26130-L1-T2;OP=POPESCU_I
2026-05-10 14:47:07;PT104;TT_01;75.4;C;OK;LOT=L26130-L1-T2;OP=POPESCU_I
2026-05-10 14:47:07;PT104;TT_02;75.8;C;OK;LOT=L26130-L1-T2;OP=POPESCU_I
2026-05-10 14:47:07;PT104;TT_03;74.0;C;OK;LOT=L26130-L1-T2;OP=POPESCU_I
2026-05-10 14:47:07;PT104;FT_01;12.6;m3/h;OK;LOT=L26130-L1-T2;OP=POPESCU_I
2026-05-10 14:47:07;PT104;SPEED;4.2;m/min;OK;LOT=L26130-L1-T2;OP=POPESCU_I
2026-05-10 14:47:07;PT104;T_CUORE;74.8;C;OK;LOT=L26130-L1-T2;OP=POPESCU_I
2026-05-10 14:47:37;PT104;EVT;ALM_RESET;ACK=PANEL;OK;LOT=L26130-L1-T2;OP=POPESCU_I
2026-05-10 14:47:37;PT104;TT_01;75.3;C;OK;LOT=L26130-L1-T2;OP=POPESCU_I
2026-05-10 14:47:37;PT104;TT_02;76.0;C;OK;LOT=L26130-L1-T2;OP=POPESCU_I
2026-05-10 14:47:37;PT104;TT_03;73.8;C;OK;LOT=L26130-L1-T2;OP=POPESCU_I
2026-05-10 14:47:37;PT104;FT_01;12.0;m3/h;OK;LOT=L26130-L1-T2;OP=POPESCU_I
2026-05-10 14:47:37;PT104;SPEED;4.2;m/min;OK;LOT=L26130-L1-T2;OP=POPESCU_I
2026-05-10 14:47:37;PT104;T_CUORE;74.3;C;OK;LOT=L26130-L1-T2;OP=POPESCU_I
2026-05-10 14:48:07;PT104;TT_01;75.4;C;OK;LOT=L26130-L1-T2;OP=POPESCU_I
2026-05-10 14:48:07;PT104;TT_02;75.7;C;OK;LOT=L26130-L1-T2;OP=POPESCU_I
2026-05-10 14:48:07;PT104;TT_03;73.9;C;OK;LOT=L26130-L1-T2;OP=POPESCU_I
2026-05-10 14:48:07;PT104;FT_01;12.5;m3/h;OK;LOT=L26130-L1-T2;OP=POPESCU_I
2026-05-10 14:48:07;PT104;SPEED;4.2;m/min;OK;LOT=L26130-L1-T2;OP=POPESCU_I
2026-05-10 14:48:07;PT104;T_CUORE;73.9;C;OK;LOT=L26130-L1-T2;OP=POPESCU_I
2026-05-10 14:48:37;PT104;TT_01;75.3;C;OK;LOT=L26130-L1-T2;OP=POPESCU_I
2026-05-10 14:48:37;PT104;TT_02;75.6;C;OK;LOT=L26130-L1-T2;OP=POPESCU_I
2026-05-10 14:48:37;PT104;TT_03;73.7;C;OK;LOT=L26130-L1-T2;OP=POPESCU_I
2026-05-10 14:48:37;PT104;FT_01;12.3;m3/h;OK;LOT=L26130-L1-T2;OP=POPESCU_I
2026-05-10 14:48:37;PT104;SPEED;4.2;m/min;OK;LOT=L26130-L1-T2;OP=POPESCU_I
2026-05-10 14:48:37;PT104;T_CUORE;74.1;C;OK;LOT=L26130-L1-T2;OP=POPESCU_I
2026-05-10 14:49:07;PT104;TT_01;75.4;C;OK;LOT=L26130-L1-T2;OP=POPESCU_I
2026-05-10 14:49:07;PT104;TT_02;75.5;C;OK;LOT=L26130-L1-T2;OP=POPESCU_I
2026-05-10 14:49:07;PT104;TT_03;73.8;C;OK;LOT=L26130-L1-T2;OP=POPESCU_I
2026-05-10 14:49:07;PT104;FT_01;12.4;m3/h;OK;LOT=L26130-L1-T2;OP=POPESCU_I
2026-05-10 14:49:07;PT104;SPEED;4.2;m/min;OK;LOT=L26130-L1-T2;OP=POPESCU_I
2026-05-10 14:49:07;PT104;T_CUORE;73.8;C;OK;LOT=L26130-L1-T2;OP=POPESCU_I
2026-05-10 14:49:37;PT104;TT_01;75.1;C;OK;LOT=L26130-L1-T2;OP=POPESCU_I
2026-05-10 14:49:37;PT104;TT_02;75.4;C;OK;LOT=L26130-L1-T2;OP=POPESCU_I
2026-05-10 14:49:37;PT104;TT_03;73.6;C;OK;LOT=L26130-L1-T2;OP=POPESCU_I
2026-05-10 14:49:37;PT104;FT_01;12.4;m3/h;OK;LOT=L26130-L1-T2;OP=POPESCU_I
2026-05-10 14:49:37;PT104;SPEED;4.2;m/min;OK;LOT=L26130-L1-T2;OP=POPESCU_I
2026-05-10 14:49:37;PT104;T_CUORE;74.4;C;OK;LOT=L26130-L1-T2;OP=POPESCU_I
2026-05-10 14:50:07;PT104;TT_01;74.8;C;OK;LOT=L26130-L1-T2;OP=POPESCU_I
2026-05-10 14:50:07;PT104;SPEED;4.2;m/min;OK;LOT=L26130-L1-T2;OP=POPESCU_I
2026-05-10 14:50:37;PT104;FT_01;11.7;m3/h;OK;LOT=L26130-L1-T2;OP=POPESCU_I
2026-05-10 14:51:07;PT104;TT_03;73.4;C;OK;LOT=L26130-L1-T2;OP=POPESCU_I
2026-05-10 14:51:37;PT104;TT_02;75.0;C;OK;LOT=L26130-L1-T2;OP=POPESCU_I
2026-05-10 14:52:07;PT104;TT_01;74.8;C;OK;LOT=L26130-L1-T2;OP=POPESCU_I
2026-05-10 14:52:07;PT104;SPEED;4.2;m/min;OK;LOT=L26130-L1-T2;OP=POPESCU_I
2026-05-10 14:52:07;PT104;T_CUORE;73.6;C;OK;LOT=L26130-L1-T2;OP=POPESCU_I
2026-05-10 14:52:37;PT104;FT_01;12.6;m3/h;OK;LOT=L26130-L1-T2;OP=POPESCU_I
2026-05-10 14:53:07;PT104;TT_03;73.2;C;OK;LOT=L26130-L1-T2;OP=POPESCU_I
2026-05-10 14:53:37;PT104;TT_02;74.6;C;OK;LOT=L26130-L1-T2;OP=POPESCU_I
2026-05-10 14:54:07;PT104;TT_01;74.4;C;OK;LOT=L26130-L1-T2;OP=POPESCU_I
2026-05-10 14:54:07;PT104;SPEED;4.2;m/min;OK;LOT=L26130-L1-T2;OP=POPESCU_I
2026-05-10 14:54:37;PT104;FT_01;12.5;m3/h;OK;LOT=L26130-L1-T2;OP=POPESCU_I
2026-05-10 14:54:37;PT104;T_CUORE;73.7;C;OK;LOT=L26130-L1-T2;OP=POPESCU_I
2026-05-10 14:55:07;PT104;TT_03;73.1;C;OK;LOT=L26130-L1-T2;OP=POPESCU_I
2026-05-10 14:55:37;PT104;TT_02;74.5;C;OK;LOT=L26130-L1-T2;OP=POPESCU_I
2026-05-10 14:56:07;PT104;TT_01;74.1;C;OK;LOT=L26130-L1-T2;OP=POPESCU_I
2026-05-10 14:56:07;PT104;SPEED;4.2;m/min;OK;LOT=L26130-L1-T2;OP=POPESCU_I
2026-05-10 14:56:37;PT104;FT_01;12.1;m3/h;OK;LOT=L26130-L1-T2;OP=POPESCU_I
2026-05-10 14:57:07;PT104;TT_03;72.9;C;OK;LOT=L26130-L1-T2;OP=POPESCU_I
2026-05-10 14:57:07;PT104;T_CUORE;72.7;C;WARN;LOT=L26130-L1-T2;OP=POPESCU_I
2026-05-10 14:57:37;PT104;TT_02;74.0;C;OK;LOT=L26130-L1-T2;OP=POPESCU_I
2026-05-10 14:57:37;PT104;T_CUORE;73.1;C;OK;LOT=L26130-L1-T2;OP=POPESCU_I
2026-05-10 14:58:07;PT104;TT_01;73.8;C;OK;LOT=L26130-L1-T2;OP=POPESCU_I
2026-05-10 14:58:07;PT104;SPEED;4.2;m/min;OK;LOT=L26130-L1-T2;OP=POPESCU_I
2026-05-10 14:58:37;PT104;TT_03;72.4;C;OK;LOT=L26130-L1-T2;OP=POPESCU_I
2026-05-10 14:59:07;PT104;TT_02;73.9;C;OK;LOT=L26130-L1-T2;OP=POPESCU_I
2026-05-10 14:59:07;PT104;T_CUORE;72.7;C;WARN;LOT=L26130-L1-T2;OP=POPESCU_I
2026-05-10 14:59:37;PT104;TT_01;73.4;C;OK;LOT=L26130-L1-T2;OP=POPESCU_I
2026-05-10 14:59:37;PT104;SPEED;4.2;m/min;OK;LOT=L26130-L1-T2;OP=POPESCU_I
2026-05-10 14:59:37;PT104;T_CUORE;72.8;C;WARN;LOT=L26130-L1-T2;OP=POPESCU_I
2026-05-10 15:00:07;PT104;TT_01;73.5;C;OK;LOT=L26130-L1-T2;OP=POPESCU_I
2026-05-10 15:00:07;PT104;TT_02;73.7;C;OK;LOT=L26130-L1-T2;OP=POPESCU_I
2026-05-10 15:00:07;PT104;TT_03;72.5;C;OK;LOT=L26130-L1-T2;OP=POPESCU_I
2026-05-10 15:00:07;PT104;FT_01;12.3;m3/h;OK;LOT=L26130-L1-T2;OP=POPESCU_I
2026-05-10 15:00:07;PT104;SPEED;4.2;m/min;OK;LOT=L26130-L1-T2;OP=POPESCU_I
2026-05-10 15:00:07;PT104;T_CUORE;72.6;C;WARN;LOT=L26130-L1-T2;OP=POPESCU_I
2026-05-10 15:00:37;PT104;TT_01;73.5;C;OK;LOT=L26130-L1-T2;OP=POPESCU_I
2026-05-10 15:00:37;PT104;TT_02;73.8;C;OK;LOT=L26130-L1-T2;OP=POPESCU_I
2026-05-10 15:00:37;PT104;TT_03;72.3;C;OK;LOT=L26130-L1-T2;OP=POPESCU_I
2026-05-10 15:00:37;PT104;FT_01;12.2;m3/h;OK;LOT=L26130-L1-T2;OP=POPESCU_I
2026-05-10 15:00:37;PT104;SPEED;4.2;m/min;OK;LOT=L26130-L1-T2;OP=POPESCU_I
2026-05-10 15:00:37;PT104;T_CUORE;72.8;C;WARN;LOT=L26130-L1-T2;OP=POPESCU_I
2026-05-10 15:01:07;PT104;TT_01;73.5;C;OK;LOT=L26130-L1-T2;OP=POPESCU_I
2026-05-10 15:01:07;PT104;TT_02;74.0;C;OK;LOT=L26130-L1-T2;OP=POPESCU_I
2026-05-10 15:01:07;PT104;TT_03;72.5;C;OK;LOT=L26130-L1-T2;OP=POPESCU_I
2026-05-10 15:01:07;PT104;FT_01;12.4;m3/h;OK;LOT=L26130-L1-T2;OP=POPESCU_I
2026-05-10 15:01:07;PT104;SPEED;4.2;m/min;OK;LOT=L26130-L1-T2;OP=POPESCU_I
2026-05-10 15:01:07;PT104;T_CUORE;73.0;C;WARN;LOT=L26130-L1-T2;OP=POPESCU_I
2026-05-10 15:01:37;PT104;TT_01;73.6;C;OK;LOT=L26130-L1-T2;OP=POPESCU_I
2026-05-10 15:01:37;PT104;TT_02;74.0;C;OK;LOT=L26130-L1-T2;OP=POPESCU_I
2026-05-10 15:01:37;PT104;TT_03;72.2;C;OK;LOT=L26130-L1-T2;OP=POPESCU_I
2026-05-10 15:01:37;PT104;FT_01;12.1;m3/h;OK;LOT=L26130-L1-T2;OP=POPESCU_I
2026-05-10 15:01:37;PT104;SPEED;4.2;m/min;OK;LOT=L26130-L1-T2;OP=POPESCU_I
2026-05-10 15:01:37;PT104;T_CUORE;72.8;C;WARN;LOT=L26130-L1-T2;OP=POPESCU_I
2026-05-10 15:02:07;PT104;TT_01;73.4;C;OK;LOT=L26130-L1-T2;OP=POPESCU_I
2026-05-10 15:02:07;PT104;TT_02;74.2;C;OK;LOT=L26130-L1-T2;OP=POPESCU_I
2026-05-10 15:02:07;PT104;TT_03;72.4;C;OK;LOT=L26130-L1-T2;OP=POPESCU_I
2026-05-10 15:02:07;PT104;FT_01;12.8;m3/h;OK;LOT=L26130-L1-T2;OP=POPESCU_I
2026-05-10 15:02:07;PT104;SPEED;4.2;m/min;OK;LOT=L26130-L1-T2;OP=POPESCU_I
2026-05-10 15:02:07;PT104;T_CUORE;73.1;C;OK;LOT=L26130-L1-T2;OP=POPESCU_I
2026-05-10 15:02:37;PT104;TT_01;73.3;C;OK;LOT=L26130-L1-T2;OP=POPESCU_I
2026-05-10 15:02:37;PT104;TT_02;74.1;C;OK;LOT=L26130-L1-T2;OP=POPESCU_I
2026-05-10 15:02:37;PT104;TT_03;72.6;C;OK;LOT=L26130-L1-T2;OP=POPESCU_I
2026-05-10 15:02:37;PT104;FT_01;12.9;m3/h;OK;LOT=L26130-L1-T2;OP=POPESCU_I
2026-05-10 15:02:37;PT104;SPEED;4.2;m/min;OK;LOT=L26130-L1-T2;OP=POPESCU_I
2026-05-10 15:02:37;PT104;T_CUORE;72.7;C;WARN;LOT=L26130-L1-T2;OP=POPESCU_I
2026-05-10 15:03:07;PT104;TT_01;73.3;C;OK;LOT=L26130-L1-T2;OP=POPESCU_I
2026-05-10 15:03:07;PT104;TT_02;74.2;C;OK;LOT=L26130-L1-T2;OP=POPESCU_I
2026-05-10 15:03:07;PT104;TT_03;72.5;C;OK;LOT=L26130-L1-T2;OP=POPESCU_I
2026-05-10 15:03:07;PT104;FT_01;12.3;m3/h;OK;LOT=L26130-L1-T2;OP=POPESCU_I
2026-05-10 15:03:07;PT104;SPEED;4.2;m/min;OK;LOT=L26130-L1-T2;OP=POPESCU_I
2026-05-10 15:03:07;PT104;T_CUORE;72.9;C;WARN;LOT=L26130-L1-T2;OP=POPESCU_I
2026-05-10 15:03:37;PT104;TT_01;73.2;C;OK;LOT=L26130-L1-T2;OP=POPESCU_I
2026-05-10 15:03:37;PT104;TT_02;73.8;C;OK;LOT=L26130-L1-T2;OP=POPESCU_I
2026-05-10 15:03:37;PT104;TT_03;72.6;C;OK;LOT=L26130-L1-T2;OP=POPESCU_I
2026-05-10 15:03:37;PT104;FT_01;12.5;m3/h;OK;LOT=L26130-L1-T2;OP=POPESCU_I
2026-05-10 15:03:37;PT104;SPEED;4.2;m/min;OK;LOT=L26130-L1-T2;OP=POPESCU_I
2026-05-10 15:03:37;PT104;T_CUORE;72.9;C;WARN;LOT=L26130-L1-T2;OP=POPESCU_I
2026-05-10 15:04:07;PT104;TT_01;73.1;C;OK;LOT=L26130-L1-T2;OP=POPESCU_I
2026-05-10 15:04:07;PT104;TT_02;74.3;C;OK;LOT=L26130-L1-T2;OP=POPESCU_I
2026-05-10 15:04:07;PT104;TT_03;72.4;C;OK;LOT=L26130-L1-T2;OP=POPESCU_I
2026-05-10 15:04:07;PT104;FT_01;12.7;m3/h;OK;LOT=L26130-L1-T2;OP=POPESCU_I
2026-05-10 15:04:07;PT104;SPEED;4.2;m/min;OK;LOT=L26130-L1-T2;OP=POPESCU_I
2026-05-10 15:04:07;PT104;T_CUORE;73.0;C;OK;LOT=L26130-L1-T2;OP=POPESCU_I
2026-05-10 15:04:37;PT104;TT_01;73.0;C;OK;LOT=L26130-L1-T2;OP=POPESCU_I
2026-05-10 15:04:37;PT104;TT_02;74.4;C;OK;LOT=L26130-L1-T2;OP=POPESCU_I
2026-05-10 15:04:37;PT104;TT_03;72.6;C;OK;LOT=L26130-L1-T2;OP=POPESCU_I
2026-05-10 15:04:37;PT104;FT_01;12.8;m3/h;OK;LOT=L26130-L1-T2;OP=POPESCU_I
2026-05-10 15:04:37;PT104;SPEED;4.2;m/min;OK;LOT=L26130-L1-T2;OP=POPESCU_I
2026-05-10 15:04:37;PT104;T_CUORE;72.7;C;WARN;LOT=L26130-L1-T2;OP=POPESCU_I
2026-05-10 15:05:07;PT104;TT_01;73.4;C;OK;LOT=L26130-L1-T2;OP=POPESCU_I
2026-05-10 15:05:07;PT104;TT_02;74.4;C;OK;LOT=L26130-L1-T2;OP=POPESCU_I
2026-05-10 15:05:07;PT104;TT_03;72.4;C;OK;LOT=L26130-L1-T2;OP=POPESCU_I
2026-05-10 15:05:07;PT104;FT_01;12.4;m3/h;OK;LOT=L26130-L1-T2;OP=POPESCU_I
2026-05-10 15:05:07;PT104;SPEED;4.2;m/min;OK;LOT=L26130-L1-T2;OP=POPESCU_I
2026-05-10 15:05:07;PT104;T_CUORE;73.3;C;OK;LOT=L26130-L1-T2;OP=POPESCU_I
2026-05-10 15:05:12;PT104;EVT;MACHINE_STOP;INTERLOCK_DOWNSTREAM=PKM450;ALARM;LOT=L26130-L1-T2;OP=POPESCU_I
2026-05-10 15:05:37;PT104;TT_01;73.3;C;OK;LOT=L26130-L1-T2;OP=POPESCU_I
2026-05-10 15:05:37;PT104;TT_02;74.7;C;OK;LOT=L26130-L1-T2;OP=POPESCU_I
2026-05-10 15:05:37;PT104;TT_03;72.5;C;OK;LOT=L26130-L1-T2;OP=POPESCU_I
2026-05-10 15:05:37;PT104;FT_01;12.3;m3/h;OK;LOT=L26130-L1-T2;OP=POPESCU_I
2026-05-10 15:05:37;PT104;SPEED;4.2;m/min;OK;LOT=L26130-L1-T2;OP=POPESCU_I
2026-05-10 15:05:37;PT104;T_CUORE;71.2;C;OK;LOT=L26130-L1-T2;OP=POPESCU_I
2026-05-10 15:05:42;PT104;EVT;BELT_STOP;SPEED=0.0;OK;LOT=L26130-L1-T2;OP=POPESCU_I
2026-05-10 15:06:07;PT104;TT_01;73.3;C;OK;LOT=L26130-L1-T2;OP=POPESCU_I
2026-05-10 15:06:07;PT104;TT_02;74.4;C;OK;LOT=L26130-L1-T2;OP=POPESCU_I
2026-05-10 15:06:07;PT104;TT_03;72.6;C;OK;LOT=L26130-L1-T2;OP=POPESCU_I
2026-05-10 15:06:07;PT104;FT_01;12.4;m3/h;OK;LOT=L26130-L1-T2;OP=POPESCU_I
2026-05-10 15:06:07;PT104;SPEED;0.0;m/min;OK;LOT=L26130-L1-T2;OP=POPESCU_I
2026-05-10 15:06:07;PT104;T_CUORE;71.1;C;OK;LOT=L26130-L1-T2;OP=POPESCU_I
2026-05-10 15:06:12;PT104;EVT;BURNER_STANDBY;STAGE=LO;OK;LOT=L26130-L1-T2;OP=POPESCU_I
2026-05-10 15:06:37;PT104;TT_01;73.0;C;OK;LOT=L26130-L1-T2;OP=POPESCU_I
2026-05-10 15:06:37;PT104;TT_02;74.7;C;OK;LOT=L26130-L1-T2;OP=POPESCU_I
2026-05-10 15:06:37;PT104;TT_03;72.7;C;OK;LOT=L26130-L1-T2;OP=POPESCU_I
2026-05-10 15:06:37;PT104;FT_01;0.0;m3/h;OK;LOT=L26130-L1-T2;OP=POPESCU_I
2026-05-10 15:06:37;PT104;SPEED;0.0;m/min;OK;LOT=L26130-L1-T2;OP=POPESCU_I
2026-05-10 15:06:37;PT104;T_CUORE;70.9;C;OK;LOT=L26130-L1-T2;OP=POPESCU_I
2026-05-10 15:07:07;PT104;TT_01;72.9;C;OK;LOT=L26130-L1-T2;OP=POPESCU_I
2026-05-10 15:07:07;PT104;TT_02;74.2;C;OK;LOT=L26130-L1-T2;OP=POPESCU_I
2026-05-10 15:07:07;PT104;TT_03;71.9;C;OK;LOT=L26130-L1-T2;OP=POPESCU_I
2026-05-10 15:07:07;PT104;FT_01;0.0;m3/h;OK;LOT=L26130-L1-T2;OP=POPESCU_I
2026-05-10 15:07:07;PT104;SPEED;0.0;m/min;OK;LOT=L26130-L1-T2;OP=POPESCU_I
2026-05-10 15:07:07;PT104;T_CUORE;70.7;C;OK;LOT=L26130-L1-T2;OP=POPESCU_I
2026-05-10 15:07:37;PT104;TT_01;72.9;C;OK;LOT=L26130-L1-T2;OP=POPESCU_I
2026-05-10 15:07:37;PT104;TT_02;74.4;C;OK;LOT=L26130-L1-T2;OP=POPESCU_I
2026-05-10 15:07:37;PT104;TT_03;72.1;C;OK;LOT=L26130-L1-T2;OP=POPESCU_I
2026-05-10 15:07:37;PT104;FT_01;0.0;m3/h;OK;LOT=L26130-L1-T2;OP=POPESCU_I
2026-05-10 15:07:37;PT104;SPEED;0.0;m/min;OK;LOT=L26130-L1-T2;OP=POPESCU_I
2026-05-10 15:07:37;PT104;T_CUORE;71.0;C;OK;LOT=L26130-L1-T2;OP=POPESCU_I
2026-05-10 15:08:07;PT104;TT_01;72.8;C;OK;LOT=L26130-L1-T2;OP=POPESCU_I
2026-05-10 15:08:07;PT104;TT_02;73.9;C;OK;LOT=L26130-L1-T2;OP=POPESCU_I
2026-05-10 15:08:07;PT104;TT_03;72.0;C;OK;LOT=L26130-L1-T2;OP=POPESCU_I
2026-05-10 15:08:07;PT104;FT_01;0.0;m3/h;OK;LOT=L26130-L1-T2;OP=POPESCU_I
2026-05-10 15:08:07;PT104;SPEED;0.0;m/min;OK;LOT=L26130-L1-T2;OP=POPESCU_I
2026-05-10 15:08:07;PT104;T_CUORE;71.0;C;OK;LOT=L26130-L1-T2;OP=POPESCU_I
2026-05-10 15:08:37;PT104;TT_01;72.6;C;OK;LOT=L26130-L1-T2;OP=POPESCU_I
2026-05-10 15:08:37;PT104;TT_02;73.9;C;OK;LOT=L26130-L1-T2;OP=POPESCU_I
2026-05-10 15:08:37;PT104;TT_03;71.9;C;OK;LOT=L26130-L1-T2;OP=POPESCU_I
2026-05-10 15:08:37;PT104;FT_01;0.0;m3/h;OK;LOT=L26130-L1-T2;OP=POPESCU_I
2026-05-10 15:08:37;PT104;SPEED;0.0;m/min;OK;LOT=L26130-L1-T2;OP=POPESCU_I
2026-05-10 15:08:37;PT104;T_CUORE;70.9;C;OK;LOT=L26130-L1-T2;OP=POPESCU_I
2026-05-10 15:09:07;PT104;TT_01;72.4;C;OK;LOT=L26130-L1-T2;OP=POPESCU_I
2026-05-10 15:09:07;PT104;TT_02;74.1;C;OK;LOT=L26130-L1-T2;OP=POPESCU_I
2026-05-10 15:09:07;PT104;TT_03;71.6;C;OK;LOT=L26130-L1-T2;OP=POPESCU_I
2026-05-10 15:09:07;PT104;FT_01;0.0;m3/h;OK;LOT=L26130-L1-T2;OP=POPESCU_I
2026-05-10 15:09:07;PT104;SPEED;0.0;m/min;OK;LOT=L26130-L1-T2;OP=POPESCU_I
2026-05-10 15:09:07;PT104;T_CUORE;70.5;C;OK;LOT=L26130-L1-T2;OP=POPESCU_I
2026-05-10 15:09:37;PT104;TT_01;72.6;C;OK;LOT=L26130-L1-T2;OP=POPESCU_I
2026-05-10 15:09:37;PT104;TT_02;73.7;C;OK;LOT=L26130-L1-T2;OP=POPESCU_I
2026-05-10 15:09:37;PT104;TT_03;71.5;C;OK;LOT=L26130-L1-T2;OP=POPESCU_I
2026-05-10 15:09:37;PT104;FT_01;0.0;m3/h;OK;LOT=L26130-L1-T2;OP=POPESCU_I
2026-05-10 15:09:37;PT104;SPEED;0.0;m/min;OK;LOT=L26130-L1-T2;OP=POPESCU_I
2026-05-10 15:09:37;PT104;T_CUORE;70.0;C;OK;LOT=L26130-L1-T2;OP=POPESCU_I
2026-05-10 15:11:07;PT104;T_CUORE;69.7;C;OK;LOT=L26130-L1-T2;OP=POPESCU_I
2026-05-10 15:13:07;PT104;MODE;STOP;;OK;LOT=L26130-L1-T2;OP=POPESCU_I
2026-05-10 15:13:37;PT104;T_CUORE;68.8;C;OK;LOT=L26130-L1-T2;OP=POPESCU_I
2026-05-10 15:16:07;PT104;T_CUORE;70.0;C;OK;LOT=L26130-L1-T2;OP=POPESCU_I
2026-05-10 15:17:07;PT104;TT_01;71.2;C;OK;LOT=L26130-L1-T2;OP=POPESCU_I
2026-05-10 15:18:37;PT104;T_CUORE;69.1;C;OK;LOT=L26130-L1-T2;OP=POPESCU_I
2026-05-10 15:20:37;PT104;TT_02;70.8;C;OK;LOT=L26130-L1-T2;OP=POPESCU_I
2026-05-10 15:21:07;PT104;T_CUORE;68.6;C;OK;LOT=L26130-L1-T2;OP=POPESCU_I
2026-05-10 15:23:37;PT104;T_CUORE;67.8;C;OK;LOT=L26130-L1-T2;OP=POPESCU_I
2026-05-10 15:24:07;PT104;TT_03;68.5;C;OK;LOT=L26130-L1-T2;OP=POPESCU_I
2026-05-10 15:26:07;PT104;T_CUORE;66.5;C;OK;LOT=L26130-L1-T2;OP=POPESCU_I
2026-05-10 15:27:37;PT104;FT_01;0.0;m3/h;OK;LOT=L26130-L1-T2;OP=POPESCU_I
2026-05-10 15:28:37;PT104;T_CUORE;65.9;C;OK;LOT=L26130-L1-T2;OP=POPESCU_I
2026-05-10 15:31:07;PT104;FT_01;0.0;m3/h;OK;LOT=L26130-L1-T2;OP=POPESCU_I
2026-05-10 15:31:07;PT104;T_CUORE;66.3;C;OK;LOT=L26130-L1-T2;OP=POPESCU_I
2026-05-10 15:33:37;PT104;T_CUORE;65.7;C;OK;LOT=L26130-L1-T2;OP=POPESCU_I
2026-05-10 15:34:37;PT104;SPEED;0.0;m/min;OK;LOT=L26130-L1-T2;OP=POPESCU_I
2026-05-10 15:36:07;PT104;T_CUORE;65.5;C;OK;LOT=L26130-L1-T2;OP=POPESCU_I
2026-05-10 15:38:37;PT104;TT_01;67.2;C;OK;LOT=L26130-L1-T2;OP=POPESCU_I
2026-05-10 15:38:37;PT104;T_CUORE;64.7;C;OK;LOT=L26130-L1-T2;OP=POPESCU_I
2026-05-10 15:41:07;PT104;T_CUORE;64.7;C;OK;LOT=L26130-L1-T2;OP=POPESCU_I
2026-05-10 15:42:07;PT104;TT_02;67.9;C;OK;LOT=L26130-L1-T2;OP=POPESCU_I
2026-05-10 15:43:37;PT104;T_CUORE;64.3;C;OK;LOT=L26130-L1-T2;OP=POPESCU_I
2026-05-10 15:45:37;PT104;TT_02;67.4;C;OK;LOT=L26130-L1-T2;OP=POPESCU_I
2026-05-10 15:46:07;PT104;T_CUORE;64.2;C;OK;LOT=L26130-L1-T2;OP=POPESCU_I
2026-05-10 15:48:37;PT104;T_CUORE;64.3;C;OK;LOT=L26130-L1-T2;OP=POPESCU_I
2026-05-10 15:49:07;PT104;TT_03;64.4;C;OK;LOT=L26130-L1-T2;OP=POPESCU_I
2026-05-10 15:51:07;PT104;T_CUORE;63.4;C;OK;LOT=L26130-L1-T2;OP=POPESCU_I
2026-05-10 15:52:37;PT104;FT_01;0.0;m3/h;OK;LOT=L26130-L1-T2;OP=POPESCU_I
2026-05-10 15:53:37;PT104;T_CUORE;63.2;C;OK;LOT=L26130-L1-T2;OP=POPESCU_I
2026-05-10 15:56:07;PT104;SPEED;0.0;m/min;OK;LOT=L26130-L1-T2;OP=POPESCU_I
2026-05-10 15:56:07;PT104;T_CUORE;63.2;C;OK;LOT=L26130-L1-T2;OP=POPESCU_I
2026-05-10 15:58:37;PT104;T_CUORE;62.4;C;OK;LOT=L26130-L1-T2;OP=POPESCU_I
2026-05-10 15:59:37;PT104;SPEED;0.0;m/min;OK;LOT=L26130-L1-T2;OP=POPESCU_I
2026-05-10 16:01:07;PT104;T_CUORE;61.9;C;OK;LOT=L26130-L1-T2;OP=POPESCU_I
2026-05-10 16:03:37;PT104;TT_01;64.5;C;OK;LOT=L26130-L1-T2;OP=POPESCU_I
2026-05-10 16:03:37;PT104;T_CUORE;62.3;C;OK;LOT=L26130-L1-T2;OP=POPESCU_I
2026-05-10 16:06:07;PT104;T_CUORE;61.8;C;OK;LOT=L26130-L1-T2;OP=POPESCU_I
2026-05-10 16:07:07;PT104;TT_02;64.8;C;OK;LOT=L26130-L1-T2;OP=POPESCU_I
2026-05-10 16:08:37;PT104;T_CUORE;61.4;C;OK;LOT=L26130-L1-T2;OP=POPESCU_I
2026-05-10 16:10:00;PT104;EVT;SENSOR_FAULT;T_CUORE OPEN_CIRCUIT;ALARM;LOT=L26130-L1-T2;OP=POPESCU_I
2026-05-10 16:10:07;PT104;T_CUORE;-999.9;C;FAULT;LOT=L26130-L1-T2;OP=POPESCU_I
2026-05-10 16:10:37;PT104;TT_03;62.6;C;OK;LOT=L26130-L1-T2;OP=POPESCU_I
2026-05-10 16:10:37;PT104;T_CUORE;-999.9;C;FAULT;LOT=L26130-L1-T2;OP=POPESCU_I
2026-05-10 16:11:07;PT104;T_CUORE;-999.9;C;FAULT;LOT=L26130-L1-T2;OP=POPESCU_I
2026-05-10 16:11:37;PT104;T_CUORE;-999.9;C;FAULT;LOT=L26130-L1-T2;OP=POPESCU_I
2026-05-10 16:12:07;PT104;T_CUORE;-999.9;C;FAULT;LOT=L26130-L1-T2;OP=POPESCU_I
2026-05-10 16:12:37;PT104;T_CUORE;-999.9;C;FAULT;LOT=L26130-L1-T2;OP=POPESCU_I
2026-05-10 16:13:07;PT104;T_CUORE;-999.9;C;FAULT;LOT=L26130-L1-T2;OP=POPESCU_I
2026-05-10 16:13:37;PT104;T_CUORE;-999.9;C;FAULT;LOT=L26130-L1-T2;OP=POPESCU_I
2026-05-10 16:14:07;PT104;TT_03;62.5;C;OK;LOT=L26130-L1-T2;OP=POPESCU_I
2026-05-10 16:14:07;PT104;T_CUORE;-999.9;C;FAULT;LOT=L26130-L1-T2;OP=POPESCU_I
2026-05-10 16:14:37;PT104;T_CUORE;-999.9;C;FAULT;LOT=L26130-L1-T2;OP=POPESCU_I
2026-05-10 16:15:07;PT104;T_CUORE;-999.9;C;FAULT;LOT=L26130-L1-T2;OP=POPESCU_I
2026-05-10 16:15:37;PT104;T_CUORE;-999.9;C;FAULT;LOT=L26130-L1-T2;OP=POPESCU_I
2026-05-10 16:16:07;PT104;T_CUORE;-999.9;C;FAULT;LOT=L26130-L1-T2;OP=POPESCU_I
2026-05-10 16:16:37;PT104;T_CUORE;-999.9;C;FAULT;LOT=L26130-L1-T2;OP=POPESCU_I
2026-05-10 16:17:07;PT104;T_CUORE;-999.9;C;FAULT;LOT=L26130-L1-T2;OP=POPESCU_I
2026-05-10 16:17:37;PT104;FT_01;0.0;m3/h;OK;LOT=L26130-L1-T2;OP=POPESCU_I
2026-05-10 16:17:37;PT104;T_CUORE;-999.9;C;FAULT;LOT=L26130-L1-T2;OP=POPESCU_I
2026-05-10 16:18:07;PT104;T_CUORE;-999.9;C;FAULT;LOT=L26130-L1-T2;OP=POPESCU_I
2026-05-10 16:18:37;PT104;T_CUORE;-999.9;C;FAULT;LOT=L26130-L1-T2;OP=POPESCU_I
2026-05-10 16:19:07;PT104;T_CUORE;-999.9;C;FAULT;LOT=L26130-L1-T2;OP=POPESCU_I
2026-05-10 16:19:37;PT104;T_CUORE;-999.9;C;FAULT;LOT=L26130-L1-T2;OP=POPESCU_I
2026-05-10 16:20:07;PT104;T_CUORE;-999.9;C;FAULT;LOT=L26130-L1-T2;OP=POPESCU_I
2026-05-10 16:20:37;PT104;T_CUORE;-999.9;C;FAULT;LOT=L26130-L1-T2;OP=POPESCU_I
2026-05-10 16:21:07;PT104;SPEED;0.0;m/min;OK;LOT=L26130-L1-T2;OP=POPESCU_I
2026-05-10 16:21:07;PT104;T_CUORE;-999.9;C;FAULT;LOT=L26130-L1-T2;OP=POPESCU_I
2026-05-10 16:21:37;PT104;T_CUORE;-999.9;C;FAULT;LOT=L26130-L1-T2;OP=POPESCU_I
2026-05-10 16:22:07;PT104;T_CUORE;-999.9;C;FAULT;LOT=L26130-L1-T2;OP=POPESCU_I
2026-05-10 16:22:37;PT104;T_CUORE;-999.9;C;FAULT;LOT=L26130-L1-T2;OP=POPESCU_I
2026-05-10 16:23:07;PT104;T_CUORE;-999.9;C;FAULT;LOT=L26130-L1-T2;OP=POPESCU_I
2026-05-10 16:23:37;PT104;T_CUORE;-999.9;C;FAULT;LOT=L26130-L1-T2;OP=POPESCU_I
2026-05-10 16:24:07;PT104;T_CUORE;-999.9;C;FAULT;LOT=L26130-L1-T2;OP=POPESCU_I
2026-05-10 16:24:37;PT104;T_CUORE;-999.9;C;FAULT;LOT=L26130-L1-T2;OP=POPESCU_I
2026-05-10 16:25:07;PT104;TT_01;62.3;C;OK;LOT=L26130-L1-T2;OP=POPESCU_I
2026-05-10 16:25:07;PT104;T_CUORE;-999.9;C;FAULT;LOT=L26130-L1-T2;OP=POPESCU_I
2026-05-10 16:25:37;PT104;T_CUORE;-999.9;C;FAULT;LOT=L26130-L1-T2;OP=POPESCU_I
2026-05-10 16:26:07;PT104;T_CUORE;-999.9;C;FAULT;LOT=L26130-L1-T2;OP=POPESCU_I
2026-05-10 16:26:37;PT104;T_CUORE;-999.9;C;FAULT;LOT=L26130-L1-T2;OP=POPESCU_I
2026-05-10 16:27:07;PT104;T_CUORE;-999.9;C;FAULT;LOT=L26130-L1-T2;OP=POPESCU_I
2026-05-10 16:27:37;PT104;T_CUORE;-999.9;C;FAULT;LOT=L26130-L1-T2;OP=POPESCU_I
2026-05-10 16:28:07;PT104;T_CUORE;-999.9;C;FAULT;LOT=L26130-L1-T2;OP=POPESCU_I
2026-05-10 16:28:37;PT104;TT_01;62.5;C;OK;LOT=L26130-L1-T2;OP=POPESCU_I
2026-05-10 16:28:37;PT104;T_CUORE;-999.9;C;FAULT;LOT=L26130-L1-T2;OP=POPESCU_I
2026-05-10 16:29:07;PT104;T_CUORE;-999.9;C;FAULT;LOT=L26130-L1-T2;OP=POPESCU_I
2026-05-10 16:29:37;PT104;T_CUORE;-999.9;C;FAULT;LOT=L26130-L1-T2;OP=POPESCU_I
2026-05-10 16:30:07;PT104;T_CUORE;-999.9;C;FAULT;LOT=L26130-L1-T2;OP=POPESCU_I
2026-05-10 16:30:37;PT104;T_CUORE;-999.9;C;FAULT;LOT=L26130-L1-T2;OP=POPESCU_I
2026-05-10 16:31:07;PT104;T_CUORE;-999.9;C;FAULT;LOT=L26130-L1-T2;OP=POPESCU_I
2026-05-10 16:31:37;PT104;T_CUORE;-999.9;C;FAULT;LOT=L26130-L1-T2;OP=POPESCU_I
2026-05-10 16:32:07;PT104;TT_02;62.6;C;OK;LOT=L26130-L1-T2;OP=POPESCU_I
2026-05-10 16:32:07;PT104;T_CUORE;-999.9;C;FAULT;LOT=L26130-L1-T2;OP=POPESCU_I
2026-05-10 16:32:37;PT104;T_CUORE;-999.9;C;FAULT;LOT=L26130-L1-T2;OP=POPESCU_I
2026-05-10 16:33:07;PT104;T_CUORE;-999.9;C;FAULT;LOT=L26130-L1-T2;OP=POPESCU_I
2026-05-10 16:33:37;PT104;T_CUORE;-999.9;C;FAULT;LOT=L26130-L1-T2;OP=POPESCU_I
2026-05-10 16:34:07;PT104;T_CUORE;-999.9;C;FAULT;LOT=L26130-L1-T2;OP=POPESCU_I
2026-05-10 16:34:37;PT104;T_CUORE;-999.9;C;FAULT;LOT=L26130-L1-T2;OP=POPESCU_I
2026-05-10 16:35:07;PT104;T_CUORE;-999.9;C;FAULT;LOT=L26130-L1-T2;OP=POPESCU_I
2026-05-10 16:35:37;PT104;TT_03;61.2;C;OK;LOT=L26130-L1-T2;OP=POPESCU_I
2026-05-10 16:35:37;PT104;T_CUORE;-999.9;C;FAULT;LOT=L26130-L1-T2;OP=POPESCU_I
2026-05-10 16:36:07;PT104;T_CUORE;-999.9;C;FAULT;LOT=L26130-L1-T2;OP=POPESCU_I
2026-05-10 16:36:37;PT104;T_CUORE;-999.9;C;FAULT;LOT=L26130-L1-T2;OP=POPESCU_I
2026-05-10 16:37:07;PT104;T_CUORE;-999.9;C;FAULT;LOT=L26130-L1-T2;OP=POPESCU_I
2026-05-10 16:37:37;PT104;T_CUORE;-999.9;C;FAULT;LOT=L26130-L1-T2;OP=POPESCU_I
2026-05-10 16:38:07;PT104;T_CUORE;-999.9;C;FAULT;LOT=L26130-L1-T2;OP=POPESCU_I
2026-05-10 16:38:37;PT104;T_CUORE;-999.9;C;FAULT;LOT=L26130-L1-T2;OP=POPESCU_I
2026-05-10 16:39:07;PT104;FT_01;0.0;m3/h;OK;LOT=L26130-L1-T2;OP=POPESCU_I
2026-05-10 16:39:07;PT104;T_CUORE;-999.9;C;FAULT;LOT=L26130-L1-T2;OP=POPESCU_I
2026-05-10 16:39:37;PT104;T_CUORE;-999.9;C;FAULT;LOT=L26130-L1-T2;OP=POPESCU_I
2026-05-10 16:40:07;PT104;T_CUORE;-999.9;C;FAULT;LOT=L26130-L1-T2;OP=POPESCU_I
2026-05-10 16:40:37;PT104;T_CUORE;-999.9;C;FAULT;LOT=L26130-L1-T2;OP=POPESCU_I
2026-05-10 16:41:07;PT104;T_CUORE;-999.9;C;FAULT;LOT=L26130-L1-T2;OP=POPESCU_I
2026-05-10 16:41:37;PT104;T_CUORE;-999.9;C;FAULT;LOT=L26130-L1-T2;OP=POPESCU_I
2026-05-10 16:42:07;PT104;T_CUORE;-999.9;C;FAULT;LOT=L26130-L1-T2;OP=POPESCU_I
2026-05-10 16:42:37;PT104;SPEED;0.0;m/min;OK;LOT=L26130-L1-T2;OP=POPESCU_I
2026-05-10 16:42:37;PT104;T_CUORE;-999.9;C;FAULT;LOT=L26130-L1-T2;OP=POPESCU_I
2026-05-10 16:43:07;PT104;T_CUORE;-999.9;C;FAULT;LOT=L26130-L1-T2;OP=POPESCU_I
2026-05-10 16:43:37;PT104;T_CUORE;-999.9;C;FAULT;LOT=L26130-L1-T2;OP=POPESCU_I
2026-05-10 16:44:07;PT104;T_CUORE;-999.9;C;FAULT;LOT=L26130-L1-T2;OP=POPESCU_I
2026-05-10 16:44:37;PT104;T_CUORE;-999.9;C;FAULT;LOT=L26130-L1-T2;OP=POPESCU_I
2026-05-10 16:45:07;PT104;T_CUORE;-999.9;C;FAULT;LOT=L26130-L1-T2;OP=POPESCU_I
2026-05-10 16:45:37;PT104;T_CUORE;-999.9;C;FAULT;LOT=L26130-L1-T2;OP=POPESCU_I
2026-05-10 16:46:07;PT104;SPEED;0.0;m/min;OK;LOT=L26130-L1-T2;OP=POPESCU_I
2026-05-10 16:46:07;PT104;T_CUORE;-999.9;C;FAULT;LOT=L26130-L1-T2;OP=POPESCU_I
2026-05-10 16:46:37;PT104;T_CUORE;-999.9;C;FAULT;LOT=L26130-L1-T2;OP=POPESCU_I
2026-05-10 16:47:07;PT104;T_CUORE;-999.9;C;FAULT;LOT=L26130-L1-T2;OP=POPESCU_I
2026-05-10 16:47:37;PT104;T_CUORE;-999.9;C;FAULT;LOT=L26130-L1-T2;OP=POPESCU_I
2026-05-10 16:48:07;PT104;T_CUORE;-999.9;C;FAULT;LOT=L26130-L1-T2;OP=POPESCU_I
2026-05-10 16:48:37;PT104;T_CUORE;-999.9;C;FAULT;LOT=L26130-L1-T2;OP=POPESCU_I
2026-05-10 16:49:07;PT104;T_CUORE;-999.9;C;FAULT;LOT=L26130-L1-T2;OP=POPESCU_I
2026-05-10 16:49:37;PT104;T_CUORE;-999.9;C;FAULT;LOT=L26130-L1-T2;OP=POPESCU_I
2026-05-10 16:50:07;PT104;TT_01;62.0;C;OK;LOT=L26130-L1-T2;OP=POPESCU_I
2026-05-10 16:50:07;PT104;T_CUORE;-999.9;C;FAULT;LOT=L26130-L1-T2;OP=POPESCU_I
2026-05-10 16:50:37;PT104;T_CUORE;-999.9;C;FAULT;LOT=L26130-L1-T2;OP=POPESCU_I
2026-05-10 16:51:07;PT104;T_CUORE;-999.9;C;FAULT;LOT=L26130-L1-T2;OP=POPESCU_I
2026-05-10 16:51:37;PT104;T_CUORE;-999.9;C;FAULT;LOT=L26130-L1-T2;OP=POPESCU_I
2026-05-10 16:52:07;PT104;T_CUORE;-999.9;C;FAULT;LOT=L26130-L1-T2;OP=POPESCU_I
2026-05-10 16:52:37;PT104;T_CUORE;-999.9;C;FAULT;LOT=L26130-L1-T2;OP=POPESCU_I
2026-05-10 16:53:07;PT104;T_CUORE;-999.9;C;FAULT;LOT=L26130-L1-T2;OP=POPESCU_I
2026-05-10 16:53:37;PT104;TT_02;61.7;C;OK;LOT=L26130-L1-T2;OP=POPESCU_I
2026-05-10 16:53:37;PT104;T_CUORE;-999.9;C;FAULT;LOT=L26130-L1-T2;OP=POPESCU_I
2026-05-10 16:54:07;PT104;T_CUORE;-999.9;C;FAULT;LOT=L26130-L1-T2;OP=POPESCU_I
2026-05-10 16:54:37;PT104;T_CUORE;-999.9;C;FAULT;LOT=L26130-L1-T2;OP=POPESCU_I
2026-05-10 16:55:07;PT104;T_CUORE;-999.9;C;FAULT;LOT=L26130-L1-T2;OP=POPESCU_I
2026-05-10 16:56:07;PT104;T_CUORE;58.9;C;OK;LOT=L26130-L1-T2;OP=POPESCU_I
2026-05-10 16:57:07;PT104;TT_03;60.3;C;OK;LOT=L26130-L1-T2;OP=POPESCU_I
2026-05-10 16:58:37;PT104;T_CUORE;59.2;C;OK;LOT=L26130-L1-T2;OP=POPESCU_I
2026-05-10 17:00:37;PT104;TT_03;59.8;C;OK;LOT=L26130-L1-T2;OP=POPESCU_I
2026-05-10 17:01:07;PT104;T_CUORE;59.1;C;OK;LOT=L26130-L1-T2;OP=POPESCU_I
2026-05-10 17:03:37;PT104;T_CUORE;58.9;C;OK;LOT=L26130-L1-T2;OP=POPESCU_I
2026-05-10 17:04:07;PT104;FT_01;0.0;m3/h;OK;LOT=L26130-L1-T2;OP=POPESCU_I
2026-05-10 17:06:07;PT104;T_CUORE;59.0;C;OK;LOT=L26130-L1-T2;OP=POPESCU_I
2026-05-10 17:07:37;PT104;SPEED;0.0;m/min;OK;LOT=L26130-L1-T2;OP=POPESCU_I
2026-05-10 17:08:37;PT104;T_CUORE;58.8;C;OK;LOT=L26130-L1-T2;OP=POPESCU_I
2026-05-10 17:11:07;PT104;T_CUORE;58.5;C;OK;LOT=L26130-L1-T2;OP=POPESCU_I
2026-05-10 17:11:37;PT104;TT_01;60.5;C;OK;LOT=L26130-L1-T2;OP=POPESCU_I
2026-05-10 17:13:37;PT104;T_CUORE;58.6;C;OK;LOT=L26130-L1-T2;OP=POPESCU_I
2026-05-10 17:15:07;PT104;TT_01;60.3;C;OK;LOT=L26130-L1-T2;OP=POPESCU_I
2026-05-10 17:16:07;PT104;T_CUORE;58.6;C;OK;LOT=L26130-L1-T2;OP=POPESCU_I
2026-05-10 17:18:37;PT104;TT_02;61.5;C;OK;LOT=L26130-L1-T2;OP=POPESCU_I
2026-05-10 17:18:37;PT104;T_CUORE;58.9;C;OK;LOT=L26130-L1-T2;OP=POPESCU_I
2026-05-10 17:21:07;PT104;T_CUORE;58.3;C;OK;LOT=L26130-L1-T2;OP=POPESCU_I
2026-05-10 17:22:07;PT104;TT_03;59.5;C;OK;LOT=L26130-L1-T2;OP=POPESCU_I
2026-05-10 17:08:21;PT104;SYS;RTC_BATT_LOW;;WARN;;
2026-05-10 17:09:13;PT104;T_CUORE;58.2;C;OK;LOT=L26130-L1-T2;OP=POPESCU_I
2026-05-10 17:11:13;PT104;TT_01;60.5;C;OK;LOT=L26130-L1-T2;OP=POPESCU_I
2026-05-10 17:11:43;PT104;T_CUORE;57.6;C;OK;LOT=L26130-L1-T2;OP=POPESCU_I
2026-05-10 17:14:13;PT104;T_CUORE;58.1;C;OK;LOT=L26130-L1-T2;OP=POPESCU_I
2026-05-10 17:31:07;PT104;SYS;TIME_SYNC;SRV=10.0.2.1;OK;;
2026-05-10 17:33:07;PT104;T_CUORE;58.0;C;OK;LOT=L26130-L1-T2;OP=POPESCU_I
2026-05-10 17:34:37;PT104;TT_01;60.7;C;OK;LOT=L26130-L1-T2;OP=POPESCU_I
2026-05-10 17:35:37;PT104;T_CUORE;58.2;C;OK;LOT=L26130-L1-T2;OP=POPESCU_I
2026-05-10 17:38:07;PT104;TT_02;61.0;C;OK;LOT=L26130-L1-T2;OP=POPESCU_I
2026-05-10 17:38:07;PT104;T_CUORE;58.1;C;OK;LOT=L26130-L1-T2;OP=POPESCU_I
2026-05-10 17:40:37;PT104;T_CUORE;58.1;C;OK;LOT=L26130-L1-T2;OP=POPESCU_I
2026-05-10 17:41:37;PT104;TT_03;59.3;C;OK;LOT=L26130-L1-T2;OP=POPESCU_I
2026-05-10 17:43:07;PT104;T_CUORE;58.8;C;OK;LOT=L26130-L1-T2;OP=POPESCU_I
2026-05-10 17:45:07;PT104;TT_03;59.0;C;OK;LOT=L26130-L1-T2;OP=POPESCU_I
2026-05-10 17:45:37;PT104;T_CUORE;58.0;C;OK;LOT=L26130-L1-T2;OP=POPESCU_I
2026-05-10 17:48:07;PT104;T_CUORE;58.6;C;OK;LOT=L26130-L1-T2;OP=POPESCU_I
2026-05-10 17:48:37;PT104;FT_01;0.0;m3/h;OK;LOT=L26130-L1-T2;OP=POPESCU_I
2026-05-10 17:50:37;PT104;T_CUORE;58.6;C;OK;LOT=L26130-L1-T2;OP=POPESCU_I
2026-05-10 17:52:07;PT104;SPEED;0.0;m/min;OK;LOT=L26130-L1-T2;OP=POPESCU_I
2026-05-10 17:53:07;PT104;T_CUORE;57.5;C;OK;LOT=L26130-L1-T2;OP=POPESCU_I
2026-05-10 17:55:37;PT104;T_CUORE;57.8;C;OK;LOT=L26130-L1-T2;OP=POPESCU_I
2026-05-10 17:56:07;PT104;TT_01;59.9;C;OK;LOT=L26130-L1-T2;OP=POPESCU_I
2026-05-10 17:58:07;PT104;T_CUORE;57.4;C;OK;LOT=L26130-L1-T2;OP=POPESCU_I
2026-05-10 17:59:37;PT104;TT_01;59.7;C;OK;LOT=L26130-L1-T2;OP=POPESCU_I
2026-05-10 18:00:37;PT104;T_CUORE;57.8;C;OK;LOT=L26130-L1-T2;OP=POPESCU_I
2026-05-10 18:03:07;PT104;TT_02;60.2;C;OK;LOT=L26130-L1-T2;OP=POPESCU_I
2026-05-10 18:03:07;PT104;T_CUORE;57.8;C;OK;LOT=L26130-L1-T2;OP=POPESCU_I
2026-05-10 18:05:37;PT104;T_CUORE;57.5;C;OK;LOT=L26130-L1-T2;OP=POPESCU_I
2026-05-10 18:06:37;PT104;TT_03;58.8;C;OK;LOT=L26130-L1-T2;OP=POPESCU_I
2026-05-10 18:08:07;PT104;T_CUORE;57.8;C;OK;LOT=L26130-L1-T2;OP=POPESCU_I
2026-05-10 18:10:07;PT104;FT_01;0.0;m3/h;OK;LOT=L26130-L1-T2;OP=POPESCU_I
2026-05-10 18:10:37;PT104;T_CUORE;57.8;C;OK;LOT=L26130-L1-T2;OP=POPESCU_I
2026-05-10 18:13:07;PT104;T_CUORE;57.1;C;OK;LOT=L26130-L1-T2;OP=POPESCU_I
2026-05-10 18:13:37;PT104;FT_01;0.0;m3/h;OK;LOT=L26130-L1-T2;OP=POPESCU_I
2026-05-10 18:15:37;PT104;T_CUORE;58.0;C;OK;LOT=L26130-L1-T2;OP=POPESCU_I
2026-05-10 18:17:07;PT104;SPEED;0.0;m/min;OK;LOT=L26130-L1-T2;OP=POPESCU_I
2026-05-10 18:18:07;PT104;T_CUORE;57.1;C;OK;LOT=L26130-L1-T2;OP=POPESCU_I
2026-05-10 18:20:37;PT104;T_CUORE;57.0;C;OK;LOT=L26130-L1-T2;OP=POPESCU_I
2026-05-10 18:21:07;PT104;TT_01;60.3;C;OK;LOT=L26130-L1-T2;OP=POPESCU_I
2026-05-10 18:23:07;PT104;T_CUORE;57.9;C;OK;LOT=L26130-L1-T2;OP=POPESCU_I
2026-05-10 18:24:37;PT104;TT_02;59.9;C;OK;LOT=L26130-L1-T2;OP=POPESCU_I
2026-05-10 18:25:37;PT104;T_CUORE;57.8;C;OK;LOT=L26130-L1-T2;OP=POPESCU_I
2026-05-10 18:28:07;PT104;TT_03;58.4;C;OK;LOT=L26130-L1-T2;OP=POPESCU_I
2026-05-10 18:28:07;PT104;T_CUORE;57.8;C;OK;LOT=L26130-L1-T2;OP=POPESCU_I
2026-05-10 18:30:37;PT104;T_CUORE;57.1;C;OK;LOT=L26130-L1-T2;OP=POPESCU_I
2026-05-10 18:31:37;PT104;TT_03;58.7;C;OK;LOT=L26130-L1-T2;OP=POPESCU_I
2026-05-10 18:33:07;PT104;T_CUORE;57.3;C;OK;LOT=L26130-L1-T2;OP=POPESCU_I
2026-05-10 18:35:07;PT104;FT_01;0.0;m3/h;OK;LOT=L26130-L1-T2;OP=POPESCU_I
2026-05-10 18:35:37;PT104;T_CUORE;57.2;C;OK;LOT=L26130-L1-T2;OP=POPESCU_I
2026-05-10 18:38:07;PT104;T_CUORE;57.6;C;OK;LOT=L26130-L1-T2;OP=POPESCU_I
2026-05-10 18:38:37;PT104;SPEED;0.0;m/min;OK;LOT=L26130-L1-T2;OP=POPESCU_I
2026-05-10 18:40:07;PT104;TT_01;59.3;C;OK;LOT=L26130-L1-T2;OP=POPESCU_I
2026-05-10 18:40:07;PT104;TT_02;60.7;C;OK;LOT=L26130-L1-T2;OP=POPESCU_I
2026-05-10 18:40:07;PT104;TT_03;58.7;C;OK;LOT=L26130-L1-T2;OP=POPESCU_I
2026-05-10 18:40:07;PT104;FT_01;0.0;m3/h;OK;LOT=L26130-L1-T2;OP=POPESCU_I
2026-05-10 18:40:07;PT104;SPEED;0.0;m/min;OK;LOT=L26130-L1-T2;OP=POPESCU_I
2026-05-10 18:40:07;PT104;T_CUORE;57.3;C;OK;LOT=L26130-L1-T2;OP=POPESCU_I
2026-05-10 18:40:37;PT104;TT_01;59.3;C;OK;LOT=L26130-L1-T2;OP=POPESCU_I
2026-05-10 18:40:37;PT104;TT_02;60.5;C;OK;LOT=L26130-L1-T2;OP=POPESCU_I
2026-05-10 18:40:37;PT104;TT_03;58.7;C;OK;LOT=L26130-L1-T2;OP=POPESCU_I
2026-05-10 18:40:37;PT104;FT_01;0.0;m3/h;OK;LOT=L26130-L1-T2;OP=POPESCU_I
2026-05-10 18:40:37;PT104;SPEED;0.0;m/min;OK;LOT=L26130-L1-T2;OP=POPESCU_I
2026-05-10 18:40:37;PT104;T_CUORE;57.2;C;OK;LOT=L26130-L1-T2;OP=POPESCU_I
2026-05-10 18:41:07;PT104;TT_01;59.2;C;OK;LOT=L26130-L1-T2;OP=POPESCU_I
2026-05-10 18:41:07;PT104;TT_02;60.6;C;OK;LOT=L26130-L1-T2;OP=POPESCU_I
2026-05-10 18:41:07;PT104;TT_03;58.5;C;OK;LOT=L26130-L1-T2;OP=POPESCU_I
2026-05-10 18:41:07;PT104;FT_01;0.0;m3/h;OK;LOT=L26130-L1-T2;OP=POPESCU_I
2026-05-10 18:41:07;PT104;SPEED;0.0;m/min;OK;LOT=L26130-L1-T2;OP=POPESCU_I
2026-05-10 18:41:07;PT104;T_CUORE;57.4;C;OK;LOT=L26130-L1-T2;OP=POPESCU_I
2026-05-10 18:41:37;PT104;TT_01;59.1;C;OK;LOT=L26130-L1-T2;OP=POPESCU_I
2026-05-10 18:41:37;PT104;TT_02;60.8;C;OK;LOT=L26130-L1-T2;OP=POPESCU_I
2026-05-10 18:41:37;PT104;TT_03;58.2;C;OK;LOT=L26130-L1-T2;OP=POPESCU_I
2026-05-10 18:41:37;PT104;FT_01;0.0;m3/h;OK;LOT=L26130-L1-T2;OP=POPESCU_I
2026-05-10 18:41:37;PT104;SPEED;0.0;m/min;OK;LOT=L26130-L1-T2;OP=POPESCU_I
2026-05-10 18:41:37;PT104;T_CUORE;58.1;C;OK;LOT=L26130-L1-T2;OP=POPESCU_I
2026-05-10 18:42:07;PT104;TT_01;59.2;C;OK;LOT=L26130-L1-T2;OP=POPESCU_I
2026-05-10 18:42:07;PT104;TT_02;60.7;C;OK;LOT=L26130-L1-T2;OP=POPESCU_I
2026-05-10 18:42:07;PT104;TT_03;58.5;C;OK;LOT=L26130-L1-T2;OP=POPESCU_I
2026-05-10 18:42:07;PT104;FT_01;0.0;m3/h;OK;LOT=L26130-L1-T2;OP=POPESCU_I
2026-05-10 18:42:07;PT104;SPEED;0.0;m/min;OK;LOT=L26130-L1-T2;OP=POPESCU_I
2026-05-10 18:42:07;PT104;T_CUORE;57.5;C;OK;LOT=L26130-L1-T2;OP=POPESCU_I
2026-05-10 18:42:37;PT104;TT_01;59.4;C;OK;LOT=L26130-L1-T2;OP=POPESCU_I
2026-05-10 18:42:37;PT104;TT_02;60.7;C;OK;LOT=L26130-L1-T2;OP=POPESCU_I
2026-05-10 18:42:37;PT104;TT_03;58.4;C;OK;LOT=L26130-L1-T2;OP=POPESCU_I
2026-05-10 18:42:37;PT104;FT_01;0.0;m3/h;OK;LOT=L26130-L1-T2;OP=POPESCU_I
2026-05-10 18:42:37;PT104;SPEED;0.0;m/min;OK;LOT=L26130-L1-T2;OP=POPESCU_I
2026-05-10 18:42:37;PT104;T_CUORE;57.4;C;OK;LOT=L26130-L1-T2;OP=POPESCU_I
2026-05-10 18:43:07;PT104;TT_01;59.2;C;OK;LOT=L26130-L1-T2;OP=POPESCU_I
2026-05-10 18:43:07;PT104;TT_02;60.5;C;OK;LOT=L26130-L1-T2;OP=POPESCU_I
2026-05-10 18:43:07;PT104;TT_03;58.6;C;OK;LOT=L26130-L1-T2;OP=POPESCU_I
2026-05-10 18:43:07;PT104;FT_01;0.0;m3/h;OK;LOT=L26130-L1-T2;OP=POPESCU_I
2026-05-10 18:43:07;PT104;SPEED;0.0;m/min;OK;LOT=L26130-L1-T2;OP=POPESCU_I
2026-05-10 18:43:07;PT104;T_CUORE;56.9;C;OK;LOT=L26130-L1-T2;OP=POPESCU_I
2026-05-10 18:43:07;PT104;MODE;STOP;;OK;LOT=L26130-L1-T2;OP=POPESCU_I
2026-05-10 18:43:37;PT104;TT_01;59.7;C;OK;LOT=L26130-L1-T2;OP=POPESCU_I
2026-05-10 18:43:37;PT104;TT_02;60.6;C;OK;LOT=L26130-L1-T2;OP=POPESCU_I
2026-05-10 18:43:37;PT104;TT_03;58.8;C;OK;LOT=L26130-L1-T2;OP=POPESCU_I
2026-05-10 18:43:37;PT104;FT_01;0.0;m3/h;OK;LOT=L26130-L1-T2;OP=POPESCU_I
2026-05-10 18:43:37;PT104;SPEED;0.0;m/min;OK;LOT=L26130-L1-T2;OP=POPESCU_I
2026-05-10 18:43:37;PT104;T_CUORE;57.9;C;OK;LOT=L26130-L1-T2;OP=POPESCU_I
2026-05-10 18:44:07;PT104;TT_01;59.5;C;OK;LOT=L26130-L1-T2;OP=POPESCU_I
2026-05-10 18:44:07;PT104;TT_02;60.9;C;OK;LOT=L26130-L1-T2;OP=POPESCU_I
2026-05-10 18:44:07;PT104;TT_03;58.6;C;OK;LOT=L26130-L1-T2;OP=POPESCU_I
2026-05-10 18:44:07;PT104;FT_01;0.0;m3/h;OK;LOT=L26130-L1-T2;OP=POPESCU_I
2026-05-10 18:44:07;PT104;SPEED;0.0;m/min;OK;LOT=L26130-L1-T2;OP=POPESCU_I
2026-05-10 18:44:07;PT104;T_CUORE;57.2;C;OK;LOT=L26130-L1-T2;OP=POPESCU_I
2026-05-10 18:44:37;PT104;TT_01;59.4;C;OK;LOT=L26130-L1-T2;OP=POPESCU_I
2026-05-10 18:44:37;PT104;TT_02;60.4;C;OK;LOT=L26130-L1-T2;OP=POPESCU_I
2026-05-10 18:44:37;PT104;TT_03;58.6;C;OK;LOT=L26130-L1-T2;OP=POPESCU_I
2026-05-10 18:44:37;PT104;FT_01;0.0;m3/h;OK;LOT=L26130-L1-T2;OP=POPESCU_I
2026-05-10 18:44:37;PT104;SPEED;0.0;m/min;OK;LOT=L26130-L1-T2;OP=POPESCU_I
2026-05-10 18:44:37;PT104;T_CUORE;57.7;C;OK;LOT=L26130-L1-T2;OP=POPESCU_I
2026-05-10 18:44:50;PT104;EVT;ALM_RESET;ACK=PANEL;OK;LOT=L26130-L1-T2;OP=POPESCU_I
2026-05-10 18:45:07;PT104;EVT;MACHINE_RUN;CMD=LOCAL;OK;LOT=L26130-L1-T2;OP=POPESCU_I
2026-05-10 18:45:07;PT104;TT_01;59.6;C;OK;LOT=L26130-L1-T2;OP=POPESCU_I
2026-05-10 18:45:07;PT104;TT_02;60.9;C;OK;LOT=L26130-L1-T2;OP=POPESCU_I
2026-05-10 18:45:07;PT104;TT_03;58.7;C;OK;LOT=L26130-L1-T2;OP=POPESCU_I
2026-05-10 18:45:07;PT104;FT_01;13.1;m3/h;OK;LOT=L26130-L1-T2;OP=POPESCU_I
2026-05-10 18:45:07;PT104;SPEED;0.0;m/min;OK;LOT=L26130-L1-T2;OP=POPESCU_I
2026-05-10 18:45:07;PT104;T_CUORE;58.3;C;OK;LOT=L26130-L1-T2;OP=POPESCU_I
2026-05-10 18:45:37;PT104;TT_01;59.8;C;OK;LOT=L26130-L1-T2;OP=POPESCU_I
2026-05-10 18:45:37;PT104;TT_02;60.9;C;OK;LOT=L26130-L1-T2;OP=POPESCU_I
2026-05-10 18:45:37;PT104;TT_03;59.0;C;OK;LOT=L26130-L1-T2;OP=POPESCU_I
2026-05-10 18:45:37;PT104;FT_01;13.1;m3/h;OK;LOT=L26130-L1-T2;OP=POPESCU_I
2026-05-10 18:45:37;PT104;SPEED;0.0;m/min;OK;LOT=L26130-L1-T2;OP=POPESCU_I
2026-05-10 18:45:37;PT104;T_CUORE;57.5;C;OK;LOT=L26130-L1-T2;OP=POPESCU_I
2026-05-10 18:46:07;PT104;TT_01;59.9;C;OK;LOT=L26130-L1-T2;OP=POPESCU_I
2026-05-10 18:46:07;PT104;TT_02;61.2;C;OK;LOT=L26130-L1-T2;OP=POPESCU_I
2026-05-10 18:46:07;PT104;TT_03;59.1;C;OK;LOT=L26130-L1-T2;OP=POPESCU_I
2026-05-10 18:46:07;PT104;FT_01;13.2;m3/h;OK;LOT=L26130-L1-T2;OP=POPESCU_I
2026-05-10 18:46:07;PT104;SPEED;0.0;m/min;OK;LOT=L26130-L1-T2;OP=POPESCU_I
2026-05-10 18:46:07;PT104;T_CUORE;58.1;C;OK;LOT=L26130-L1-T2;OP=POPESCU_I
2026-05-10 18:46:37;PT104;EVT;BELT_START;SPEED_SP=2.0;OK;LOT=L26130-L1-T2;OP=POPESCU_I
2026-05-10 18:46:37;PT104;TT_01;60.2;C;OK;LOT=L26130-L1-T2;OP=POPESCU_I
2026-05-10 18:46:37;PT104;TT_02;61.7;C;OK;LOT=L26130-L1-T2;OP=POPESCU_I
2026-05-10 18:46:37;PT104;TT_03;59.4;C;OK;LOT=L26130-L1-T2;OP=POPESCU_I
2026-05-10 18:46:37;PT104;FT_01;13.1;m3/h;OK;LOT=L26130-L1-T2;OP=POPESCU_I
2026-05-10 18:46:37;PT104;SPEED;2.0;m/min;OK;LOT=L26130-L1-T2;OP=POPESCU_I
2026-05-10 18:46:37;PT104;T_CUORE;58.5;C;OK;LOT=L26130-L1-T2;OP=POPESCU_I
2026-05-10 18:47:07;PT104;TT_01;60.7;C;OK;LOT=L26130-L1-T2;OP=POPESCU_I
2026-05-10 18:47:07;PT104;TT_02;62.3;C;OK;LOT=L26130-L1-T2;OP=POPESCU_I
2026-05-10 18:47:07;PT104;TT_03;59.9;C;OK;LOT=L26130-L1-T2;OP=POPESCU_I
2026-05-10 18:47:07;PT104;FT_01;12.9;m3/h;OK;LOT=L26130-L1-T2;OP=POPESCU_I
2026-05-10 18:47:07;PT104;SPEED;2.0;m/min;OK;LOT=L26130-L1-T2;OP=POPESCU_I
2026-05-10 18:47:07;PT104;T_CUORE;59.1;C;OK;LOT=L26130-L1-T2;OP=POPESCU_I
2026-05-10 18:47:37;PT104;TT_01;61.3;C;OK;LOT=L26130-L1-T2;OP=POPESCU_I
2026-05-10 18:47:37;PT104;TT_02;62.2;C;OK;LOT=L26130-L1-T2;OP=POPESCU_I
2026-05-10 18:47:37;PT104;TT_03;60.1;C;OK;LOT=L26130-L1-T2;OP=POPESCU_I
2026-05-10 18:47:37;PT104;FT_01;12.9;m3/h;OK;LOT=L26130-L1-T2;OP=POPESCU_I
2026-05-10 18:47:37;PT104;SPEED;2.0;m/min;OK;LOT=L26130-L1-T2;OP=POPESCU_I
2026-05-10 18:47:37;PT104;T_CUORE;59.4;C;OK;LOT=L26130-L1-T2;OP=POPESCU_I
2026-05-10 18:48:07;PT104;TT_01;61.2;C;OK;LOT=L26130-L1-T2;OP=POPESCU_I
2026-05-10 18:48:07;PT104;TT_02;62.6;C;OK;LOT=L26130-L1-T2;OP=POPESCU_I
2026-05-10 18:48:07;PT104;TT_03;60.3;C;OK;LOT=L26130-L1-T2;OP=POPESCU_I
2026-05-10 18:48:07;PT104;FT_01;13.4;m3/h;OK;LOT=L26130-L1-T2;OP=POPESCU_I
2026-05-10 18:48:07;PT104;SPEED;2.0;m/min;OK;LOT=L26130-L1-T2;OP=POPESCU_I
2026-05-10 18:48:07;PT104;T_CUORE;59.6;C;OK;LOT=L26130-L1-T2;OP=POPESCU_I
2026-05-10 18:48:37;PT104;TT_01;61.7;C;OK;LOT=L26130-L1-T2;OP=POPESCU_I
2026-05-10 18:48:37;PT104;TT_02;62.7;C;OK;LOT=L26130-L1-T2;OP=POPESCU_I
2026-05-10 18:48:37;PT104;TT_03;60.8;C;OK;LOT=L26130-L1-T2;OP=POPESCU_I
2026-05-10 18:48:37;PT104;FT_01;13.3;m3/h;OK;LOT=L26130-L1-T2;OP=POPESCU_I
2026-05-10 18:48:37;PT104;SPEED;2.0;m/min;OK;LOT=L26130-L1-T2;OP=POPESCU_I
2026-05-10 18:48:37;PT104;T_CUORE;60.0;C;OK;LOT=L26130-L1-T2;OP=POPESCU_I
2026-05-10 18:49:07;PT104;TT_01;61.9;C;OK;LOT=L26130-L1-T2;OP=POPESCU_I
2026-05-10 18:49:07;PT104;TT_02;63.2;C;OK;LOT=L26130-L1-T2;OP=POPESCU_I
2026-05-10 18:49:07;PT104;TT_03;60.8;C;OK;LOT=L26130-L1-T2;OP=POPESCU_I
2026-05-10 18:49:07;PT104;FT_01;13.2;m3/h;OK;LOT=L26130-L1-T2;OP=POPESCU_I
2026-05-10 18:49:07;PT104;SPEED;2.0;m/min;OK;LOT=L26130-L1-T2;OP=POPESCU_I
2026-05-10 18:49:07;PT104;T_CUORE;59.7;C;OK;LOT=L26130-L1-T2;OP=POPESCU_I
2026-05-10 18:49:37;PT104;TT_01;62.4;C;OK;LOT=L26130-L1-T2;OP=POPESCU_I
2026-05-10 18:49:37;PT104;TT_02;63.3;C;OK;LOT=L26130-L1-T2;OP=POPESCU_I
2026-05-10 18:49:37;PT104;TT_03;61.3;C;OK;LOT=L26130-L1-T2;OP=POPESCU_I
2026-05-10 18:49:37;PT104;FT_01;13.2;m3/h;OK;LOT=L26130-L1-T2;OP=POPESCU_I
2026-05-10 18:49:37;PT104;SPEED;2.0;m/min;OK;LOT=L26130-L1-T2;OP=POPESCU_I
2026-05-10 18:49:37;PT104;T_CUORE;60.2;C;OK;LOT=L26130-L1-T2;OP=POPESCU_I
2026-05-10 18:50:07;PT104;TT_01;62.9;C;OK;LOT=L26130-L1-T2;OP=POPESCU_I
2026-05-10 18:50:07;PT104;TT_02;63.8;C;OK;LOT=L26130-L1-T2;OP=POPESCU_I
2026-05-10 18:50:07;PT104;TT_03;61.7;C;OK;LOT=L26130-L1-T2;OP=POPESCU_I
2026-05-10 18:50:07;PT104;FT_01;13.3;m3/h;OK;LOT=L26130-L1-T2;OP=POPESCU_I
2026-05-10 18:50:07;PT104;SPEED;2.0;m/min;OK;LOT=L26130-L1-T2;OP=POPESCU_I
2026-05-10 18:50:07;PT104;T_CUORE;61.2;C;OK;LOT=L26130-L1-T2;OP=POPESCU_I
2026-05-10 18:50:37;PT104;TT_01;63.2;C;OK;LOT=L26130-L1-T2;OP=POPESCU_I
2026-05-10 18:50:37;PT104;TT_02;63.8;C;OK;LOT=L26130-L1-T2;OP=POPESCU_I
2026-05-10 18:50:37;PT104;TT_03;62.1;C;OK;LOT=L26130-L1-T2;OP=POPESCU_I
2026-05-10 18:50:37;PT104;FT_01;13.1;m3/h;OK;LOT=L26130-L1-T2;OP=POPESCU_I
2026-05-10 18:50:37;PT104;SPEED;2.0;m/min;OK;LOT=L26130-L1-T2;OP=POPESCU_I
2026-05-10 18:50:37;PT104;T_CUORE;60.5;C;OK;LOT=L26130-L1-T2;OP=POPESCU_I
2026-05-10 18:51:07;PT104;TT_01;63.5;C;OK;LOT=L26130-L1-T2;OP=POPESCU_I
2026-05-10 18:51:07;PT104;TT_02;64.1;C;OK;LOT=L26130-L1-T2;OP=POPESCU_I
2026-05-10 18:51:07;PT104;TT_03;62.3;C;OK;LOT=L26130-L1-T2;OP=POPESCU_I
2026-05-10 18:51:07;PT104;FT_01;13.5;m3/h;OK;LOT=L26130-L1-T2;OP=POPESCU_I
2026-05-10 18:51:07;PT104;SPEED;2.0;m/min;OK;LOT=L26130-L1-T2;OP=POPESCU_I
2026-05-10 18:51:07;PT104;T_CUORE;60.8;C;OK;LOT=L26130-L1-T2;OP=POPESCU_I
2026-05-10 18:51:37;PT104;TT_01;63.8;C;OK;LOT=L26130-L1-T2;OP=POPESCU_I
2026-05-10 18:51:37;PT104;TT_02;64.5;C;OK;LOT=L26130-L1-T2;OP=POPESCU_I
2026-05-10 18:51:37;PT104;TT_03;62.7;C;OK;LOT=L26130-L1-T2;OP=POPESCU_I
2026-05-10 18:51:37;PT104;FT_01;13.0;m3/h;OK;LOT=L26130-L1-T2;OP=POPESCU_I
2026-05-10 18:51:37;PT104;SPEED;2.0;m/min;OK;LOT=L26130-L1-T2;OP=POPESCU_I
2026-05-10 18:51:37;PT104;T_CUORE;61.9;C;OK;LOT=L26130-L1-T2;OP=POPESCU_I
2026-05-10 18:52:07;PT104;EVT;BELT_SP_CHANGE;SPEED_SP=4.2;OK;LOT=L26130-L1-T2;OP=POPESCU_I
2026-05-10 18:52:07;PT104;TT_01;64.2;C;OK;LOT=L26130-L1-T2;OP=POPESCU_I
2026-05-10 18:52:07;PT104;TT_02;64.6;C;OK;LOT=L26130-L1-T2;OP=POPESCU_I
2026-05-10 18:52:07;PT104;TT_03;62.9;C;OK;LOT=L26130-L1-T2;OP=POPESCU_I
2026-05-10 18:52:07;PT104;FT_01;12.4;m3/h;OK;LOT=L26130-L1-T2;OP=POPESCU_I
2026-05-10 18:52:07;PT104;SPEED;4.2;m/min;OK;LOT=L26130-L1-T2;OP=POPESCU_I
2026-05-10 18:52:07;PT104;T_CUORE;61.8;C;OK;LOT=L26130-L1-T2;OP=POPESCU_I
2026-05-10 18:52:37;PT104;TT_01;64.5;C;OK;LOT=L26130-L1-T2;OP=POPESCU_I
2026-05-10 18:52:37;PT104;TT_02;65.0;C;OK;LOT=L26130-L1-T2;OP=POPESCU_I
2026-05-10 18:52:37;PT104;TT_03;63.2;C;OK;LOT=L26130-L1-T2;OP=POPESCU_I
2026-05-10 18:52:37;PT104;FT_01;13.2;m3/h;OK;LOT=L26130-L1-T2;OP=POPESCU_I
2026-05-10 18:52:37;PT104;SPEED;4.2;m/min;OK;LOT=L26130-L1-T2;OP=POPESCU_I
2026-05-10 18:52:37;PT104;T_CUORE;62.2;C;OK;LOT=L26130-L1-T2;OP=POPESCU_I
2026-05-10 18:53:07;PT104;TT_01;64.7;C;OK;LOT=L26130-L1-T2;OP=POPESCU_I
2026-05-10 18:53:07;PT104;TT_02;65.4;C;OK;LOT=L26130-L1-T2;OP=POPESCU_I
2026-05-10 18:53:07;PT104;TT_03;63.4;C;OK;LOT=L26130-L1-T2;OP=POPESCU_I
2026-05-10 18:53:07;PT104;FT_01;13.3;m3/h;OK;LOT=L26130-L1-T2;OP=POPESCU_I
2026-05-10 18:53:07;PT104;SPEED;4.2;m/min;OK;LOT=L26130-L1-T2;OP=POPESCU_I
2026-05-10 18:53:07;PT104;T_CUORE;61.9;C;OK;LOT=L26130-L1-T2;OP=POPESCU_I
2026-05-10 18:53:37;PT104;TT_01;65.1;C;OK;LOT=L26130-L1-T2;OP=POPESCU_I
2026-05-10 18:53:37;PT104;TT_02;65.4;C;OK;LOT=L26130-L1-T2;OP=POPESCU_I
2026-05-10 18:53:37;PT104;TT_03;63.7;C;OK;LOT=L26130-L1-T2;OP=POPESCU_I
2026-05-10 18:53:37;PT104;FT_01;13.2;m3/h;OK;LOT=L26130-L1-T2;OP=POPESCU_I
2026-05-10 18:53:37;PT104;SPEED;4.2;m/min;OK;LOT=L26130-L1-T2;OP=POPESCU_I
2026-05-10 18:53:37;PT104;T_CUORE;62.7;C;OK;LOT=L26130-L1-T2;OP=POPESCU_I
2026-05-10 18:54:07;PT104;TT_01;65.6;C;OK;LOT=L26130-L1-T2;OP=POPESCU_I
2026-05-10 18:54:07;PT104;TT_02;65.7;C;OK;LOT=L26130-L1-T2;OP=POPESCU_I
2026-05-10 18:54:07;PT104;TT_03;64.1;C;OK;LOT=L26130-L1-T2;OP=POPESCU_I
2026-05-10 18:54:07;PT104;FT_01;13.2;m3/h;OK;LOT=L26130-L1-T2;OP=POPESCU_I
2026-05-10 18:54:07;PT104;SPEED;4.2;m/min;OK;LOT=L26130-L1-T2;OP=POPESCU_I
2026-05-10 18:54:07;PT104;T_CUORE;63.2;C;OK;LOT=L26130-L1-T2;OP=POPESCU_I
2026-05-10 18:54:37;PT104;TT_01;66.1;C;OK;LOT=L26130-L1-T2;OP=POPESCU_I
2026-05-10 18:54:37;PT104;TT_02;65.9;C;OK;LOT=L26130-L1-T2;OP=POPESCU_I
2026-05-10 18:54:37;PT104;TT_03;64.4;C;OK;LOT=L26130-L1-T2;OP=POPESCU_I
2026-05-10 18:54:37;PT104;FT_01;13.2;m3/h;OK;LOT=L26130-L1-T2;OP=POPESCU_I
2026-05-10 18:54:37;PT104;SPEED;4.2;m/min;OK;LOT=L26130-L1-T2;OP=POPESCU_I
2026-05-10 18:54:37;PT104;T_CUORE;63.2;C;OK;LOT=L26130-L1-T2;OP=POPESCU_I
2026-05-10 18:55:07;PT104;TT_01;66.1;C;OK;LOT=L26130-L1-T2;OP=POPESCU_I
2026-05-10 18:55:07;PT104;TT_02;66.4;C;OK;LOT=L26130-L1-T2;OP=POPESCU_I
2026-05-10 18:55:07;PT104;TT_03;64.5;C;OK;LOT=L26130-L1-T2;OP=POPESCU_I
2026-05-10 18:55:07;PT104;FT_01;13.2;m3/h;OK;LOT=L26130-L1-T2;OP=POPESCU_I
2026-05-10 18:55:07;PT104;SPEED;4.2;m/min;OK;LOT=L26130-L1-T2;OP=POPESCU_I
2026-05-10 18:55:07;PT104;T_CUORE;63.2;C;OK;LOT=L26130-L1-T2;OP=POPESCU_I
2026-05-10 18:55:37;PT104;TT_01;66.7;C;OK;LOT=L26130-L1-T2;OP=POPESCU_I
2026-05-10 18:55:37;PT104;TT_02;66.4;C;OK;LOT=L26130-L1-T2;OP=POPESCU_I
2026-05-10 18:55:37;PT104;TT_03;64.9;C;OK;LOT=L26130-L1-T2;OP=POPESCU_I
2026-05-10 18:55:37;PT104;FT_01;13.4;m3/h;OK;LOT=L26130-L1-T2;OP=POPESCU_I
2026-05-10 18:55:37;PT104;SPEED;4.2;m/min;OK;LOT=L26130-L1-T2;OP=POPESCU_I
2026-05-10 18:55:37;PT104;T_CUORE;64.6;C;OK;LOT=L26130-L1-T2;OP=POPESCU_I
2026-05-10 18:56:07;PT104;TT_01;66.7;C;OK;LOT=L26130-L1-T2;OP=POPESCU_I
2026-05-10 18:56:07;PT104;TT_02;66.9;C;OK;LOT=L26130-L1-T2;OP=POPESCU_I
2026-05-10 18:56:07;PT104;TT_03;65.3;C;OK;LOT=L26130-L1-T2;OP=POPESCU_I
2026-05-10 18:56:07;PT104;FT_01;13.1;m3/h;OK;LOT=L26130-L1-T2;OP=POPESCU_I
2026-05-10 18:56:07;PT104;SPEED;4.2;m/min;OK;LOT=L26130-L1-T2;OP=POPESCU_I
2026-05-10 18:56:07;PT104;T_CUORE;64.3;C;OK;LOT=L26130-L1-T2;OP=POPESCU_I
2026-05-10 18:56:37;PT104;TT_01;67.3;C;OK;LOT=L26130-L1-T2;OP=POPESCU_I
2026-05-10 18:56:37;PT104;TT_02;67.1;C;OK;LOT=L26130-L1-T2;OP=POPESCU_I
2026-05-10 18:56:37;PT104;TT_03;65.6;C;OK;LOT=L26130-L1-T2;OP=POPESCU_I
2026-05-10 18:56:37;PT104;FT_01;13.4;m3/h;OK;LOT=L26130-L1-T2;OP=POPESCU_I
2026-05-10 18:56:37;PT104;SPEED;4.2;m/min;OK;LOT=L26130-L1-T2;OP=POPESCU_I
2026-05-10 18:56:37;PT104;T_CUORE;64.6;C;OK;LOT=L26130-L1-T2;OP=POPESCU_I
2026-05-10 18:57:07;PT104;TT_01;67.2;C;OK;LOT=L26130-L1-T2;OP=POPESCU_I
2026-05-10 18:57:07;PT104;TT_02;67.4;C;OK;LOT=L26130-L1-T2;OP=POPESCU_I
2026-05-10 18:57:07;PT104;TT_03;65.8;C;OK;LOT=L26130-L1-T2;OP=POPESCU_I
2026-05-10 18:57:07;PT104;FT_01;13.2;m3/h;OK;LOT=L26130-L1-T2;OP=POPESCU_I
2026-05-10 18:57:07;PT104;SPEED;4.2;m/min;OK;LOT=L26130-L1-T2;OP=POPESCU_I
2026-05-10 18:57:07;PT104;T_CUORE;65.1;C;OK;LOT=L26130-L1-T2;OP=POPESCU_I
2026-05-10 18:57:37;PT104;TT_01;67.8;C;OK;LOT=L26130-L1-T2;OP=POPESCU_I
2026-05-10 18:57:37;PT104;TT_02;67.7;C;OK;LOT=L26130-L1-T2;OP=POPESCU_I
2026-05-10 18:57:37;PT104;TT_03;66.4;C;OK;LOT=L26130-L1-T2;OP=POPESCU_I
2026-05-10 18:57:37;PT104;FT_01;12.5;m3/h;OK;LOT=L26130-L1-T2;OP=POPESCU_I
2026-05-10 18:57:37;PT104;SPEED;4.2;m/min;OK;LOT=L26130-L1-T2;OP=POPESCU_I
2026-05-10 18:57:37;PT104;T_CUORE;65.3;C;OK;LOT=L26130-L1-T2;OP=POPESCU_I
2026-05-10 18:58:07;PT104;TT_01;68.2;C;OK;LOT=L26130-L1-T2;OP=POPESCU_I
2026-05-10 18:58:07;PT104;TT_02;67.7;C;OK;LOT=L26130-L1-T2;OP=POPESCU_I
2026-05-10 18:58:07;PT104;TT_03;66.5;C;OK;LOT=L26130-L1-T2;OP=POPESCU_I
2026-05-10 18:58:07;PT104;FT_01;13.3;m3/h;OK;LOT=L26130-L1-T2;OP=POPESCU_I
2026-05-10 18:58:07;PT104;SPEED;4.2;m/min;OK;LOT=L26130-L1-T2;OP=POPESCU_I
2026-05-10 18:58:07;PT104;T_CUORE;65.2;C;OK;LOT=L26130-L1-T2;OP=POPESCU_I
2026-05-10 18:58:07;PT104;MODE;HEATING;;OK;LOT=L26130-L1-T2;OP=POPESCU_I
2026-05-10 18:58:37;PT104;TT_01;68.2;C;OK;LOT=L26130-L1-T2;OP=POPESCU_I
2026-05-10 18:58:37;PT104;TT_02;68.2;C;OK;LOT=L26130-L1-T2;OP=POPESCU_I
2026-05-10 18:58:37;PT104;TT_03;66.8;C;OK;LOT=L26130-L1-T2;OP=POPESCU_I
2026-05-10 18:58:37;PT104;FT_01;13.1;m3/h;OK;LOT=L26130-L1-T2;OP=POPESCU_I
2026-05-10 18:58:37;PT104;SPEED;4.1;m/min;OK;LOT=L26130-L1-T2;OP=POPESCU_I
2026-05-10 18:58:37;PT104;T_CUORE;65.5;C;OK;LOT=L26130-L1-T2;OP=POPESCU_I
2026-05-10 18:59:07;PT104;TT_01;68.6;C;OK;LOT=L26130-L1-T2;OP=POPESCU_I
2026-05-10 18:59:07;PT104;TT_02;68.5;C;OK;LOT=L26130-L1-T2;OP=POPESCU_I
2026-05-10 18:59:07;PT104;TT_03;66.9;C;OK;LOT=L26130-L1-T2;OP=POPESCU_I
2026-05-10 18:59:07;PT104;FT_01;13.6;m3/h;OK;LOT=L26130-L1-T2;OP=POPESCU_I
2026-05-10 18:59:07;PT104;SPEED;4.2;m/min;OK;LOT=L26130-L1-T2;OP=POPESCU_I
2026-05-10 18:59:07;PT104;T_CUORE;66.2;C;OK;LOT=L26130-L1-T2;OP=POPESCU_I
2026-05-10 18:59:37;PT104;TT_01;68.9;C;OK;LOT=L26130-L1-T2;OP=POPESCU_I
2026-05-10 18:59:37;PT104;TT_02;68.8;C;OK;LOT=L26130-L1-T2;OP=POPESCU_I
2026-05-10 18:59:37;PT104;TT_03;67.6;C;OK;LOT=L26130-L1-T2;OP=POPESCU_I
2026-05-10 18:59:37;PT104;FT_01;13.2;m3/h;OK;LOT=L26130-L1-T2;OP=POPESCU_I
2026-05-10 18:59:37;PT104;SPEED;4.2;m/min;OK;LOT=L26130-L1-T2;OP=POPESCU_I
2026-05-10 18:59:37;PT104;T_CUORE;66.4;C;OK;LOT=L26130-L1-T2;OP=POPESCU_I
2026-05-10 19:00:07;PT104;TT_03;67.8;C;OK;LOT=L26130-L1-T2;OP=POPESCU_I
2026-05-10 19:00:37;PT104;TT_02;69.5;C;OK;LOT=L26130-L1-T2;OP=POPESCU_I
2026-05-10 19:00:37;PT104;T_CUORE;66.7;C;OK;LOT=L26130-L1-T2;OP=POPESCU_I
2026-05-10 19:01:07;PT104;TT_01;70.2;C;OK;LOT=L26130-L1-T2;OP=POPESCU_I
2026-05-10 19:01:07;PT104;SPEED;4.2;m/min;OK;LOT=L26130-L1-T2;OP=POPESCU_I
2026-05-10 19:01:37;PT104;FT_01;13.3;m3/h;OK;LOT=L26130-L1-T2;OP=POPESCU_I
2026-05-10 19:02:07;PT104;TT_03;69.3;C;OK;LOT=L26130-L1-T2;OP=POPESCU_I
2026-05-10 19:02:37;PT104;TT_02;70.9;C;OK;LOT=L26130-L1-T2;OP=POPESCU_I
2026-05-10 19:03:07;PT104;TT_01;71.3;C;OK;LOT=L26130-L1-T2;OP=POPESCU_I
2026-05-10 19:03:07;PT104;SPEED;4.2;m/min;OK;LOT=L26130-L1-T2;OP=POPESCU_I
2026-05-10 19:03:07;PT104;T_CUORE;68.9;C;OK;LOT=L26130-L1-T2;OP=POPESCU_I
2026-05-10 19:03:37;PT104;FT_01;13.1;m3/h;OK;LOT=L26130-L1-T2;OP=POPESCU_I
2026-05-10 19:04:07;PT104;TT_03;70.2;C;OK;LOT=L26130-L1-T2;OP=POPESCU_I
2026-05-10 19:04:37;PT104;TT_02;72.2;C;OK;LOT=L26130-L1-T2;OP=POPESCU_I
2026-05-10 19:05:07;PT104;TT_01;72.4;C;OK;LOT=L26130-L1-T2;OP=POPESCU_I
2026-05-10 19:05:07;PT104;SPEED;4.2;m/min;OK;LOT=L26130-L1-T2;OP=POPESCU_I
2026-05-10 19:05:37;PT104;FT_01;13.4;m3/h;OK;LOT=L26130-L1-T2;OP=POPESCU_I
2026-05-10 19:05:37;PT104;T_CUORE;70.1;C;OK;LOT=L26130-L1-T2;OP=POPESCU_I
2026-05-10 19:06:07;PT104;TT_03;71.4;C;OK;LOT=L26130-L1-T2;OP=POPESCU_I
2026-05-10 19:06:37;PT104;TT_02;73.7;C;OK;LOT=L26130-L1-T2;OP=POPESCU_I
2026-05-10 19:07:07;PT104;TT_01;73.9;C;OK;LOT=L26130-L1-T2;OP=POPESCU_I
2026-05-10 19:07:07;PT104;SPEED;4.2;m/min;OK;LOT=L26130-L1-T2;OP=POPESCU_I
2026-05-10 19:07:37;PT104;FT_01;13.3;m3/h;OK;LOT=L26130-L1-T2;OP=POPESCU_I
2026-05-10 19:08:07;PT104;TT_03;73.8;C;OK;LOT=L26130-L1-T2;OP=POPESCU_I
2026-05-10 19:08:07;PT104;T_CUORE;74.5;C;OK;LOT=L26130-L1-T2;OP=POPESCU_I
2026-05-10 19:08:37;PT104;TT_01;75.3;C;OK;LOT=L26130-L1-T2;OP=POPESCU_I
2026-05-10 19:08:37;PT104;SPEED;4.2;m/min;OK;LOT=L26130-L1-T2;OP=POPESCU_I
2026-05-10 19:09:07;PT104;FT_01;12.3;m3/h;OK;LOT=L26130-L1-T2;OP=POPESCU_I
2026-05-10 19:09:37;PT104;TT_03;73.5;C;OK;LOT=L26130-L1-T2;OP=POPESCU_I
2026-05-10 19:10:37;PT104;T_CUORE;73.9;C;OK;LOT=L26130-L1-T2;OP=POPESCU_I
2026-05-10 19:11:37;PT104;TT_02;75.7;C;OK;LOT=L26130-L1-T2;OP=POPESCU_I
2026-05-10 19:13:07;PT104;T_CUORE;73.5;C;OK;LOT=L26130-L1-T2;OP=POPESCU_I
2026-05-10 19:15:07;PT104;TT_02;75.2;C;OK;LOT=L26130-L1-T2;OP=POPESCU_I
2026-05-10 19:15:37;PT104;T_CUORE;73.4;C;OK;LOT=L26130-L1-T2;OP=POPESCU_I
2026-05-10 19:16:37;PT104;T_CUORE;73.0;C;WARN;LOT=L26130-L1-T2;OP=POPESCU_I
2026-05-10 19:18:37;PT104;TT_03;72.4;C;OK;LOT=L26130-L1-T2;OP=POPESCU_I
2026-05-10 19:18:37;PT104;T_CUORE;73.3;C;OK;LOT=L26130-L1-T2;OP=POPESCU_I
2026-05-10 19:19:07;PT104;T_CUORE;72.9;C;WARN;LOT=L26130-L1-T2;OP=POPESCU_I
2026-05-10 19:19:37;PT104;T_CUORE;72.6;C;WARN;LOT=L26130-L1-T2;OP=POPESCU_I
2026-05-10 19:20:37;PT104;T_CUORE;73.0;C;WARN;LOT=L26130-L1-T2;OP=POPESCU_I
2026-05-10 19:21:07;PT104;T_CUORE;73.0;C;WARN;LOT=L26130-L1-T2;OP=POPESCU_I
2026-05-10 19:21:37;PT104;T_CUORE;72.8;C;WARN;LOT=L26130-L1-T2;OP=POPESCU_I
2026-05-10 19:22:07;PT104;FT_01;12.8;m3/h;OK;LOT=L26130-L1-T2;OP=POPESCU_I
2026-05-10 19:22:07;PT104;T_CUORE;72.6;C;WARN;LOT=L26130-L1-T2;OP=POPESCU_I
2026-05-10 19:22:37;PT104;T_CUORE;72.4;C;WARN;LOT=L26130-L1-T2;OP=POPESCU_I
2026-05-10 19:23:07;PT104;T_CUORE;72.8;C;WARN;LOT=L26130-L1-T2;OP=POPESCU_I
2026-05-10 19:23:37;PT104;T_CUORE;72.8;C;WARN;LOT=L26130-L1-T2;OP=POPESCU_I
2026-05-10 19:24:37;PT104;T_CUORE;72.8;C;WARN;LOT=L26130-L1-T2;OP=POPESCU_I
2026-05-10 19:25:37;PT104;SPEED;4.2;m/min;OK;LOT=L26130-L1-T2;OP=POPESCU_I
2026-05-10 19:25:37;PT104;T_CUORE;72.9;C;WARN;LOT=L26130-L1-T2;OP=POPESCU_I
2026-05-10 19:26:37;PT104;T_CUORE;73.0;C;WARN;LOT=L26130-L1-T2;OP=POPESCU_I
2026-05-10 19:27:07;PT104;T_CUORE;73.1;C;OK;LOT=L26130-L1-T2;OP=POPESCU_I
2026-05-10 19:29:07;PT104;SPEED;4.2;m/min;OK;LOT=L26130-L1-T2;OP=POPESCU_I
2026-05-10 19:29:37;PT104;T_CUORE;73.8;C;OK;LOT=L26130-L1-T2;OP=POPESCU_I
2026-05-10 19:32:07;PT104;T_CUORE;74.0;C;OK;LOT=L26130-L1-T2;OP=POPESCU_I
2026-05-10 19:33:07;PT104;TT_01;74.9;C;OK;LOT=L26130-L1-T2;OP=POPESCU_I
2026-05-10 19:34:37;PT104;T_CUORE;74.2;C;OK;LOT=L26130-L1-T2;OP=POPESCU_I
2026-05-10 19:36:37;PT104;TT_02;75.7;C;OK;LOT=L26130-L1-T2;OP=POPESCU_I
2026-05-10 19:37:07;PT104;T_CUORE;74.2;C;OK;LOT=L26130-L1-T2;OP=POPESCU_I
2026-05-10 19:39:37;PT104;T_CUORE;74.8;C;OK;LOT=L26130-L1-T2;OP=POPESCU_I
2026-05-10 19:40:07;PT104;TT_03;74.0;C;OK;LOT=L26130-L1-T2;OP=POPESCU_I
2026-05-10 19:42:07;PT104;T_CUORE;74.1;C;OK;LOT=L26130-L1-T2;OP=POPESCU_I
2026-05-10 19:43:37;PT104;TT_03;73.6;C;OK;LOT=L26130-L1-T2;OP=POPESCU_I
2026-05-10 19:44:37;PT104;T_CUORE;73.9;C;OK;LOT=L26130-L1-T2;OP=POPESCU_I
2026-05-10 19:47:07;PT104;FT_01;12.8;m3/h;OK;LOT=L26130-L1-T2;OP=POPESCU_I
2026-05-10 19:47:07;PT104;T_CUORE;73.7;C;OK;LOT=L26130-L1-T2;OP=POPESCU_I
2026-05-10 19:48:37;PT104;T_CUORE;72.9;C;WARN;LOT=L26130-L1-T2;OP=POPESCU_I
2026-05-10 19:50:07;PT104;T_CUORE;73.4;C;OK;LOT=L26130-L1-T2;OP=POPESCU_I
2026-05-10 19:50:37;PT104;SPEED;4.1;m/min;OK;LOT=L26130-L1-T2;OP=POPESCU_I
2026-05-10 19:50:37;PT104;T_CUORE;72.9;C;WARN;LOT=L26130-L1-T2;OP=POPESCU_I
2026-05-10 19:51:07;PT104;T_CUORE;72.6;C;WARN;LOT=L26130-L1-T2;OP=POPESCU_I
2026-05-10 19:52:07;PT104;T_CUORE;72.8;C;WARN;LOT=L26130-L1-T2;OP=POPESCU_I
2026-05-10 19:53:37;PT104;T_CUORE;72.6;C;WARN;LOT=L26130-L1-T2;OP=POPESCU_I
2026-05-10 19:54:07;PT104;T_CUORE;73.0;C;WARN;LOT=L26130-L1-T2;OP=POPESCU_I
2026-05-10 19:54:37;PT104;TT_01;73.8;C;OK;LOT=L26130-L1-T2;OP=POPESCU_I
2026-05-10 19:55:07;PT104;T_CUORE;73.3;C;OK;LOT=L26130-L1-T2;OP=POPESCU_I
2026-05-10 19:55:37;PT104;T_CUORE;73.0;C;WARN;LOT=L26130-L1-T2;OP=POPESCU_I
2026-05-10 19:56:07;PT104;T_CUORE;73.0;C;WARN;LOT=L26130-L1-T2;OP=POPESCU_I
2026-05-10 19:56:37;PT104;T_CUORE;72.8;C;WARN;LOT=L26130-L1-T2;OP=POPESCU_I
2026-05-10 19:57:07;PT104;T_CUORE;72.6;C;WARN;LOT=L26130-L1-T2;OP=POPESCU_I
2026-05-10 19:57:37;PT104;T_CUORE;72.7;C;WARN;LOT=L26130-L1-T2;OP=POPESCU_I
2026-05-10 19:58:07;PT104;TT_02;74.0;C;OK;LOT=L26130-L1-T2;OP=POPESCU_I
2026-05-10 19:58:37;PT104;T_CUORE;72.8;C;WARN;LOT=L26130-L1-T2;OP=POPESCU_I
2026-05-10 19:59:07;PT104;T_CUORE;72.9;C;WARN;LOT=L26130-L1-T2;OP=POPESCU_I
2026-05-10 20:01:07;PT104;T_CUORE;73.9;C;OK;LOT=L26130-L1-T2;OP=POPESCU_I
2026-05-10 20:01:37;PT104;TT_02;74.3;C;OK;LOT=L26130-L1-T2;OP=POPESCU_I
2026-05-10 20:03:37;PT104;T_CUORE;74.0;C;OK;LOT=L26130-L1-T2;OP=POPESCU_I
2026-05-10 20:05:07;PT104;TT_03;73.6;C;OK;LOT=L26130-L1-T2;OP=POPESCU_I
2026-05-10 20:06:07;PT104;T_CUORE;73.9;C;OK;LOT=L26130-L1-T2;OP=POPESCU_I
2026-05-10 20:08:37;PT104;FT_01;12.0;m3/h;OK;LOT=L26130-L1-T2;OP=POPESCU_I
2026-05-10 20:08:37;PT104;T_CUORE;74.1;C;OK;LOT=L26130-L1-T2;OP=POPESCU_I
2026-05-10 20:11:07;PT104;T_CUORE;74.2;C;OK;LOT=L26130-L1-T2;OP=POPESCU_I
2026-05-10 20:12:07;PT104;SPEED;4.2;m/min;OK;LOT=L26130-L1-T2;OP=POPESCU_I
2026-05-10 20:13:37;PT104;T_CUORE;73.8;C;OK;LOT=L26130-L1-T2;OP=POPESCU_I
2026-05-10 20:15:07;PT104;SPEED;4.2;m/min;OK;LOT=L26130-L1-T2;OP=POPESCU_I
2026-05-10 20:15:37;PT104;T_CUORE;73.6;C;OK;LOT=L26130-L1-T2;OP=POPESCU_I
2026-05-10 20:18:07;PT104;T_CUORE;73.9;C;OK;LOT=L26130-L1-T2;OP=POPESCU_I
2026-05-10 20:19:07;PT104;TT_01;74.3;C;OK;LOT=L26130-L1-T2;OP=POPESCU_I
2026-05-10 20:20:37;PT104;T_CUORE;73.2;C;OK;LOT=L26130-L1-T2;OP=POPESCU_I
2026-05-10 20:22:37;PT104;TT_02;74.6;C;OK;LOT=L26130-L1-T2;OP=POPESCU_I
2026-05-10 20:23:07;PT104;T_CUORE;73.2;C;OK;LOT=L26130-L1-T2;OP=POPESCU_I
2026-05-10 20:24:07;PT104;T_CUORE;72.8;C;WARN;LOT=L26130-L1-T2;OP=POPESCU_I
2026-05-10 20:24:37;PT104;T_CUORE;72.9;C;WARN;LOT=L26130-L1-T2;OP=POPESCU_I
2026-05-10 20:25:07;PT104;T_CUORE;72.8;C;WARN;LOT=L26130-L1-T2;OP=POPESCU_I
2026-05-10 20:25:37;PT104;T_CUORE;72.8;C;WARN;LOT=L26130-L1-T2;OP=POPESCU_I
2026-05-10 20:26:07;PT104;TT_03;72.5;C;OK;LOT=L26130-L1-T2;OP=POPESCU_I
2026-05-10 20:26:07;PT104;T_CUORE;72.3;C;WARN;LOT=L26130-L1-T2;OP=POPESCU_I
2026-05-10 20:26:37;PT104;T_CUORE;72.8;C;WARN;LOT=L26130-L1-T2;OP=POPESCU_I
2026-05-10 20:27:07;PT104;T_CUORE;72.6;C;WARN;LOT=L26130-L1-T2;OP=POPESCU_I
2026-05-10 20:27:37;PT104;T_CUORE;72.9;C;WARN;LOT=L26130-L1-T2;OP=POPESCU_I
2026-05-10 20:28:07;PT104;T_CUORE;72.8;C;WARN;LOT=L26130-L1-T2;OP=POPESCU_I
2026-05-10 20:28:37;PT104;T_CUORE;72.9;C;WARN;LOT=L26130-L1-T2;OP=POPESCU_I
2026-05-10 20:29:37;PT104;TT_03;72.4;C;OK;LOT=L26130-L1-T2;OP=POPESCU_I
2026-05-10 20:29:37;PT104;T_CUORE;72.8;C;WARN;LOT=L26130-L1-T2;OP=POPESCU_I
2026-05-10 20:31:07;PT104;T_CUORE;73.2;C;OK;LOT=L26130-L1-T2;OP=POPESCU_I
2026-05-10 20:31:37;PT104;T_CUORE;72.5;C;WARN;LOT=L26130-L1-T2;OP=POPESCU_I
2026-05-10 20:33:07;PT104;FT_01;12.0;m3/h;OK;LOT=L26130-L1-T2;OP=POPESCU_I
2026-05-10 20:34:07;PT104;T_CUORE;73.2;C;OK;LOT=L26130-L1-T2;OP=POPESCU_I
2026-05-10 20:36:37;PT104;SPEED;4.2;m/min;OK;LOT=L26130-L1-T2;OP=POPESCU_I
2026-05-10 20:36:37;PT104;T_CUORE;73.9;C;OK;LOT=L26130-L1-T2;OP=POPESCU_I
2026-05-10 20:39:07;PT104;T_CUORE;74.4;C;OK;LOT=L26130-L1-T2;OP=POPESCU_I
2026-05-10 20:40:37;PT104;TT_01;74.9;C;OK;LOT=L26130-L1-T2;OP=POPESCU_I
2026-05-10 20:41:37;PT104;T_CUORE;74.3;C;OK;LOT=L26130-L1-T2;OP=POPESCU_I
2026-05-10 20:44:07;PT104;TT_01;74.5;C;OK;LOT=L26130-L1-T2;OP=POPESCU_I
2026-05-10 20:44:07;PT104;T_CUORE;74.3;C;OK;LOT=L26130-L1-T2;OP=POPESCU_I
2026-05-10 20:46:37;PT104;T_CUORE;73.8;C;OK;LOT=L26130-L1-T2;OP=POPESCU_I
2026-05-10 20:47:37;PT104;TT_02;75.9;C;OK;LOT=L26130-L1-T2;OP=POPESCU_I
2026-05-10 20:49:07;PT104;T_CUORE;73.8;C;OK;LOT=L26130-L1-T2;OP=POPESCU_I
2026-05-10 20:51:07;PT104;TT_03;73.2;C;OK;LOT=L26130-L1-T2;OP=POPESCU_I
2026-05-10 20:51:37;PT104;T_CUORE;73.5;C;OK;LOT=L26130-L1-T2;OP=POPESCU_I
2026-05-10 20:54:07;PT104;T_CUORE;73.3;C;OK;LOT=L26130-L1-T2;OP=POPESCU_I
2026-05-10 20:54:37;PT104;FT_01;12.6;m3/h;OK;LOT=L26130-L1-T2;OP=POPESCU_I
2026-05-10 20:54:37;PT104;T_CUORE;72.9;C;WARN;LOT=L26130-L1-T2;OP=POPESCU_I
2026-05-10 20:56:37;PT104;T_CUORE;72.4;C;WARN;LOT=L26130-L1-T2;OP=POPESCU_I
2026-05-10 20:57:07;PT104;T_CUORE;72.7;C;WARN;LOT=L26130-L1-T2;OP=POPESCU_I
2026-05-10 20:58:07;PT104;SPEED;4.2;m/min;OK;LOT=L26130-L1-T2;OP=POPESCU_I
2026-05-10 20:58:07;PT104;T_CUORE;73.0;C;OK;LOT=L26130-L1-T2;OP=POPESCU_I
2026-05-10 20:58:37;PT104;T_CUORE;72.7;C;WARN;LOT=L26130-L1-T2;OP=POPESCU_I
2026-05-10 20:59:07;PT104;T_CUORE;72.7;C;WARN;LOT=L26130-L1-T2;OP=POPESCU_I
2026-05-10 20:59:37;PT104;T_CUORE;72.9;C;WARN;LOT=L26130-L1-T2;OP=POPESCU_I
2026-05-10 21:01:07;PT104;T_CUORE;72.9;C;WARN;LOT=L26130-L1-T2;OP=POPESCU_I
2026-05-10 21:01:37;PT104;SPEED;4.2;m/min;OK;LOT=L26130-L1-T2;OP=POPESCU_I
2026-05-10 21:02:37;PT104;T_CUORE;72.8;C;WARN;LOT=L26130-L1-T2;OP=POPESCU_I
2026-05-10 21:03:07;PT104;T_CUORE;73.0;C;OK;LOT=L26130-L1-T2;OP=POPESCU_I
2026-05-10 21:05:37;PT104;TT_01;74.5;C;OK;LOT=L26130-L1-T2;OP=POPESCU_I
2026-05-10 21:05:37;PT104;T_CUORE;73.6;C;OK;LOT=L26130-L1-T2;OP=POPESCU_I
2026-05-10 21:08:07;PT104;T_CUORE;73.5;C;OK;LOT=L26130-L1-T2;OP=POPESCU_I
2026-05-10 21:09:07;PT104;TT_02;75.2;C;OK;LOT=L26130-L1-T2;OP=POPESCU_I
2026-05-10 21:10:37;PT104;T_CUORE;74.4;C;OK;LOT=L26130-L1-T2;OP=POPESCU_I
2026-05-10 21:12:37;PT104;TT_03;73.7;C;OK;LOT=L26130-L1-T2;OP=POPESCU_I
2026-05-10 21:13:07;PT104;T_CUORE;74.3;C;OK;LOT=L26130-L1-T2;OP=POPESCU_I
2026-05-10 21:15:37;PT104;T_CUORE;74.3;C;OK;LOT=L26130-L1-T2;OP=POPESCU_I
2026-05-10 21:16:07;PT104;TT_03;74.1;C;OK;LOT=L26130-L1-T2;OP=POPESCU_I
2026-05-10 21:18:07;PT104;T_CUORE;74.0;C;OK;LOT=L26130-L1-T2;OP=POPESCU_I
2026-05-10 21:19:37;PT104;FT_01;12.2;m3/h;OK;LOT=L26130-L1-T2;OP=POPESCU_I
2026-05-10 21:20:37;PT104;T_CUORE;73.6;C;OK;LOT=L26130-L1-T2;OP=POPESCU_I
2026-05-10 21:23:07;PT104;SPEED;4.2;m/min;OK;LOT=L26130-L1-T2;OP=POPESCU_I
2026-05-10 21:23:07;PT104;T_CUORE;73.7;C;OK;LOT=L26130-L1-T2;OP=POPESCU_I
2026-05-10 21:25:37;PT104;T_CUORE;73.0;C;OK;LOT=L26130-L1-T2;OP=POPESCU_I
2026-05-10 21:27:07;PT104;TT_01;73.5;C;OK;LOT=L26130-L1-T2;OP=POPESCU_I
2026-05-10 21:27:07;PT104;T_CUORE;73.0;C;WARN;LOT=L26130-L1-T2;OP=POPESCU_I
2026-05-10 21:27:37;PT104;T_CUORE;72.8;C;WARN;LOT=L26130-L1-T2;OP=POPESCU_I
2026-05-10 21:28:07;PT104;T_CUORE;72.6;C;WARN;LOT=L26130-L1-T2;OP=POPESCU_I
2026-05-10 21:28:37;PT104;T_CUORE;72.9;C;WARN;LOT=L26130-L1-T2;OP=POPESCU_I
2026-05-10 21:29:07;PT104;T_CUORE;72.9;C;WARN;LOT=L26130-L1-T2;OP=POPESCU_I
2026-05-10 21:30:37;PT104;TT_01;73.7;C;OK;LOT=L26130-L1-T2;OP=POPESCU_I
2026-05-10 21:30:37;PT104;T_CUORE;73.2;C;OK;LOT=L26130-L1-T2;OP=POPESCU_I
2026-05-10 21:31:07;PT104;T_CUORE;72.6;C;WARN;LOT=L26130-L1-T2;OP=POPESCU_I
2026-05-10 21:31:37;PT104;T_CUORE;72.9;C;WARN;LOT=L26130-L1-T2;OP=POPESCU_I
2026-05-10 21:32:07;PT104;T_CUORE;72.5;C;WARN;LOT=L26130-L1-T2;OP=POPESCU_I
2026-05-10 21:32:37;PT104;T_CUORE;72.8;C;WARN;LOT=L26130-L1-T2;OP=POPESCU_I
2026-05-10 21:33:07;PT104;T_CUORE;72.6;C;WARN;LOT=L26130-L1-T2;OP=POPESCU_I
2026-05-10 21:33:37;PT104;T_CUORE;72.8;C;WARN;LOT=L26130-L1-T2;OP=POPESCU_I
2026-05-10 21:34:07;PT104;TT_02;73.8;C;OK;LOT=L26130-L1-T2;OP=POPESCU_I
2026-05-10 21:34:07;PT104;T_CUORE;72.9;C;WARN;LOT=L26130-L1-T2;OP=POPESCU_I
2026-05-10 21:34:37;PT104;T_CUORE;72.8;C;WARN;LOT=L26130-L1-T2;OP=POPESCU_I
2026-05-10 21:35:07;PT104;T_CUORE;72.8;C;WARN;LOT=L26130-L1-T2;OP=POPESCU_I
2026-05-10 21:37:37;PT104;TT_03;72.8;C;OK;LOT=L26130-L1-T2;OP=POPESCU_I
2026-05-10 21:37:37;PT104;T_CUORE;73.4;C;OK;LOT=L26130-L1-T2;OP=POPESCU_I
2026-05-10 21:40:07;PT104;T_CUORE;73.8;C;OK;LOT=L26130-L1-T2;OP=POPESCU_I
2026-05-10 21:41:07;PT104;FT_01;12.5;m3/h;OK;LOT=L26130-L1-T2;OP=POPESCU_I
2026-05-10 21:42:37;PT104;T_CUORE;73.9;C;OK;LOT=L26130-L1-T2;OP=POPESCU_I
2026-05-10 21:44:37;PT104;FT_01;12.3;m3/h;OK;LOT=L26130-L1-T2;OP=POPESCU_I
2026-05-10 21:45:07;PT104;T_CUORE;74.4;C;OK;LOT=L26130-L1-T2;OP=POPESCU_I
2026-05-10 21:47:37;PT104;T_CUORE;74.3;C;OK;LOT=L26130-L1-T2;OP=POPESCU_I
2026-05-10 21:48:07;PT104;SPEED;4.2;m/min;OK;LOT=L26130-L1-T2;OP=POPESCU_I
2026-05-10 21:50:07;PT104;T_CUORE;74.2;C;OK;LOT=L26130-L1-T2;OP=POPESCU_I
2026-05-10 21:52:07;PT104;TT_01;75.1;C;OK;LOT=L26130-L1-T2;OP=POPESCU_I
2026-05-10 21:52:37;PT104;T_CUORE;74.1;C;OK;LOT=L26130-L1-T2;OP=POPESCU_I
2026-05-10 21:55:07;PT104;T_CUORE;73.8;C;OK;LOT=L26130-L1-T2;OP=POPESCU_I
2026-05-10 21:55:37;PT104;TT_02;74.9;C;OK;LOT=L26130-L1-T2;OP=POPESCU_I
2026-05-10 21:57:37;PT104;T_CUORE;73.5;C;OK;LOT=L26130-L1-T2;OP=POPESCU_I
2026-05-10 21:59:07;PT104;TT_02;74.1;C;OK;LOT=L26130-L1-T2;OP=POPESCU_I
2026-05-10 22:00:07;PT104;T_CUORE;73.0;C;OK;LOT=L26130-L1-T3;OP=CESTARO_L
2026-05-10 22:00:37;PT104;T_CUORE;72.9;C;WARN;LOT=L26130-L1-T3;OP=CESTARO_L
2026-05-10 22:01:07;PT104;T_CUORE;72.8;C;WARN;LOT=L26130-L1-T3;OP=CESTARO_L
2026-05-10 22:02:37;PT104;TT_02;73.6;C;OK;LOT=L26130-L1-T3;OP=CESTARO_L
2026-05-10 22:03:07;PT104;T_CUORE;72.8;C;WARN;LOT=L26130-L1-T3;OP=CESTARO_L
2026-05-10 22:03:37;PT104;T_CUORE;73.0;C;WARN;LOT=L26130-L1-T3;OP=CESTARO_L
2026-05-10 22:04:37;PT104;T_CUORE;72.7;C;WARN;LOT=L26130-L1-T3;OP=CESTARO_L
2026-05-10 22:05:07;PT104;T_CUORE;73.2;C;OK;LOT=L26130-L1-T3;OP=CESTARO_L
2026-05-10 22:05:37;PT104;T_CUORE;72.9;C;WARN;LOT=L26130-L1-T3;OP=CESTARO_L
2026-05-10 22:06:07;PT104;TT_03;72.6;C;OK;LOT=L26130-L1-T3;OP=CESTARO_L
2026-05-10 22:06:07;PT104;T_CUORE;72.9;C;WARN;LOT=L26130-L1-T3;OP=CESTARO_L
2026-05-10 22:06:37;PT104;T_CUORE;73.0;C;WARN;LOT=L26130-L1-T3;OP=CESTARO_L
2026-05-10 22:07:37;PT104;T_CUORE;72.9;C;WARN;LOT=L26130-L1-T3;OP=CESTARO_L
2026-05-10 22:09:37;PT104;FT_01;12.6;m3/h;OK;LOT=L26130-L1-T3;OP=CESTARO_L
2026-05-10 22:09:37;PT104;T_CUORE;73.3;C;OK;LOT=L26130-L1-T3;OP=CESTARO_L
2026-05-10 22:12:07;PT104;T_CUORE;74.2;C;OK;LOT=L26130-L1-T3;OP=CESTARO_L
2026-05-10 22:13:07;PT104;SPEED;4.2;m/min;OK;LOT=L26130-L1-T3;OP=CESTARO_L
2026-05-10 22:14:37;PT104;T_CUORE;73.9;C;OK;LOT=L26130-L1-T3;OP=CESTARO_L
2026-05-10 22:16:37;PT104;SPEED;4.2;m/min;OK;LOT=L26130-L1-T3;OP=CESTARO_L
2026-05-10 22:17:07;PT104;T_CUORE;74.1;C;OK;LOT=L26130-L1-T3;OP=CESTARO_L
2026-05-10 22:19:37;PT104;T_CUORE;74.2;C;OK;LOT=L26130-L1-T3;OP=CESTARO_L
2026-05-10 22:20:37;PT104;TT_01;74.8;C;OK;LOT=L26130-L1-T3;OP=CESTARO_L
2026-05-10 22:22:07;PT104;T_CUORE;74.0;C;OK;LOT=L26130-L1-T3;OP=CESTARO_L
2026-05-10 22:24:07;PT104;TT_02;75.6;C;OK;LOT=L26130-L1-T3;OP=CESTARO_L
2026-05-10 22:24:37;PT104;T_CUORE;74.0;C;OK;LOT=L26130-L1-T3;OP=CESTARO_L
2026-05-10 22:27:07;PT104;T_CUORE;73.6;C;OK;LOT=L26130-L1-T3;OP=CESTARO_L
2026-05-10 22:27:37;PT104;TT_03;73.1;C;OK;LOT=L26130-L1-T3;OP=CESTARO_L
2026-05-10 22:29:37;PT104;T_CUORE;73.0;C;OK;LOT=L26130-L1-T3;OP=CESTARO_L
2026-05-10 22:31:07;PT104;TT_03;72.9;C;OK;LOT=L26130-L1-T3;OP=CESTARO_L
2026-05-10 22:32:07;PT104;T_CUORE;73.3;C;OK;LOT=L26130-L1-T3;OP=CESTARO_L
2026-05-10 22:34:07;PT104;T_CUORE;72.7;C;WARN;LOT=L26130-L1-T3;OP=CESTARO_L
2026-05-10 22:34:37;PT104;FT_01;12.4;m3/h;OK;LOT=L26130-L1-T3;OP=CESTARO_L
2026-05-10 22:35:07;PT104;T_CUORE;72.7;C;WARN;LOT=L26130-L1-T3;OP=CESTARO_L
2026-05-10 22:35:37;PT104;T_CUORE;72.3;C;WARN;LOT=L26130-L1-T3;OP=CESTARO_L
2026-05-10 22:36:07;PT104;T_CUORE;73.0;C;WARN;LOT=L26130-L1-T3;OP=CESTARO_L
2026-05-10 22:36:37;PT104;T_CUORE;72.8;C;WARN;LOT=L26130-L1-T3;OP=CESTARO_L
2026-05-10 22:37:07;PT104;T_CUORE;72.8;C;WARN;LOT=L26130-L1-T3;OP=CESTARO_L
2026-05-10 22:37:37;PT104;T_CUORE;72.6;C;WARN;LOT=L26130-L1-T3;OP=CESTARO_L
2026-05-10 22:38:07;PT104;SPEED;4.2;m/min;OK;LOT=L26130-L1-T3;OP=CESTARO_L
2026-05-10 22:38:07;PT104;T_CUORE;72.8;C;WARN;LOT=L26130-L1-T3;OP=CESTARO_L
2026-05-10 22:38:37;PT104;T_CUORE;73.1;C;OK;LOT=L26130-L1-T3;OP=CESTARO_L
2026-05-10 22:39:07;PT104;T_CUORE;72.9;C;WARN;LOT=L26130-L1-T3;OP=CESTARO_L
2026-05-10 22:40:37;PT104;T_CUORE;72.9;C;WARN;LOT=L26130-L1-T3;OP=CESTARO_L
2026-05-10 22:42:07;PT104;TT_01;74.4;C;OK;LOT=L26130-L1-T3;OP=CESTARO_L
2026-05-10 22:42:07;PT104;T_CUORE;73.0;C;OK;LOT=L26130-L1-T3;OP=CESTARO_L
2026-05-10 22:44:37;PT104;T_CUORE;73.6;C;OK;LOT=L26130-L1-T3;OP=CESTARO_L
2026-05-10 22:45:37;PT104;TT_01;74.9;C;OK;LOT=L26130-L1-T3;OP=CESTARO_L
2026-05-10 22:47:07;PT104;T_CUORE;74.0;C;OK;LOT=L26130-L1-T3;OP=CESTARO_L
2026-05-10 22:49:07;PT104;TT_02;76.0;C;OK;LOT=L26130-L1-T3;OP=CESTARO_L
2026-05-10 22:49:37;PT104;T_CUORE;74.3;C;OK;LOT=L26130-L1-T3;OP=CESTARO_L
2026-05-10 22:52:07;PT104;T_CUORE;74.1;C;OK;LOT=L26130-L1-T3;OP=CESTARO_L
2026-05-10 22:52:37;PT104;TT_03;73.7;C;OK;LOT=L26130-L1-T3;OP=CESTARO_L
2026-05-10 22:54:37;PT104;T_CUORE;74.0;C;OK;LOT=L26130-L1-T3;OP=CESTARO_L
2026-05-10 22:56:07;PT104;FT_01;12.1;m3/h;OK;LOT=L26130-L1-T3;OP=CESTARO_L
2026-05-10 22:57:07;PT104;T_CUORE;74.4;C;OK;LOT=L26130-L1-T3;OP=CESTARO_L
2026-05-10 22:59:37;PT104;FT_01;12.2;m3/h;OK;LOT=L26130-L1-T3;OP=CESTARO_L
2026-05-10 22:59:37;PT104;T_CUORE;73.7;C;OK;LOT=L26130-L1-T3;OP=CESTARO_L
2026-05-10 23:00:07;PT104;FT_01;12.3;m3/h;OK;LOT=L26130-L1-T3;OP=CESTARO_L
2026-05-10 23:00:37;PT104;TT_03;73.2;C;OK;LOT=L26130-L1-T3;OP=CESTARO_L
2026-05-10 23:01:07;PT104;TT_02;74.5;C;OK;LOT=L26130-L1-T3;OP=CESTARO_L
2026-05-10 23:01:37;PT104;TT_01;74.1;C;OK;LOT=L26130-L1-T3;OP=CESTARO_L
2026-05-10 23:01:37;PT104;SPEED;4.2;m/min;OK;LOT=L26130-L1-T3;OP=CESTARO_L
2026-05-10 23:02:07;PT104;FT_01;12.5;m3/h;OK;LOT=L26130-L1-T3;OP=CESTARO_L
2026-05-10 23:02:07;PT104;T_CUORE;73.4;C;OK;LOT=L26130-L1-T3;OP=CESTARO_L
2026-05-10 23:02:37;PT104;TT_03;73.1;C;OK;LOT=L26130-L1-T3;OP=CESTARO_L
2026-05-10 23:03:07;PT104;TT_02;74.4;C;OK;LOT=L26130-L1-T3;OP=CESTARO_L
2026-05-10 23:03:37;PT104;TT_01;73.9;C;OK;LOT=L26130-L1-T3;OP=CESTARO_L
2026-05-10 23:03:37;PT104;SPEED;4.2;m/min;OK;LOT=L26130-L1-T3;OP=CESTARO_L
2026-05-10 23:04:07;PT104;FT_01;12.8;m3/h;OK;LOT=L26130-L1-T3;OP=CESTARO_L
2026-05-10 23:04:37;PT104;TT_03;72.8;C;OK;LOT=L26130-L1-T3;OP=CESTARO_L
2026-05-10 23:04:37;PT104;T_CUORE;73.2;C;OK;LOT=L26130-L1-T3;OP=CESTARO_L
2026-05-10 23:05:07;PT104;TT_02;74.1;C;OK;LOT=L26130-L1-T3;OP=CESTARO_L
2026-05-10 23:05:07;PT104;T_CUORE;73.0;C;WARN;LOT=L26130-L1-T3;OP=CESTARO_L
2026-05-10 23:05:37;PT104;TT_01;73.8;C;OK;LOT=L26130-L1-T3;OP=CESTARO_L
2026-05-10 23:05:37;PT104;SPEED;4.2;m/min;OK;LOT=L26130-L1-T3;OP=CESTARO_L
2026-05-10 23:06:07;PT104;FT_01;12.7;m3/h;OK;LOT=L26130-L1-T3;OP=CESTARO_L
2026-05-10 23:06:37;PT104;TT_03;72.8;C;OK;LOT=L26130-L1-T3;OP=CESTARO_L
2026-05-10 23:06:37;PT104;T_CUORE;72.8;C;WARN;LOT=L26130-L1-T3;OP=CESTARO_L
2026-05-10 23:07:07;PT104;TT_02;74.1;C;OK;LOT=L26130-L1-T3;OP=CESTARO_L
2026-05-10 23:07:37;PT104;TT_01;73.8;C;OK;LOT=L26130-L1-T3;OP=CESTARO_L
2026-05-10 23:07:37;PT104;SPEED;4.2;m/min;OK;LOT=L26130-L1-T3;OP=CESTARO_L
2026-05-10 23:07:37;PT104;T_CUORE;73.0;C;WARN;LOT=L26130-L1-T3;OP=CESTARO_L
2026-05-10 23:08:07;PT104;FT_01;12.1;m3/h;OK;LOT=L26130-L1-T3;OP=CESTARO_L
2026-05-10 23:08:37;PT104;TT_03;72.5;C;OK;LOT=L26130-L1-T3;OP=CESTARO_L
2026-05-10 23:08:37;PT104;T_CUORE;72.8;C;WARN;LOT=L26130-L1-T3;OP=CESTARO_L
2026-05-10 23:09:07;PT104;TT_02;74.4;C;OK;LOT=L26130-L1-T3;OP=CESTARO_L
2026-05-10 23:09:07;PT104;T_CUORE;72.8;C;WARN;LOT=L26130-L1-T3;OP=CESTARO_L
2026-05-10 23:09:37;PT104;TT_01;73.9;C;OK;LOT=L26130-L1-T3;OP=CESTARO_L
2026-05-10 23:09:37;PT104;SPEED;4.2;m/min;OK;LOT=L26130-L1-T3;OP=CESTARO_L
2026-05-10 23:09:37;PT104;T_CUORE;72.9;C;WARN;LOT=L26130-L1-T3;OP=CESTARO_L
2026-05-10 23:10:07;PT104;TT_01;73.5;C;OK;LOT=L26130-L1-T3;OP=CESTARO_L
2026-05-10 23:10:07;PT104;TT_02;74.6;C;OK;LOT=L26130-L1-T3;OP=CESTARO_L
2026-05-10 23:10:07;PT104;TT_03;72.5;C;OK;LOT=L26130-L1-T3;OP=CESTARO_L
2026-05-10 23:10:07;PT104;FT_01;12.6;m3/h;OK;LOT=L26130-L1-T3;OP=CESTARO_L
2026-05-10 23:10:07;PT104;SPEED;4.2;m/min;OK;LOT=L26130-L1-T3;OP=CESTARO_L
2026-05-10 23:10:07;PT104;T_CUORE;72.7;C;WARN;LOT=L26130-L1-T3;OP=CESTARO_L
2026-05-10 23:10:37;PT104;TT_01;73.8;C;OK;LOT=L26130-L1-T3;OP=CESTARO_L
2026-05-10 23:10:37;PT104;TT_02;74.6;C;OK;LOT=L26130-L1-T3;OP=CESTARO_L
2026-05-10 23:10:37;PT104;TT_03;72.7;C;OK;LOT=L26130-L1-T3;OP=CESTARO_L
2026-05-10 23:10:37;PT104;FT_01;12.6;m3/h;OK;LOT=L26130-L1-T3;OP=CESTARO_L
2026-05-10 23:10:37;PT104;SPEED;4.2;m/min;OK;LOT=L26130-L1-T3;OP=CESTARO_L
2026-05-10 23:10:37;PT104;T_CUORE;73.1;C;OK;LOT=L26130-L1-T3;OP=CESTARO_L
2026-05-10 23:11:07;PT104;TT_01;73.9;C;OK;LOT=L26130-L1-T3;OP=CESTARO_L
2026-05-10 23:11:07;PT104;TT_02;74.6;C;OK;LOT=L26130-L1-T3;OP=CESTARO_L
2026-05-10 23:11:07;PT104;TT_03;72.5;C;OK;LOT=L26130-L1-T3;OP=CESTARO_L
2026-05-10 23:11:07;PT104;FT_01;12.2;m3/h;OK;LOT=L26130-L1-T3;OP=CESTARO_L
2026-05-10 23:11:07;PT104;SPEED;4.2;m/min;OK;LOT=L26130-L1-T3;OP=CESTARO_L
2026-05-10 23:11:07;PT104;T_CUORE;72.9;C;WARN;LOT=L26130-L1-T3;OP=CESTARO_L
2026-05-10 23:11:37;PT104;TT_01;73.7;C;OK;LOT=L26130-L1-T3;OP=CESTARO_L
2026-05-10 23:11:37;PT104;TT_02;74.3;C;OK;LOT=L26130-L1-T3;OP=CESTARO_L
2026-05-10 23:11:37;PT104;TT_03;72.5;C;OK;LOT=L26130-L1-T3;OP=CESTARO_L
2026-05-10 23:11:37;PT104;FT_01;12.9;m3/h;OK;LOT=L26130-L1-T3;OP=CESTARO_L
2026-05-10 23:11:37;PT104;SPEED;4.2;m/min;OK;LOT=L26130-L1-T3;OP=CESTARO_L
2026-05-10 23:11:37;PT104;T_CUORE;72.9;C;WARN;LOT=L26130-L1-T3;OP=CESTARO_L
2026-05-10 23:12:07;PT104;TT_01;74.1;C;OK;LOT=L26130-L1-T3;OP=CESTARO_L
2026-05-10 23:12:07;PT104;TT_02;74.5;C;OK;LOT=L26130-L1-T3;OP=CESTARO_L
2026-05-10 23:12:07;PT104;TT_03;72.4;C;OK;LOT=L26130-L1-T3;OP=CESTARO_L
2026-05-10 23:12:07;PT104;FT_01;12.3;m3/h;OK;LOT=L26130-L1-T3;OP=CESTARO_L
2026-05-10 23:12:07;PT104;SPEED;4.2;m/min;OK;LOT=L26130-L1-T3;OP=CESTARO_L
2026-05-10 23:12:07;PT104;T_CUORE;73.0;C;WARN;LOT=L26130-L1-T3;OP=CESTARO_L
2026-05-10 23:12:09;PT104;EVT;PROD_END;TOT_SHIFT=SEE_EXPORT;OK;LOT=L26130-L1-T3;OP=CESTARO_L
=====================================================================
EXPORT GIORNALIERO - TermoLog SCADA v2.3.1 build 4402
Impianto: PASTORIZZATORE PT104 - LINEA 1
Data rif.: 10/05/2026  -  UnitÃ  di misura: Â°C ; m3/h ; m/min
Campioni acquisiti: 12390  -  Campioni validi: 12293
Sonda T_CUORE: anomalia rilevata (vedi codice guasto) - validitÃ  parziale
Allarmi attivi nel periodo: ALM_LOW_TEMP(1) DEV_CCP2(1) MACHINE_STOP(1) SENSOR_FAULT(1) RTC_BATT_LOW(1)
Durata esercizio: 13h 01m  -  Durata fermo: 3h 40m  -  Motivo fermo: INTERLOCK_DOWNSTREAM=PKM450
Temperatura minima registrata TT_02: 68.6 C alle 14:30:37
Permanenza sotto soglia 72.0 Â°C: 27 min ca. - verificare registro CCP2 (MOD-QA-12)
Operatori turno: RANZATO_F / POPESCU_I / CESTARO_L - Resp. produzione: ZANELLA_D
File generato automaticamente - non modificare - proprietÃ  Aurora Food Group S.r.l.
Percorso archivio: \\SRV-AFG01\produzione\datalogger\PT104\2026\05\
Checksum: 8f3aï¿½ï¿½41bc â€“ verifica integritÃ  fallita
=====================================================================
